{"AAPL": {"p": 88.51330761283671, "d1_open": 87.95021220263737, "h1_open": 88.46025421232386, "m5_open": 88.70322987136849, "m1_open": 88.55707213065133, "reversion_strength": {"s1": 0.008338960049529932, "m1": 0.001351140996985631, "m5": 0.013839264509730786, "h1": 0.04009322855887123, "d1": 0.05}, "garch_variance": 1.1399713141684685e-06, "prev_return": -0.0004943177822194202, "boundary_trend": 1}, "GOOG": {"p": 175.76500121363085, "d1_open": 175.76656301755804, "h1_open": 171.25338368742615, "m5_open": 176.9830472237931, "m1_open": 175.7738973480692, "reversion_strength": {"s1": 0.0062823601171641975, "m1": 0.013292119646085305, "m5": 0.03312992683192555, "h1": 0.04623311401955329, "d1": 0.05}, "garch_variance": 1.56077623022936e-06, "prev_return": -5.061251814028502e-05, "boundary_trend": 0}, "AMZN": {"p": 164.84287762216383, "d1_open": 169.8941041712876, "h1_open": 168.5021874081404, "m5_open": 165.97203526807792, "m1_open": 165.26750937728963, "reversion_strength": {"s1": 0.002645480578274048, "m1": 0.009447304871809989, "m5": 0.011715152974709363, "h1": 0.04320287271163793, "d1": 0.05}, "garch_variance": 1.6307363614869309e-06, "prev_return": -0.0025726666354948715, "boundary_trend": 0}, "MSFT": {"p": 164.56459140571047, "d1_open": 164.41906387237157, "h1_open": 164.11163536945244, "m5_open": 164.86538378697605, "m1_open": 164.4991497599195, "reversion_strength": {"s1": 0.00502554902391116, "m1": 0.0038098335627198736, "m5": 0.0032918974962767448, "h1": 0.046518504108642444, "d1": 0.05}, "garch_variance": 1.424808775371118e-06, "prev_return": 0.00039774450033230326, "boundary_trend": 0}, "NVDA": {"p": 98.0405027327933, "d1_open": 97.6331941946038, "h1_open": 97.10451824378742, "m5_open": 97.9039874814135, "m1_open": 97.99097543315425, "reversion_strength": {"s1": 0.0011925680738830492, "m1": 0.020956231791063703, "m5": 0.022867711633453934, "h1": 0.013888096527728985, "d1": 0.05}, "garch_variance": 1.2626208747054435e-06, "prev_return": 0.0005052994667615196, "boundary_trend": 0}}