{"AAPL": {"p": 88.87292066416249, "d1_open": 87.95021220263737, "h1_open": 88.46025421232386, "m5_open": 89.03357672469552, "m1_open": 88.81557516902407, "reversion_strength": {"s1": 0.008338960049529932, "m1": 0.001351140996985631, "m5": 0.013839264509730786, "h1": 0.04009322855887123, "d1": 0.05}, "garch_variance": 1.4650844186871504e-06, "prev_return": 0.0006454610002798416, "boundary_trend": 0}, "GOOG": {"p": 178.1650726629996, "d1_open": 175.76656301755804, "h1_open": 171.25338368742615, "m5_open": 176.00094393463888, "m1_open": 178.3015821935114, "reversion_strength": {"s1": 0.0062823601171641975, "m1": 0.013292119646085305, "m5": 0.03312992683192555, "h1": 0.04623311401955329, "d1": 0.05}, "garch_variance": 2.9574678870947764e-06, "prev_return": -0.000765903544273328, "boundary_trend": 0}, "AMZN": {"p": 163.75058553144015, "d1_open": 169.8941041712876, "h1_open": 168.5021874081404, "m5_open": 164.8373761347526, "m1_open": 163.8930489001267, "reversion_strength": {"s1": 0.002645480578274048, "m1": 0.009447304871809989, "m5": 0.011715152974709363, "h1": 0.04320287271163793, "d1": 0.05}, "garch_variance": 1.2613737081523129e-06, "prev_return": -0.000869623961483734, "boundary_trend": 1}, "MSFT": {"p": 165.0445910353469, "d1_open": 164.41906387237157, "h1_open": 164.11163536945244, "m5_open": 164.7490011824109, "m1_open": 165.0980862923766, "reversion_strength": {"s1": 0.00502554902391116, "m1": 0.0038098335627198736, "m5": 0.0032918974962767448, "h1": 0.046518504108642444, "d1": 0.05}, "garch_variance": 1.4313358988272024e-06, "prev_return": -0.00032407356680380194, "boundary_trend": 0}, "NVDA": {"p": 95.91122851954721, "d1_open": 97.6331941946038, "h1_open": 97.10451824378742, "m5_open": 96.08787727464433, "m1_open": 95.80274145182146, "reversion_strength": {"s1": 0.0011925680738830492, "m1": 0.020956231791063703, "m5": 0.022867711633453934, "h1": 0.013888096527728985, "d1": 0.05}, "garch_variance": 1.0278376095448509e-06, "prev_return": 0.0011317597702646114, "boundary_trend": 0}}