{"AAPL": {"p": 90.14643786282306, "d1_open": 87.95021220263737, "h1_open": 89.92327454616381, "m5_open": 90.15687344452704, "m1_open": 90.15687344452704, "reversion_strength": {"s1": 0.008338960049529932, "m1": 0.001351140996985631, "m5": 0.013839264509730786, "h1": 0.04009322855887123, "d1": 0.05}, "garch_variance": 1.3087736727703592e-06, "prev_return": -0.00011575585206905727, "boundary_trend": 0}, "GOOG": {"p": 176.6086553907501, "d1_open": 175.76656301755804, "h1_open": 183.39762262224193, "m5_open": 176.21690516150224, "m1_open": 176.21690516150224, "reversion_strength": {"s1": 0.0062823601171641975, "m1": 0.013292119646085305, "m5": 0.03312992683192555, "h1": 0.04623311401955329, "d1": 0.05}, "garch_variance": 1.6264861455896836e-06, "prev_return": 0.0022206463138338363, "boundary_trend": 0}, "AMZN": {"p": 172.01472282324983, "d1_open": 169.8941041712876, "h1_open": 168.9436681978484, "m5_open": 171.9035592650451, "m1_open": 171.9035592650451, "reversion_strength": {"s1": 0.002645480578274048, "m1": 0.009447304871809989, "m5": 0.011715152974709363, "h1": 0.04320287271163793, "d1": 0.05}, "garch_variance": 1.7550557016768112e-06, "prev_return": 0.0006464533458414972, "boundary_trend": -1}, "MSFT": {"p": 162.19291455734546, "d1_open": 164.41906387237157, "h1_open": 162.58297699275926, "m5_open": 162.17743441135158, "m1_open": 162.17743441135158, "reversion_strength": {"s1": 0.00502554902391116, "m1": 0.0038098335627198736, "m5": 0.0032918974962767448, "h1": 0.046518504108642444, "d1": 0.05}, "garch_variance": 1.6268207024358816e-06, "prev_return": 9.544735549879774e-05, "boundary_trend": 0}, "NVDA": {"p": 97.68945297502081, "d1_open": 97.6331941946038, "h1_open": 98.32781845318762, "m5_open": 97.57309042251282, "m1_open": 97.57309042251282, "reversion_strength": {"s1": 0.0011925680738830492, "m1": 0.020956231791063703, "m5": 0.022867711633453934, "h1": 0.013888096527728985, "d1": 0.05}, "garch_variance": 1.455955090801367e-06, "prev_return": 0.0011918575294366796, "boundary_trend": -1}}