{"AAPL": {"p": 87.06486489145416, "d1_open": 87.95021220263737, "h1_open": 87.95021220263737, "m5_open": 87.11219997474055, "m1_open": 87.08233911448346, "reversion_strength": {"s1": 0.008338960049529932, "m1": 0.001351140996985631, "m5": 0.013839264509730786, "h1": 0.04009322855887123, "d1": 0.05}, "garch_variance": 1.0026236050174488e-06, "prev_return": -0.00020068336081181294, "boundary_trend": 0}, "GOOG": {"p": 180.0952156041839, "d1_open": 175.76656301755804, "h1_open": 175.76656301755804, "m5_open": 178.35640006387555, "m1_open": 179.8873433265816, "reversion_strength": {"s1": 0.0062823601171641975, "m1": 0.013292119646085305, "m5": 0.03312992683192555, "h1": 0.04623311401955329, "d1": 0.05}, "garch_variance": 1.7297077022887556e-06, "prev_return": 0.0011549020670596564, "boundary_trend": 0}, "AMZN": {"p": 166.26012903457354, "d1_open": 169.8941041712876, "h1_open": 169.8941041712876, "m5_open": 168.11881636625415, "m1_open": 166.31876728002499, "reversion_strength": {"s1": 0.002645480578274048, "m1": 0.009447304871809989, "m5": 0.011715152974709363, "h1": 0.04320287271163793, "d1": 0.05}, "garch_variance": 9.473806662241679e-07, "prev_return": -0.00035262758226010433, "boundary_trend": 1}, "MSFT": {"p": 163.70548896108798, "d1_open": 164.41906387237157, "h1_open": 164.41906387237157, "m5_open": 163.74803250674702, "m1_open": 163.6211902785363, "reversion_strength": {"s1": 0.00502554902391116, "m1": 0.0038098335627198736, "m5": 0.0032918974962767448, "h1": 0.046518504108642444, "d1": 0.05}, "garch_variance": 9.896359306474833e-07, "prev_return": 0.0005150737154161933, "boundary_trend": 1}, "NVDA": {"p": 96.48424633792698, "d1_open": 97.6331941946038, "h1_open": 97.6331941946038, "m5_open": 96.8067360841174, "m1_open": 96.47096171663293, "reversion_strength": {"s1": 0.0011925680738830492, "m1": 0.020956231791063703, "m5": 0.022867711633453934, "h1": 0.013888096527728985, "d1": 0.05}, "garch_variance": 1.2682864568198445e-06, "prev_return": 0.00013769642653317226, "boundary_trend": 0}}: 0}}