{"AAPL": {"p": 58.44987675603173, "d1_open": 58.881026803928506, "h1_open": 58.18002329517424, "m5_open": 58.56801790457984, "m1_open": 58.56801790457984, "band": {"m1": 0.0020171614607240144, "m5": 0.00504699795324469, "h1": 0.011303119036460984, "d1": 0.037018994497867}, "garch_variance": 5.3990043508004125e-06, "prev_return": -0.00040349525406517496, "boundary_trend": 1, "trend_ou": -0.18063663269858585, "reversion_strength": {"s1": 0.008338960049529932, "m1": 0.001351140996985631, "m5": 0.013839264509730786, "h1": 0.04009322855887123, "d1": 0.05}}, "GOOG": {"p": 116.98525066037088, "d1_open": 119.02146768303125, "h1_open": 117.8132584785911, "m5_open": 116.88775361734564, "m1_open": 116.88775361734564, "band": {"m1": 0.0018371234817760587, "m5": 0.0046846785097313165, "h1": 0.01018746448582055, "d1": 0.03223662183587153}, "garch_variance": 3.6335254115825194e-06, "prev_return": 0.002672573666922769, "boundary_trend": 0, "trend_ou": -0.13602505905100082, "reversion_strength": {"s1": 0.0062823601171641975, "m1": 0.013292119646085305, "m5": 0.03312992683192555, "h1": 0.04623311401955329, "d1": 0.05}}, "AMZN": {"p": 156.1370179073145, "d1_open": 158.98498094367304, "h1_open": 156.39399479459698, "m5_open": 155.8316152576379, "m1_open": 155.8316152576379, "band": {"m1": 0.0019598247067622635, "m5": 0.004931609961723801, "h1": 0.010947816167309863, "d1": 0.035495950714124556}, "garch_variance": 4.42302049113649e-06, "prev_return": 0.0, "boundary_trend": -1, "trend_ou": 0.10232700820943776, "reversion_strength": {"s1": 0.002645480578274048, "m1": 0.009447304871809989, "m5": 0.011715152974709363, "h1": 0.04320287271163793, "d1": 0.05}}, "MSFT": {"p": 132.92135879803112, "d1_open": 137.08846618531726, "h1_open": 133.29083440032448, "m5_open": 132.67300009600453, "m1_open": 132.67300009600453, "band": {"m1": 0.0018719611514541143, "m5": 0.004754787967551351, "h1": 0.010403345628994604, "d1": 0.03316201946613555}, "garch_variance": 3.3393258502620617e-06, "prev_return": 0.0, "boundary_trend": -1, "trend_ou": -0.008992370745068935, "reversion_strength": {"s1": 0.00502554902391116, "m1": 0.0038098335627198736, "m5": 0.0032918974962767448, "h1": 0.046518504108642444, "d1": 0.05}}, "NVDA": {"p": 77.57900944227575, "d1_open": 77.58920212535816, "h1_open": 77.08644892077346, "m5_open": 77.73335286764028, "m1_open": 77.73335286764028, "band": {"m1": 0.001985549570045407, "m5": 0.004983380250435498, "h1": 0.011107227314636385, "d1": 0.03617928366208238}, "garch_variance": 3.902524184760769e-06, "prev_return": 0.0, "boundary_trend": 1, "trend_ou": 0.23850595477360526, "reversion_strength": {"s1": 0.0011925680738830492, "m1": 0.020956231791063703, "m5": 0.022867711633453934, "h1": 0.013888096527728985, "d1": 0.05}}}