{"AAPL": {"p": 90.30861622562679, "d1_open": 87.95021220263737, "h1_open": 89.92327454616381, "m5_open": 90.00702004038511, "m1_open": 90.23060752599976, "reversion_strength": {"s1": 0.008338960049529932, "m1": 0.001351140996985631, "m5": 0.013839264509730786, "h1": 0.04009322855887123, "d1": 0.05}, "garch_variance": 1.3309930948761474e-06, "prev_return": 0.0008641745861173815, "boundary_trend": 0}, "GOOG": {"p": 174.9185794246328, "d1_open": 175.76656301755804, "h1_open": 183.39762262224193, "m5_open": 178.67111769756372, "m1_open": 174.9185794246328, "reversion_strength": {"s1": 0.0062823601171641975, "m1": 0.013292119646085305, "m5": 0.03312992683192555, "h1": 0.04623311401955329, "d1": 0.05}, "garch_variance": 3.878908387359584e-06, "prev_return": 0.0, "boundary_trend": 1}, "AMZN": {"p": 171.3811273156485, "d1_open": 169.8941041712876, "h1_open": 168.9436681978484, "m5_open": 169.91300244896334, "m1_open": 171.32703802874067, "reversion_strength": {"s1": 0.002645480578274048, "m1": 0.009447304871809989, "m5": 0.011715152974709363, "h1": 0.04320287271163793, "d1": 0.05}, "garch_variance": 1.7546750183787672e-06, "prev_return": 0.00031565800191898745, "boundary_trend": 0}, "MSFT": {"p": 162.36858209990896, "d1_open": 164.41906387237157, "h1_open": 162.58297699275926, "m5_open": 162.7130691563188, "m1_open": 162.74183765813396, "reversion_strength": {"s1": 0.00502554902391116, "m1": 0.0038098335627198736, "m5": 0.0032918974962767448, "h1": 0.046518504108642444, "d1": 0.05}, "garch_variance": 1.5403981930412664e-06, "prev_return": -0.002296178156946697, "boundary_trend": 0}, "NVDA": {"p": 97.28424267796596, "d1_open": 97.6331941946038, "h1_open": 98.32781845318762, "m5_open": 97.44144163053703, "m1_open": 97.16836279071028, "reversion_strength": {"s1": 0.0011925680738830492, "m1": 0.020956231791063703, "m5": 0.022867711633453934, "h1": 0.013888096527728985, "d1": 0.05}, "garch_variance": 1.1332306244585795e-06, "prev_return": 0.0011918575294366796, "boundary_trend": -1}}