{"AAPL": {"p": 89.16418891646545, "d1_open": 87.95021220263737, "h1_open": 89.17288531883615, "m5_open": 89.23029964044447, "m1_open": 89.16806468266196, "reversion_strength": {"s1": 0.008338960049529932, "m1": 0.001351140996985631, "m5": 0.013839264509730786, "h1": 0.04009322855887123, "d1": 0.05}, "garch_variance": 1.2802416404511512e-06, "prev_return": -4.346679996357222e-05, "boundary_trend": 0}, "GOOG": {"p": 180.45629469710622, "d1_open": 175.76656301755804, "h1_open": 176.0396410021823, "m5_open": 174.7021282799731, "m1_open": 180.0778279114585, "reversion_strength": {"s1": 0.0062823601171641975, "m1": 0.013292119646085305, "m5": 0.03312992683192555, "h1": 0.04623311401955329, "d1": 0.05}, "garch_variance": 2.7328611255911104e-06, "prev_return": 0.0020994790835715217, "boundary_trend": 0}, "AMZN": {"p": 162.21637606877167, "d1_open": 169.8941041712876, "h1_open": 162.3870609310141, "m5_open": 164.0504181450035, "m1_open": 162.4284371986658, "reversion_strength": {"s1": 0.002645480578274048, "m1": 0.009447304871809989, "m5": 0.011715152974709363, "h1": 0.04320287271163793, "d1": 0.05}, "garch_variance": 1.2563423687886759e-06, "prev_return": -0.0013064195168915034, "boundary_trend": 0}, "MSFT": {"p": 164.37092373432006, "d1_open": 164.41906387237157, "h1_open": 164.33550431317852, "m5_open": 163.83160687782794, "m1_open": 164.20332288525492, "reversion_strength": {"s1": 0.00502554902391116, "m1": 0.0038098335627198736, "m5": 0.0032918974962767448, "h1": 0.046518504108642444, "d1": 0.05}, "garch_variance": 1.5265695016575234e-06, "prev_return": 0.0010201704200819056, "boundary_trend": -1}, "NVDA": {"p": 98.99381066872924, "d1_open": 97.6331941946038, "h1_open": 98.01165686841159, "m5_open": 98.52543670603224, "m1_open": 99.11200848578781, "reversion_strength": {"s1": 0.0011925680738830492, "m1": 0.020956231791063703, "m5": 0.022867711633453934, "h1": 0.013888096527728985, "d1": 0.05}, "garch_variance": 1.2302553188440563e-06, "prev_return": -0.0011932797490587675, "boundary_trend": 1}}