{"AAPL": {"p": 57.919574949562815, "d1_open": 58.881026803928506, "h1_open": 57.95099828715578, "m5_open": 57.95099828715578, "m1_open": 57.83401468657339, "band": {"m1": 0.0020377133744049545, "m5": 0.005088357881697151, "h1": 0.011430474587531346, "d1": 0.037564917700925356}, "garch_variance": 6.510543080645862e-06, "prev_return": 0.0035181098361059377, "boundary_trend": 0, "trend_ou": -0.17730229166035757, "reversion_strength": {"s1": 0.008338960049529932, "m1": 0.001351140996985631, "m5": 0.013839264509730786, "h1": 0.04009322855887123, "d1": 0.05}}, "GOOG": {"p": 116.46035793173462, "d1_open": 119.02146768303125, "h1_open": 116.73471203161151, "m5_open": 116.73471203161151, "m1_open": 116.68834941778424, "band": {"m1": 0.0019538496104125813, "m5": 0.0049195853122747995, "h1": 0.010910789849462975, "d1": 0.03533723343901134}, "garch_variance": 4.351297699764434e-06, "prev_return": 0.0, "boundary_trend": 1, "trend_ou": -0.13016280972439595, "reversion_strength": {"s1": 0.0062823601171641975, "m1": 0.013292119646085305, "m5": 0.03312992683192555, "h1": 0.04623311401955329, "d1": 0.05}}, "AMZN": {"p": 154.6305130616495, "d1_open": 158.98498094367304, "h1_open": 155.272478808972, "m5_open": 155.272478808972, "m1_open": 154.95262476543664, "band": {"m1": 0.0020787753952198743, "m5": 0.005170993604549257, "h1": 0.011684926623975838, "d1": 0.03865565359420223}, "garch_variance": 6.9883802732854575e-06, "prev_return": -0.004157556779139922, "boundary_trend": 1, "trend_ou": 0.11952998132337855, "reversion_strength": {"s1": 0.002645480578274048, "m1": 0.009447304871809989, "m5": 0.011715152974709363, "h1": 0.04320287271163793, "d1": 0.05}}, "MSFT": {"p": 133.13612796034812, "d1_open": 137.08846618531726, "h1_open": 133.13886604045118, "m5_open": 133.13886604045118, "m1_open": 132.8963606571266, "band": {"m1": 0.001804167563626072, "m5": 0.004618356003811455, "h1": 0.00998324413037435, "d1": 0.031361209420488784}, "garch_variance": 2.83498264766865e-06, "prev_return": 0.0020524598294185703, "boundary_trend": -1, "trend_ou": -0.019488733974787446, "reversion_strength": {"s1": 0.00502554902391116, "m1": 0.0038098335627198736, "m5": 0.0032918974962767448, "h1": 0.046518504108642444, "d1": 0.05}}, "NVDA": {"p": 77.2276164720638, "d1_open": 77.58920212535816, "h1_open": 77.04681052606045, "m5_open": 77.04681052606045, "m1_open": 77.15729407452957, "band": {"m1": 0.0019247161495028178, "m5": 0.004860955353162144, "h1": 0.010730256395189538, "d1": 0.03456335746118535}, "garch_variance": 4.479466054580829e-06, "prev_return": 0.002837571775728821, "boundary_trend": 0, "trend_ou": 0.24569403359825084, "reversion_strength": {"s1": 0.0011925680738830492, "m1": 0.020956231791063703, "m5": 0.022867711633453934, "h1": 0.013888096527728985, "d1": 0.05}}}