{"AAPL": {"p": 58.278298893678986, "d1_open": 58.881026803928506, "h1_open": 58.18002329517424, "m5_open": 58.15911105778575, "m1_open": 58.159760132606046, "band": {"m1": 0.0020381576678216657, "m5": 0.005089252004950701, "h1": 0.011433227773137348, "d1": 0.03757671952575365}, "garch_variance": 5.712810024870152e-06, "prev_return": 0.004076320980113093, "boundary_trend": -1, "trend_ou": -0.17541156901965008, "reversion_strength": {"s1": 0.008338960049529932, "m1": 0.001351140996985631, "m5": 0.013839264509730786, "h1": 0.04009322855887123, "d1": 0.05}}, "GOOG": {"p": 117.35097559134482, "d1_open": 119.02146768303125, "h1_open": 117.8132584785911, "m5_open": 117.14997706907036, "m1_open": 117.56597208883798, "band": {"m1": 0.0018287306579721425, "m5": 0.004667788277637455, "h1": 0.010135456058908195, "d1": 0.03201368214641637}, "garch_variance": 4.028805721424788e-06, "prev_return": -0.002942661370012803, "boundary_trend": 1, "trend_ou": -0.14448436643455792, "reversion_strength": {"s1": 0.0062823601171641975, "m1": 0.013292119646085305, "m5": 0.03312992683192555, "h1": 0.04623311401955329, "d1": 0.05}}, "AMZN": {"p": 155.07628122389514, "d1_open": 158.98498094367304, "h1_open": 156.39399479459698, "m5_open": 155.38367279067052, "m1_open": 155.38207071200483, "band": {"m1": 0.00196798438010558, "m5": 0.004948030987566665, "h1": 0.010998379813660513, "d1": 0.03571269719703843}, "garch_variance": 5.907231891396935e-06, "prev_return": -0.003935973841509398, "boundary_trend": 1, "trend_ou": 0.10989250336390204, "reversion_strength": {"s1": 0.002645480578274048, "m1": 0.009447304871809989, "m5": 0.011715152974709363, "h1": 0.04320287271163793, "d1": 0.05}}, "MSFT": {"p": 133.1401648978386, "d1_open": 137.08846618531726, "h1_open": 133.29083440032448, "m5_open": 133.3837984241093, "m1_open": 133.38318560001244, "band": {"m1": 0.0018219740447840806, "m5": 0.0046541908558898944, "h1": 0.01009358685834159, "d1": 0.03183420533609511}, "garch_variance": 3.107734230785415e-06, "prev_return": -0.0005973173145643179, "boundary_trend": 1, "trend_ou": -0.014023988309293288, "reversion_strength": {"s1": 0.00502554902391116, "m1": 0.0038098335627198736, "m5": 0.0032918974962767448, "h1": 0.046518504108642444, "d1": 0.05}}, "NVDA": {"p": 77.18584914876932, "d1_open": 77.58920212535816, "h1_open": 77.08644892077346, "m5_open": 77.22169770620975, "m1_open": 77.0322797511586, "band": {"m1": 0.001993572020804915, "m5": 0.004999525121155463, "h1": 0.011156940623736136, "d1": 0.03639238508334177}, "garch_variance": 4.171718752686949e-06, "prev_return": 0.0, "boundary_trend": -1, "trend_ou": 0.23612948013029814, "reversion_strength": {"s1": 0.0011925680738830492, "m1": 0.020956231791063703, "m5": 0.022867711633453934, "h1": 0.013888096527728985, "d1": 0.05}}}