{"AAPL": {"p": 90.08112735967572, "d1_open": 87.95021220263737, "h1_open": 90.36175952352136, "m5_open": 90.04509242433437, "m1_open": 90.04509242433437, "band": {"m1": 0.0038098602039208927, "m5": 0.008642273401164875, "h1": 0.018215293485998683, "d1": 0.05807555612344934}, "garch_variance": 1.0684345853799894e-05, "prev_return": 0.004217243819490225, "boundary_trend": 0, "trend_ou": 0.07046301214647656, "reversion_strength": {"s1": 0.008338960049529932, "m1": 0.001351140996985631, "m5": 0.013839264509730786, "h1": 0.04009322855887123, "d1": 0.05}}, "GOOG": {"p": 178.27224312815628, "d1_open": 175.76656301755804, "h1_open": 175.77288560235982, "m5_open": 177.51126941916402, "m1_open": 177.51126941916402, "band": {"m1": 0.004286903651144173, "m5": 0.009602304819755754, "h1": 0.021171423608419716, "d1": 0.07074732434655405}, "garch_variance": 1.1586474142032262e-05, "prev_return": 0.0028247196830011026, "boundary_trend": -1, "trend_ou": 0.014854894925486604, "reversion_strength": {"s1": 0.0062823601171641975, "m1": 0.013292119646085305, "m5": 0.03312992683192555, "h1": 0.04623311401955329, "d1": 0.05}}, "AMZN": {"p": 169.7599976260413, "d1_open": 169.8941041712876, "h1_open": 168.9021703391811, "m5_open": 170.31451053171568, "m1_open": 170.31451053171568, "band": {"m1": 0.003255817158169361, "m5": 0.007527283279679568, "h1": 0.014782014303154338, "d1": 0.04335843737409493}, "garch_variance": 4.353324908713977e-06, "prev_return": 0.0, "boundary_trend": 1, "trend_ou": 0.07143504264753564, "reversion_strength": {"s1": 0.002645480578274048, "m1": 0.009447304871809989, "m5": 0.011715152974709363, "h1": 0.04320287271163793, "d1": 0.05}}, "MSFT": {"p": 161.16469130345394, "d1_open": 164.41906387237157, "h1_open": 160.00715142749434, "m5_open": 161.75082202015346, "m1_open": 161.75082202015346, "band": {"m1": 0.003623664531525508, "m5": 0.008267561838631749, "h1": 0.017061481104681538, "d1": 0.053129615835467325}, "garch_variance": 1.021331348714211e-05, "prev_return": -0.005627954787845947, "boundary_trend": 1, "trend_ou": 0.016062507394177243, "reversion_strength": {"s1": 0.00502554902391116, "m1": 0.0038098335627198736, "m5": 0.0032918974962767448, "h1": 0.046518504108642444, "d1": 0.05}}, "NVDA": {"p": 101.22985405566187, "d1_open": 97.6331941946038, "h1_open": 100.4340456706556, "m5_open": 100.86520081295372, "m1_open": 100.86520081295372, "band": {"m1": 0.0036152532267731637, "m5": 0.008250634414346609, "h1": 0.01700935815552041, "d1": 0.05290618523413318}, "garch_variance": 9.815143777694523e-06, "prev_return": 0.0006073749379197013, "boundary_trend": -1, "trend_ou": 0.035088999327016555, "reversion_strength": {"s1": 0.0011925680738830492, "m1": 0.020956231791063703, "m5": 0.022867711633453934, "h1": 0.013888096527728985, "d1": 0.05}}}