{"AAPL": {"p": 90.02903200082665, "d1_open": 87.95021220263737, "h1_open": 90.36175952352136, "m5_open": 90.19671077674973, "m1_open": 90.36469881883166, "band": {"m1": 0.0037145790601038034, "m5": 0.008450523798070823, "h1": 0.0176248578328608, "d1": 0.05554459049021354}, "garch_variance": 7.73035126884895e-06, "prev_return": -0.007429192289906666, "boundary_trend": 1, "trend_ou": 0.07203796581303874, "reversion_strength": {"s1": 0.008338960049529932, "m1": 0.001351140996985631, "m5": 0.013839264509730786, "h1": 0.04009322855887123, "d1": 0.05}}, "GOOG": {"p": 178.8629978749722, "d1_open": 175.76656301755804, "h1_open": 175.77288560235982, "m5_open": 178.31646596525604, "m1_open": 178.65272531661344, "band": {"m1": 0.003707363058890565, "m5": 0.008436001875756152, "h1": 0.017580141908820658, "d1": 0.055352910894981615}, "garch_variance": 5.834092368930843e-06, "prev_return": 0.0, "boundary_trend": -1, "trend_ou": 0.02059398153963206, "reversion_strength": {"s1": 0.0062823601171641975, "m1": 0.013292119646085305, "m5": 0.03312992683192555, "h1": 0.04623311401955329, "d1": 0.05}}, "AMZN": {"p": 170.79934623216835, "d1_open": 169.8941041712876, "h1_open": 168.9021703391811, "m5_open": 171.3185104820652, "m1_open": 171.03754083887858, "band": {"m1": 0.003375270847270023, "m5": 0.007767679191772552, "h1": 0.015522241740802183, "d1": 0.046531501526823796}, "garch_variance": 7.207865115002919e-06, "prev_return": -0.004233223965988192, "boundary_trend": 0, "trend_ou": 0.06715159394795209, "reversion_strength": {"s1": 0.002645480578274048, "m1": 0.009447304871809989, "m5": 0.011715152974709363, "h1": 0.04320287271163793, "d1": 0.05}}, "MSFT": {"p": 159.91276667139948, "d1_open": 164.41906387237157, "h1_open": 160.00715142749434, "m5_open": 160.8534633646115, "m1_open": 160.51799498816436, "band": {"m1": 0.0037704702006121026, "m5": 0.008563002548635715, "h1": 0.01797120256308348, "d1": 0.05702923425247163}, "garch_variance": 9.439749249639598e-06, "prev_return": 0.0, "boundary_trend": 1, "trend_ou": 0.01489751496789188, "reversion_strength": {"s1": 0.00502554902391116, "m1": 0.0038098335627198736, "m5": 0.0032918974962767448, "h1": 0.046518504108642444, "d1": 0.05}}, "NVDA": {"p": 102.17326261768868, "d1_open": 97.6331941946038, "h1_open": 100.4340456706556, "m5_open": 101.70654718253269, "m1_open": 102.00611667298323, "band": {"m1": 0.0036648996449113406, "m5": 0.008350545903563317, "h1": 0.017317005756557226, "d1": 0.054224949609613354}, "garch_variance": 8.225618786553694e-06, "prev_return": 0.0, "boundary_trend": -1, "trend_ou": 0.041388805437581444, "reversion_strength": {"s1": 0.0011925680738830492, "m1": 0.020956231791063703, "m5": 0.022867711633453934, "h1": 0.013888096527728985, "d1": 0.05}}}