{"AAPL": {"p": 57.79828395725177, "d1_open": 58.881026803928506, "h1_open": 57.95099828715578, "m5_open": 57.95099828715578, "m1_open": 57.91831008336639, "band": {"m1": 0.0020723347408076135, "m5": 0.005158032037572397, "h1": 0.011645015348332056, "d1": 0.03848456963865827}, "garch_variance": 6.167902974234619e-06, "prev_return": 0.0, "boundary_trend": 1, "trend_ou": -0.18022065654055025, "reversion_strength": {"s1": 0.008338960049529932, "m1": 0.001351140996985631, "m5": 0.013839264509730786, "h1": 0.04009322855887123, "d1": 0.05}}, "GOOG": {"p": 116.17099145683495, "d1_open": 119.02146768303125, "h1_open": 116.73471203161151, "m5_open": 116.73471203161151, "m1_open": 116.16925658878762, "band": {"m1": 0.001908874228861575, "m5": 0.0048290741028589644, "h1": 0.010632087603484781, "d1": 0.03414254642658645}, "garch_variance": 4.109694610876267e-06, "prev_return": 0.0, "boundary_trend": 1, "trend_ou": -0.11983824278254437, "reversion_strength": {"s1": 0.0062823601171641975, "m1": 0.013292119646085305, "m5": 0.03312992683192555, "h1": 0.04623311401955329, "d1": 0.05}}, "AMZN": {"p": 154.45475624914312, "d1_open": 158.98498094367304, "h1_open": 155.272478808972, "m5_open": 155.272478808972, "m1_open": 154.6276492881448, "band": {"m1": 0.0021261690611284975, "m5": 0.005266371517356393, "h1": 0.011978614430023541, "d1": 0.03991457781406734}, "garch_variance": 6.6341118301284446e-06, "prev_return": 0.0, "boundary_trend": 1, "trend_ou": 0.11375455306318683, "reversion_strength": {"s1": 0.002645480578274048, "m1": 0.009447304871809989, "m5": 0.011715152974709363, "h1": 0.04320287271163793, "d1": 0.05}}, "MSFT": {"p": 132.90056074164417, "d1_open": 137.08846618531726, "h1_open": 133.13886604045118, "m5_open": 133.13886604045118, "m1_open": 133.13796779039487, "band": {"m1": 0.0017831656340470635, "m5": 0.004576090435833862, "h1": 0.009853099932777998, "d1": 0.030803332385572514}, "garch_variance": 3.5946752470548117e-06, "prev_return": -0.0035663350480317417, "boundary_trend": 1, "trend_ou": -0.019385448931883053, "reversion_strength": {"s1": 0.00502554902391116, "m1": 0.0038098335627198736, "m5": 0.0032918974962767448, "h1": 0.046518504108642444, "d1": 0.05}}, "NVDA": {"p": 77.37490571439886, "d1_open": 77.58920212535816, "h1_open": 77.04681052606045, "m5_open": 77.04681052606045, "m1_open": 77.22781523464728, "band": {"m1": 0.001904630854889089, "m5": 0.0048205344774681766, "h1": 0.010605792376721311, "d1": 0.03402982912216423}, "garch_variance": 3.820280184953797e-06, "prev_return": 0.0035469731717336257, "boundary_trend": -1, "trend_ou": 0.23938212472375622, "reversion_strength": {"s1": 0.0011925680738830492, "m1": 0.020956231791063703, "m5": 0.022867711633453934, "h1": 0.013888096527728985, "d1": 0.05}}}