{"AAPL": {"p": 57.83401468657339, "d1_open": 58.881026803928506, "h1_open": 57.95099828715578, "m5_open": 57.95099828715578, "m1_open": 57.95099828715578, "band": {"m1": 0.0020186641134759416, "m5": 0.005050021983574588, "h1": 0.011312430634994344, "d1": 0.037058909661785655}, "garch_variance": 5.061972115181505e-06, "prev_return": -0.004037333711009178, "boundary_trend": 1, "trend_ou": -0.1827987370427207, "reversion_strength": {"s1": 0.008338960049529932, "m1": 0.001351140996985631, "m5": 0.013839264509730786, "h1": 0.04009322855887123, "d1": 0.05}}, "GOOG": {"p": 116.68834941778424, "d1_open": 119.02146768303125, "h1_open": 116.73471203161151, "m5_open": 116.73471203161151, "m1_open": 116.73471203161151, "band": {"m1": 0.001964649741597702, "m5": 0.00494132015702106, "h1": 0.010977715814609898, "d1": 0.03562411875302953}, "garch_variance": 4.6630997807710405e-06, "prev_return": 0.001569341118038175, "boundary_trend": 1, "trend_ou": -0.1337026064715003, "reversion_strength": {"s1": 0.0062823601171641975, "m1": 0.013292119646085305, "m5": 0.03312992683192555, "h1": 0.04623311401955329, "d1": 0.05}}, "AMZN": {"p": 154.95262476543664, "d1_open": 158.98498094367304, "h1_open": 155.272478808972, "m5_open": 155.272478808972, "m1_open": 155.272478808972, "band": {"m1": 0.0020599532253803877, "m5": 0.005133114718428632, "h1": 0.011568289903451327, "d1": 0.038155677805728073}, "garch_variance": 5.513112513207059e-06, "prev_return": -0.004119912278256303, "boundary_trend": 1, "trend_ou": 0.11834046548570117, "reversion_strength": {"s1": 0.002645480578274048, "m1": 0.009447304871809989, "m5": 0.011715152974709363, "h1": 0.04320287271163793, "d1": 0.05}}, "MSFT": {"p": 132.8963606571266, "d1_open": 137.08846618531726, "h1_open": 133.13886604045118, "m5_open": 133.13886604045118, "m1_open": 133.13886604045118, "band": {"m1": 0.0018214469638857906, "m5": 0.004653130126043498, "h1": 0.010090320657475699, "d1": 0.03182020441643708}, "garch_variance": 3.1079348268961933e-06, "prev_return": 0.0, "boundary_trend": 1, "trend_ou": -0.022752034625754224, "reversion_strength": {"s1": 0.00502554902391116, "m1": 0.0038098335627198736, "m5": 0.0032918974962767448, "h1": 0.046518504108642444, "d1": 0.05}}, "NVDA": {"p": 77.15729407452957, "d1_open": 77.58920212535816, "h1_open": 77.04681052606045, "m5_open": 77.04681052606045, "m1_open": 77.04681052606045, "band": {"m1": 0.001924904329468618, "m5": 0.004861334058038123, "h1": 0.010731422503787353, "d1": 0.034568356110521656}, "garch_variance": 4.943911467027536e-06, "prev_return": -0.0004901017207053212, "boundary_trend": -1, "trend_ou": 0.25062887568875586, "reversion_strength": {"s1": 0.0011925680738830492, "m1": 0.020956231791063703, "m5": 0.022867711633453934, "h1": 0.013888096527728985, "d1": 0.05}}}