{"AAPL": {"p": 90.21644982414091, "d1_open": 87.95021220263737, "h1_open": 89.92327454616381, "m5_open": 90.50176545036396, "m1_open": 90.28105551247398, "reversion_strength": {"s1": 0.008338960049529932, "m1": 0.001351140996985631, "m5": 0.013839264509730786, "h1": 0.04009322855887123, "d1": 0.05}, "garch_variance": 1.5368133743188976e-06, "prev_return": -0.0007158624267030152, "boundary_trend": 1}, "GOOG": {"p": 175.06718165594665, "d1_open": 175.76656301755804, "h1_open": 183.39762262224193, "m5_open": 176.28433549074282, "m1_open": 175.33291159222844, "reversion_strength": {"s1": 0.0062823601171641975, "m1": 0.013292119646085305, "m5": 0.03312992683192555, "h1": 0.04623311401955329, "d1": 0.05}, "garch_variance": 2.588961352528966e-06, "prev_return": -0.0015167232677366653, "boundary_trend": 0}, "AMZN": {"p": 173.31644057486122, "d1_open": 169.8941041712876, "h1_open": 168.9436681978484, "m5_open": 173.15970156494987, "m1_open": 173.02196670312946, "reversion_strength": {"s1": 0.002645480578274048, "m1": 0.009447304871809989, "m5": 0.011715152974709363, "h1": 0.04320287271163793, "d1": 0.05}, "garch_variance": 1.900373662771052e-06, "prev_return": 0.0017004983363343806, "boundary_trend": 0}, "MSFT": {"p": 162.40180405730823, "d1_open": 164.41906387237157, "h1_open": 162.58297699275926, "m5_open": 162.35352657717107, "m1_open": 162.52494953522952, "reversion_strength": {"s1": 0.00502554902391116, "m1": 0.0038098335627198736, "m5": 0.0032918974962767448, "h1": 0.046518504108642444, "d1": 0.05}, "garch_variance": 3.089238921095313e-06, "prev_return": -0.000757989192676921, "boundary_trend": 0}, "NVDA": {"p": 97.24241373448689, "d1_open": 97.6331941946038, "h1_open": 98.32781845318762, "m5_open": 97.57066371464782, "m1_open": 97.2993214679087, "reversion_strength": {"s1": 0.0011925680738830492, "m1": 0.020956231791063703, "m5": 0.022867711633453934, "h1": 0.013888096527728985, "d1": 0.05}, "garch_variance": 1.3369714993366104e-06, "prev_return": -0.0005850439751222609, "boundary_trend": 0}}