{"AAPL": {"p": 57.910766941074584, "d1_open": 58.881026803928506, "h1_open": 57.95099828715578, "m5_open": 57.79828395725177, "m1_open": 57.79050165431268, "band": {"m1": 0.0020810562863996726, "m5": 0.005175583809503834, "h1": 0.01169906078966203, "d1": 0.03871624120847669}, "garch_variance": 7.3449381134167405e-06, "prev_return": 0.0, "boundary_trend": -1, "trend_ou": -0.17939869961910393, "reversion_strength": {"s1": 0.008338960049529932, "m1": 0.001351140996985631, "m5": 0.013839264509730786, "h1": 0.04009322855887123, "d1": 0.05}}, "GOOG": {"p": 115.75971163981791, "d1_open": 119.02146768303125, "h1_open": 116.73471203161151, "m5_open": 116.17099145683495, "m1_open": 115.8466276594788, "band": {"m1": 0.0018939803030922084, "m5": 0.004799100655434039, "h1": 0.010539793321141733, "d1": 0.033746917105232}, "garch_variance": 4.103501120871996e-06, "prev_return": 0.0011452265423378424, "boundary_trend": 1, "trend_ou": -0.10905567224411833, "reversion_strength": {"s1": 0.0062823601171641975, "m1": 0.013292119646085305, "m5": 0.03312992683192555, "h1": 0.04623311401955329, "d1": 0.05}}, "AMZN": {"p": 153.93320113893725, "d1_open": 158.98498094367304, "h1_open": 155.272478808972, "m5_open": 154.45475624914312, "m1_open": 153.80095833522356, "band": {"m1": 0.0021567180013344458, "m5": 0.005327850073603362, "h1": 0.012167919288682619, "d1": 0.0407260533557701}, "garch_variance": 8.838954938593142e-06, "prev_return": 0.001959629515707319, "boundary_trend": 0, "trend_ou": 0.11101294381026669, "reversion_strength": {"s1": 0.002645480578274048, "m1": 0.009447304871809989, "m5": 0.011715152974709363, "h1": 0.04320287271163793, "d1": 0.05}}, "MSFT": {"p": 133.53026624662928, "d1_open": 137.08846618531726, "h1_open": 133.13886604045118, "m5_open": 132.90056074164417, "m1_open": 133.29966072448644, "band": {"m1": 0.0018637038229878831, "m5": 0.004738170414564617, "h1": 0.0103521768359804, "d1": 0.0329426789572675}, "garch_variance": 4.993666387772763e-06, "prev_return": 0.0, "boundary_trend": -1, "trend_ou": -0.01890993163321288, "reversion_strength": {"s1": 0.00502554902391116, "m1": 0.0038098335627198736, "m5": 0.0032918974962767448, "h1": 0.046518504108642444, "d1": 0.05}}, "NVDA": {"p": 77.31922776327806, "d1_open": 77.58920212535816, "h1_open": 77.04681052606045, "m5_open": 77.37490571439886, "m1_open": 77.4666765976307, "band": {"m1": 0.0019033840204412786, "m5": 0.004818025271544383, "h1": 0.010598066026238357, "d1": 0.03399670929371422}, "garch_variance": 4.230153835035152e-06, "prev_return": -0.003806772638035376, "boundary_trend": 1, "trend_ou": 0.2388355739721672, "reversion_strength": {"s1": 0.0011925680738830492, "m1": 0.020956231791063703, "m5": 0.022867711633453934, "h1": 0.013888096527728985, "d1": 0.05}}}