{"AAPL": {"p": 90.07795863969426, "d1_open": 87.95021220263737, "h1_open": 90.00052714134381, "m5_open": 90.00052714134381, "m1_open": 89.75138842675248, "band": {"m1": 0.003638609036207647, "m5": 0.008297637074155144, "h1": 0.01715408881308353, "d1": 0.05352658869117565}, "garch_variance": 8.33341456309024e-06, "prev_return": 0.00030135102616947256, "boundary_trend": -1, "trend_ou": 0.07802434616589697, "reversion_strength": {"s1": 0.008338960049529932, "m1": 0.001351140996985631, "m5": 0.013839264509730786, "h1": 0.04009322855887123, "d1": 0.05}}, "GOOG": {"p": 174.97784461679336, "d1_open": 175.76656301755804, "h1_open": 176.08648575624287, "m5_open": 176.08648575624287, "m1_open": 175.58543138871795, "band": {"m1": 0.0034603484304998895, "m5": 0.007938894525289591, "h1": 0.01604944824157794, "d1": 0.04879142862978674}, "garch_variance": 6.831583009292618e-06, "prev_return": 0.0, "boundary_trend": 1, "trend_ou": 0.02414971471119486, "reversion_strength": {"s1": 0.0062823601171641975, "m1": 0.013292119646085305, "m5": 0.03312992683192555, "h1": 0.04623311401955329, "d1": 0.05}}, "AMZN": {"p": 170.6482971007305, "d1_open": 169.8941041712876, "h1_open": 171.4747272210238, "m5_open": 171.4747272210238, "m1_open": 169.97947469382527, "band": {"m1": 0.003934724519592383, "m5": 0.008893557989189772, "h1": 0.01898904935020871, "d1": 0.06139234346585073}, "garch_variance": 1.659427726309946e-05, "prev_return": 0.0, "boundary_trend": -1, "trend_ou": 0.0749166700768982, "reversion_strength": {"s1": 0.002645480578274048, "m1": 0.009447304871809989, "m5": 0.011715152974709363, "h1": 0.04320287271163793, "d1": 0.05}}, "MSFT": {"p": 160.79629240794293, "d1_open": 164.41906387237157, "h1_open": 160.99657128302283, "m5_open": 160.99657128302283, "m1_open": 160.53696705363967, "band": {"m1": 0.0036389903150378087, "m5": 0.008298404382999502, "h1": 0.017156451511578692, "d1": 0.053536716651201736}, "garch_variance": 9.922452373758024e-06, "prev_return": 0.0052596864903416, "boundary_trend": 0, "trend_ou": 0.021424591049194565, "reversion_strength": {"s1": 0.00502554902391116, "m1": 0.0038098335627198736, "m5": 0.0032918974962767448, "h1": 0.046518504108642444, "d1": 0.05}}, "NVDA": {"p": 101.96945248596097, "d1_open": 97.6331941946038, "h1_open": 102.01551314508438, "m5_open": 102.01551314508438, "m1_open": 102.07329166862279, "band": {"m1": 0.0032955464049713593, "m5": 0.007607236846569288, "h1": 0.015028207441108743, "d1": 0.044413770614880034}, "garch_variance": 4.115902420108346e-06, "prev_return": 0.0, "boundary_trend": -1, "trend_ou": 0.037665081220541866, "reversion_strength": {"s1": 0.0011925680738830492, "m1": 0.020956231791063703, "m5": 0.022867711633453934, "h1": 0.013888096527728985, "d1": 0.05}}}