{"AAPL": {"p": 87.41612575409953, "d1_open": 87.95021220263737, "h1_open": 87.95021220263737, "m5_open": 87.5274244307312, "m1_open": 87.39896407373655, "reversion_strength": {"s1": 0.008338960049529932, "m1": 0.001351140996985631, "m5": 0.013839264509730786, "h1": 0.04009322855887123, "d1": 0.05}, "garch_variance": 9.38521417293819e-07, "prev_return": 0.00019634095014343058, "boundary_trend": 0}, "GOOG": {"p": 179.77763262504303, "d1_open": 175.76656301755804, "h1_open": 175.76656301755804, "m5_open": 180.0672455345903, "m1_open": 179.61415929065205, "reversion_strength": {"s1": 0.0062823601171641975, "m1": 0.013292119646085305, "m5": 0.03312992683192555, "h1": 0.04623311401955329, "d1": 0.05}, "garch_variance": 1.4756745340739257e-06, "prev_return": 0.0009097221992396978, "boundary_trend": 0}, "AMZN": {"p": 170.39360727468477, "d1_open": 169.8941041712876, "h1_open": 169.8941041712876, "m5_open": 170.97326851834592, "m1_open": 170.43393403215845, "reversion_strength": {"s1": 0.002645480578274048, "m1": 0.009447304871809989, "m5": 0.011715152974709363, "h1": 0.04320287271163793, "d1": 0.05}, "garch_variance": 1.5238172960159155e-06, "prev_return": -0.00023664025217699964, "boundary_trend": 0}, "MSFT": {"p": 163.44579043094126, "d1_open": 164.41906387237157, "h1_open": 164.41906387237157, "m5_open": 163.67533333395744, "m1_open": 163.6856219160587, "reversion_strength": {"s1": 0.00502554902391116, "m1": 0.0038098335627198736, "m5": 0.0032918974962767448, "h1": 0.046518504108642444, "d1": 0.05}, "garch_variance": 1.034472969856036e-06, "prev_return": -0.0014662702451319902, "boundary_trend": 1}, "NVDA": {"p": 96.8467492380057, "d1_open": 97.6331941946038, "h1_open": 97.6331941946038, "m5_open": 97.20744175669425, "m1_open": 96.96238348091264, "reversion_strength": {"s1": 0.0011925680738830492, "m1": 0.020956231791063703, "m5": 0.022867711633453934, "h1": 0.013888096527728985, "d1": 0.05}, "garch_variance": 1.3045442434886097e-06, "prev_return": -0.0011932797490587675, "boundary_trend": 1}}