{"AAPL": {"p": 88.65450269640529, "d1_open": 87.95021220263737, "h1_open": 88.46025421232386, "m5_open": 88.74649554727908, "m1_open": 88.74649554727908, "reversion_strength": {"s1": 0.008338960049529932, "m1": 0.001351140996985631, "m5": 0.013839264509730786, "h1": 0.04009322855887123, "d1": 0.05}, "garch_variance": 1.2637294727662061e-06, "prev_return": -0.0010371177167013753, "boundary_trend": 0}, "GOOG": {"p": 175.48475827382745, "d1_open": 175.76656301755804, "h1_open": 171.25338368742615, "m5_open": 175.2936996533437, "m1_open": 175.2936996533437, "reversion_strength": {"s1": 0.0062823601171641975, "m1": 0.013292119646085305, "m5": 0.03312992683192555, "h1": 0.04623311401955329, "d1": 0.05}, "garch_variance": 1.2668794291655527e-06, "prev_return": 0.0010893407793983638, "boundary_trend": 0}, "AMZN": {"p": 166.16617029719157, "d1_open": 169.8941041712876, "h1_open": 168.5021874081404, "m5_open": 166.16557762513477, "m1_open": 166.16557762513477, "reversion_strength": {"s1": 0.002645480578274048, "m1": 0.009447304871809989, "m5": 0.011715152974709363, "h1": 0.04320287271163793, "d1": 0.05}, "garch_variance": 1.0262202520732038e-06, "prev_return": 3.5667495537603274e-06, "boundary_trend": 0}, "MSFT": {"p": 165.00486020447892, "d1_open": 164.41906387237157, "h1_open": 164.11163536945244, "m5_open": 164.77359628540833, "m1_open": 164.77359628540833, "reversion_strength": {"s1": 0.00502554902391116, "m1": 0.0038098335627198736, "m5": 0.0032918974962767448, "h1": 0.046518504108642444, "d1": 0.05}, "garch_variance": 1.3935810094034652e-06, "prev_return": 0.0014025413269410523, "boundary_trend": 0}, "NVDA": {"p": 96.39698689711983, "d1_open": 97.6331941946038, "h1_open": 97.10451824378742, "m5_open": 96.43513954360233, "m1_open": 96.43513954360233, "reversion_strength": {"s1": 0.0011925680738830492, "m1": 0.020956231791063703, "m5": 0.022867711633453934, "h1": 0.013888096527728985, "d1": 0.05}, "garch_variance": 1.3709844830484124e-06, "prev_return": -0.0003957084090142927, "boundary_trend": 0}}