{"AAPL": {"p": 58.20202765113662, "d1_open": 58.881026803928506, "h1_open": 57.935104588267784, "m5_open": 58.10992051533566, "m1_open": 58.10992051533566, "band": {"m1": 0.0016450197716780565, "m5": 0.004298077250673176, "h1": 0.008997041333893795, "d1": 0.02713374556049318}, "garch_variance": 2.1194917271040978e-06, "prev_return": 0.0032301695445232505, "boundary_trend": 0, "trend_ou": -0.17951128331792446, "reversion_strength": {"s1": 0.008338960049529932, "m1": 0.001351140996985631, "m5": 0.013839264509730786, "h1": 0.04009322855887123, "d1": 0.05}}, "GOOG": {"p": 116.46142806753592, "d1_open": 119.02146768303125, "h1_open": 116.09550753836272, "m5_open": 116.3888914266636, "m1_open": 116.3888914266636, "band": {"m1": 0.001527203658969272, "m5": 0.0040609768974977185, "h1": 0.00826696158599617, "d1": 0.024004180566187486}, "garch_variance": 1.458085996862167e-06, "prev_return": 0.0020169619000038556, "boundary_trend": 0, "trend_ou": -0.12156158488853423, "reversion_strength": {"s1": 0.0062823601171641975, "m1": 0.013292119646085305, "m5": 0.03312992683192555, "h1": 0.04623311401955329, "d1": 0.05}}, "AMZN": {"p": 156.18463706628668, "d1_open": 158.98498094367304, "h1_open": 156.28356493298796, "m5_open": 155.8783458704862, "m1_open": 155.8783458704862, "band": {"m1": 0.001964937426619577, "m5": 0.00494189911195958, "h1": 0.010979498533487779, "d1": 0.0356317605683394}, "garch_variance": 7.581028503266986e-06, "prev_return": 0.0, "boundary_trend": -1, "trend_ou": 0.06575843102973375, "reversion_strength": {"s1": 0.002645480578274048, "m1": 0.009447304871809989, "m5": 0.011715152974709363, "h1": 0.04320287271163793, "d1": 0.05}}, "MSFT": {"p": 134.13944212115996, "d1_open": 137.08846618531726, "h1_open": 133.73171007353216, "m5_open": 133.94590238791469, "m1_open": 133.94590238791469, "band": {"m1": 0.0017787045906928593, "m5": 0.004567112759262346, "h1": 0.009825455858189931, "d1": 0.030684833100556155}, "garch_variance": 4.813707868436843e-06, "prev_return": 0.0032241551835503197, "boundary_trend": 0, "trend_ou": -0.03762598951675944, "reversion_strength": {"s1": 0.00502554902391116, "m1": 0.0038098335627198736, "m5": 0.0032918974962767448, "h1": 0.046518504108642444, "d1": 0.05}}, "NVDA": {"p": 77.45331396020262, "d1_open": 77.58920212535816, "h1_open": 77.45406808949511, "m5_open": 77.57589801194331, "m1_open": 77.57589801194331, "band": {"m1": 0.001580182181349912, "m5": 0.004167594117149263, "h1": 0.0085952574818152, "d1": 0.02541145606764892}, "garch_variance": 2.626309161530932e-06, "prev_return": 0.0, "boundary_trend": 1, "trend_ou": 0.22833253454647431, "reversion_strength": {"s1": 0.0011925680738830492, "m1": 0.020956231791063703, "m5": 0.022867711633453934, "h1": 0.013888096527728985, "d1": 0.05}}}