{"AAPL": {"p": 57.97213760232426, "d1_open": 58.881026803928506, "h1_open": 57.95099828715578, "m5_open": 58.06760777946594, "m1_open": 58.0726975028649, "band": {"m1": 0.0017316209658709116, "m5": 0.004472358792106271, "h1": 0.009533689306486763, "d1": 0.029434144543108928}, "garch_variance": 2.8411587884709008e-06, "prev_return": -0.0034632453932712352, "boundary_trend": 1, "trend_ou": -0.18761832354065164, "reversion_strength": {"s1": 0.008338960049529932, "m1": 0.001351140996985631, "m5": 0.013839264509730786, "h1": 0.04009322855887123, "d1": 0.05}}, "GOOG": {"p": 115.90765417145224, "d1_open": 119.02146768303125, "h1_open": 116.73471203161151, "m5_open": 116.28318749453915, "m1_open": 116.09541593288259, "band": {"m1": 0.0016173055578603212, "m5": 0.004242303471237697, "h1": 0.008825302632182884, "d1": 0.02639756923100357}, "garch_variance": 2.5358895266989153e-06, "prev_return": -0.0009644716931678825, "boundary_trend": 1, "trend_ou": -0.10606844987411129, "reversion_strength": {"s1": 0.0062823601171641975, "m1": 0.013292119646085305, "m5": 0.03312992683192555, "h1": 0.04623311401955329, "d1": 0.05}}, "AMZN": {"p": 156.57199811301575, "d1_open": 158.98498094367304, "h1_open": 155.272478808972, "m5_open": 156.67397767554195, "m1_open": 156.86091262165675, "band": {"m1": 0.0018418515091637214, "m5": 0.004694193481305782, "h1": 0.010216762999953078, "d1": 0.032362213053102766}, "garch_variance": 4.473492689378859e-06, "prev_return": 0.0, "boundary_trend": 1, "trend_ou": 0.06597449923642894, "reversion_strength": {"s1": 0.002645480578274048, "m1": 0.009447304871809989, "m5": 0.011715152974709363, "h1": 0.04320287271163793, "d1": 0.05}}, "MSFT": {"p": 133.4843914621044, "d1_open": 137.08846618531726, "h1_open": 133.13886604045118, "m5_open": 133.6837640603729, "m1_open": 133.6468128221265, "band": {"m1": 0.0016132611922290833, "m5": 0.004234164342408117, "h1": 0.00880024061500567, "d1": 0.02629013821148775}, "garch_variance": 2.310240602305996e-06, "prev_return": -0.002828003269868308, "boundary_trend": 1, "trend_ou": -0.04152350842210657, "reversion_strength": {"s1": 0.00502554902391116, "m1": 0.0038098335627198736, "m5": 0.0032918974962767448, "h1": 0.046518504108642444, "d1": 0.05}}, "NVDA": {"p": 77.3788079205244, "d1_open": 77.58920212535816, "h1_open": 77.04681052606045, "m5_open": 77.47707182694458, "m1_open": 77.35661017914397, "band": {"m1": 0.0015415893924020634, "m5": 0.0040899276275734395, "h1": 0.008356106715609258, "d1": 0.024386310707248574}, "garch_variance": 1.5387276036390513e-06, "prev_return": -0.00035305458460047935, "boundary_trend": -1, "trend_ou": 0.22959245186659363, "reversion_strength": {"s1": 0.0011925680738830492, "m1": 0.020956231791063703, "m5": 0.022867711633453934, "h1": 0.013888096527728985, "d1": 0.05}}}