{"AAPL": {"p": 90.18065548013821, "d1_open": 87.95021220263737, "h1_open": 89.92327454616381, "m5_open": 90.30457706023275, "m1_open": 90.30266711581554, "reversion_strength": {"s1": 0.008338960049529932, "m1": 0.001351140996985631, "m5": 0.013839264509730786, "h1": 0.04009322855887123, "d1": 0.05}, "garch_variance": 1.2076868799002506e-06, "prev_return": -0.0013520546110228153, "boundary_trend": 1}, "GOOG": {"p": 176.4619205120073, "d1_open": 175.76656301755804, "h1_open": 183.39762262224193, "m5_open": 176.8991612351268, "m1_open": 177.1066758424972, "reversion_strength": {"s1": 0.0062823601171641975, "m1": 0.013292119646085305, "m5": 0.03312992683192555, "h1": 0.04623311401955329, "d1": 0.05}, "garch_variance": 2.6031709867063364e-06, "prev_return": -0.00364713411669836, "boundary_trend": 0}, "AMZN": {"p": 168.77465988325855, "d1_open": 169.8941041712876, "h1_open": 168.9436681978484, "m5_open": 168.5484536614515, "m1_open": 169.01383064990767, "reversion_strength": {"s1": 0.002645480578274048, "m1": 0.009447304871809989, "m5": 0.011715152974709363, "h1": 0.04320287271163793, "d1": 0.05}, "garch_variance": 2.6080906320341765e-06, "prev_return": -0.001416098021810746, "boundary_trend": 0}, "MSFT": {"p": 161.99234100980573, "d1_open": 164.41906387237157, "h1_open": 162.58297699275926, "m5_open": 161.8878535713971, "m1_open": 162.07943294879126, "reversion_strength": {"s1": 0.00502554902391116, "m1": 0.0038098335627198736, "m5": 0.0032918974962767448, "h1": 0.046518504108642444, "d1": 0.05}, "garch_variance": 2.4713069589720465e-06, "prev_return": -0.0005374855083388182, "boundary_trend": -1}, "NVDA": {"p": 97.03570267683325, "d1_open": 97.6331941946038, "h1_open": 98.32781845318762, "m5_open": 96.98462954042147, "m1_open": 96.96223221914875, "reversion_strength": {"s1": 0.0011925680738830492, "m1": 0.020956231791063703, "m5": 0.022867711633453934, "h1": 0.013888096527728985, "d1": 0.05}, "garch_variance": 1.481013315279257e-06, "prev_return": 0.0007574354978207226, "boundary_trend": 0}}