{"AAPL": {"p": 90.5220706544701, "d1_open": 87.95021220263737, "h1_open": 89.92327454616381, "m5_open": 90.66516653293418, "m1_open": 90.59747099292872, "reversion_strength": {"s1": 0.008338960049529932, "m1": 0.001351140996985631, "m5": 0.013839264509730786, "h1": 0.04009322855887123, "d1": 0.05}, "garch_variance": 9.719865768948797e-07, "prev_return": -0.000832603065672639, "boundary_trend": 1}, "GOOG": {"p": 176.1914977463825, "d1_open": 175.76656301755804, "h1_open": 183.39762262224193, "m5_open": 177.04873167714695, "m1_open": 176.58515865417516, "reversion_strength": {"s1": 0.0062823601171641975, "m1": 0.013292119646085305, "m5": 0.03312992683192555, "h1": 0.04623311401955329, "d1": 0.05}, "garch_variance": 3.991789247294121e-06, "prev_return": -0.00223178639543249, "boundary_trend": 0}, "AMZN": {"p": 170.68540053376987, "d1_open": 169.8941041712876, "h1_open": 168.9436681978484, "m5_open": 172.70870948545664, "m1_open": 170.73639409652492, "reversion_strength": {"s1": 0.002645480578274048, "m1": 0.009447304871809989, "m5": 0.011715152974709363, "h1": 0.04320287271163793, "d1": 0.05}, "garch_variance": 1.9547066825266605e-06, "prev_return": -0.0002987129933485565, "boundary_trend": 1}, "MSFT": {"p": 162.3701705471289, "d1_open": 164.41906387237157, "h1_open": 162.58297699275926, "m5_open": 162.25003444197765, "m1_open": 162.2492097386809, "reversion_strength": {"s1": 0.00502554902391116, "m1": 0.0038098335627198736, "m5": 0.0032918974962767448, "h1": 0.046518504108642444, "d1": 0.05}, "garch_variance": 2.289907859352248e-06, "prev_return": 0.000745247027087051, "boundary_trend": 0}, "NVDA": {"p": 97.9221819644965, "d1_open": 97.6331941946038, "h1_open": 98.32781845318762, "m5_open": 98.99303492301215, "m1_open": 97.81415107514164, "reversion_strength": {"s1": 0.0011925680738830492, "m1": 0.020956231791063703, "m5": 0.022867711633453934, "h1": 0.013888096527728985, "d1": 0.05}, "garch_variance": 1.4309995786581085e-06, "prev_return": 0.0011038410564512674, "boundary_trend": -1}}