{"AAPL": {"p": 87.62660833494772, "d1_open": 87.95021220263737, "h1_open": 87.95021220263737, "m5_open": 87.62437628083511, "m1_open": 87.6426401759632, "reversion_strength": {"s1": 0.008338960049529932, "m1": 0.001351140996985631, "m5": 0.013839264509730786, "h1": 0.04009322855887123, "d1": 0.05}, "garch_variance": 1.1887528034176816e-06, "prev_return": -0.0001829395766387219, "boundary_trend": 0}, "GOOG": {"p": 178.9115198295338, "d1_open": 175.76656301755804, "h1_open": 175.76656301755804, "m5_open": 178.50063412831818, "m1_open": 178.91089575721406, "reversion_strength": {"s1": 0.0062823601171641975, "m1": 0.013292119646085305, "m5": 0.03312992683192555, "h1": 0.04623311401955329, "d1": 0.05}, "garch_variance": 1.2253057385364552e-06, "prev_return": 3.4881678316025278e-06, "boundary_trend": 0}, "AMZN": {"p": 170.25185797472625, "d1_open": 169.8941041712876, "h1_open": 169.8941041712876, "m5_open": 171.85580570414, "m1_open": 170.2065142201709, "reversion_strength": {"s1": 0.002645480578274048, "m1": 0.009447304871809989, "m5": 0.011715152974709363, "h1": 0.04320287271163793, "d1": 0.05}, "garch_variance": 2.471311659997699e-06, "prev_return": 0.00026636886343042824, "boundary_trend": 0}, "MSFT": {"p": 164.41463359548553, "d1_open": 164.41906387237157, "h1_open": 164.41906387237157, "m5_open": 164.21591529436375, "m1_open": 164.51866091444762, "reversion_strength": {"s1": 0.00502554902391116, "m1": 0.0038098335627198736, "m5": 0.0032918974962767448, "h1": 0.046518504108642444, "d1": 0.05}, "garch_variance": 1.0944848824785976e-06, "prev_return": -0.0006325131822566071, "boundary_trend": -1}, "NVDA": {"p": 97.50778560781384, "d1_open": 97.6331941946038, "h1_open": 97.6331941946038, "m5_open": 97.99875452924724, "m1_open": 97.584129021096, "reversion_strength": {"s1": 0.0011925680738830492, "m1": 0.020956231791063703, "m5": 0.022867711633453934, "h1": 0.013888096527728985, "d1": 0.05}, "garch_variance": 1.2172985429559614e-06, "prev_return": -0.000782640503828578, "boundary_trend": 0}}