{"AAPL": {"p": 58.39526974672615, "d1_open": 58.881026803928506, "h1_open": 58.18002329517424, "m5_open": 58.56801790457984, "m1_open": 58.44987675603173, "band": {"m1": 0.002017375222377239, "m5": 0.005047428140273523, "h1": 0.011304443668977779, "d1": 0.037024672676951975}, "garch_variance": 4.8706608391107374e-06, "prev_return": -0.000167817502436792, "boundary_trend": 0, "trend_ou": -0.18017496622576024, "reversion_strength": {"s1": 0.008338960049529932, "m1": 0.001351140996985631, "m5": 0.013839264509730786, "h1": 0.04009322855887123, "d1": 0.05}}, "GOOG": {"p": 117.20141793399394, "d1_open": 119.02146768303125, "h1_open": 117.8132584785911, "m5_open": 116.88775361734564, "m1_open": 116.98525066037088, "band": {"m1": 0.0018478164760328247, "m5": 0.004706197745568345, "h1": 0.010253726547704624, "d1": 0.032520661257482764}, "garch_variance": 3.726061362500358e-06, "prev_return": 0.0, "boundary_trend": -1, "trend_ou": -0.13817036515649128, "reversion_strength": {"s1": 0.0062823601171641975, "m1": 0.013292119646085305, "m5": 0.03312992683192555, "h1": 0.04623311401955329, "d1": 0.05}}, "AMZN": {"p": 155.83220250054472, "d1_open": 158.98498094367304, "h1_open": 156.39399479459698, "m5_open": 155.8316152576379, "m1_open": 156.1370179073145, "band": {"m1": 0.001952230232491842, "m5": 0.00491632637707397, "h1": 0.010900754931513794, "d1": 0.03529421768898551}, "garch_variance": 3.992258032200111e-06, "prev_return": -0.003904465425225283, "boundary_trend": 1, "trend_ou": 0.10714123078050805, "reversion_strength": {"s1": 0.002645480578274048, "m1": 0.009447304871809989, "m5": 0.011715152974709363, "h1": 0.04320287271163793, "d1": 0.05}}, "MSFT": {"p": 132.67433531655686, "d1_open": 137.08846618531726, "h1_open": 133.29083440032448, "m5_open": 132.67300009600453, "m1_open": 132.92135879803112, "band": {"m1": 0.001858418268576347, "m5": 0.004727533441497946, "h1": 0.010319423453242237, "d1": 0.03280227807591497}, "garch_variance": 3.0386067482306144e-06, "prev_return": -7.695474109012677e-05, "boundary_trend": 1, "trend_ou": -0.013604593694690643, "reversion_strength": {"s1": 0.00502554902391116, "m1": 0.0038098335627198736, "m5": 0.0032918974962767448, "h1": 0.046518504108642444, "d1": 0.05}}, "NVDA": {"p": 77.42680629371719, "d1_open": 77.58920212535816, "h1_open": 77.08644892077346, "m5_open": 77.73335286764028, "m1_open": 77.57900944227575, "band": {"m1": 0.001961911471321554, "m5": 0.004935809494390651, "h1": 0.010960747374326804, "d1": 0.03555138171728671}, "garch_variance": 3.534221282589477e-06, "prev_return": -0.003923827977045867, "boundary_trend": 1, "trend_ou": 0.23920194050689453, "reversion_strength": {"s1": 0.0011925680738830492, "m1": 0.020956231791063703, "m5": 0.022867711633453934, "h1": 0.013888096527728985, "d1": 0.05}}}