{"AAPL": {"p": 88.50574102419397, "d1_open": 87.95021220263737, "h1_open": 88.46025421232386, "m5_open": 88.49866185261023, "m1_open": 88.45046481583444, "reversion_strength": {"s1": 0.008338960049529932, "m1": 0.001351140996985631, "m5": 0.013839264509730786, "h1": 0.04009322855887123, "d1": 0.05}, "garch_variance": 1.2131509625876014e-06, "prev_return": 0.0006247445224654677, "boundary_trend": -1}, "GOOG": {"p": 171.5331683728454, "d1_open": 175.76656301755804, "h1_open": 171.25338368742615, "m5_open": 172.0878712302127, "m1_open": 171.5020475017581, "reversion_strength": {"s1": 0.0062823601171641975, "m1": 0.013292119646085305, "m5": 0.03312992683192555, "h1": 0.04623311401955329, "d1": 0.05}, "garch_variance": 1.977997234396246e-06, "prev_return": 0.00018144417676374652, "boundary_trend": 0}, "AMZN": {"p": 167.43497287543732, "d1_open": 169.8941041712876, "h1_open": 168.5021874081404, "m5_open": 166.64148659302208, "m1_open": 167.66140553424884, "reversion_strength": {"s1": 0.002645480578274048, "m1": 0.009447304871809989, "m5": 0.011715152974709363, "h1": 0.04320287271163793, "d1": 0.05}, "garch_variance": 1.3544089304076379e-06, "prev_return": -0.0013514481675356259, "boundary_trend": 0}, "MSFT": {"p": 164.05698891080755, "d1_open": 164.41906387237157, "h1_open": 164.11163536945244, "m5_open": 164.58388567215744, "m1_open": 164.08464809281273, "reversion_strength": {"s1": 0.00502554902391116, "m1": 0.0038098335627198736, "m5": 0.0032918974962767448, "h1": 0.046518504108642444, "d1": 0.05}, "garch_variance": 1.055675838304572e-06, "prev_return": -0.00016858075264850942, "boundary_trend": 0}, "NVDA": {"p": 98.37073724591667, "d1_open": 97.6331941946038, "h1_open": 97.10451824378742, "m5_open": 97.9247827705769, "m1_open": 98.25356318331899, "reversion_strength": {"s1": 0.0011925680738830492, "m1": 0.020956231791063703, "m5": 0.022867711633453934, "h1": 0.013888096527728985, "d1": 0.05}, "garch_variance": 1.1215118716333775e-06, "prev_return": 0.0011918575294366796, "boundary_trend": -1}}