{"AAPL": {"p": 88.46197781038659, "d1_open": 87.95021220263737, "h1_open": 88.46025421232386, "m5_open": 88.46025421232386, "m1_open": 88.47440049561729, "reversion_strength": {"s1": 0.008338960049529932, "m1": 0.001351140996985631, "m5": 0.013839264509730786, "h1": 0.04009322855887123, "d1": 0.05}, "garch_variance": 1.0183070791603245e-06, "prev_return": -0.0001404197980093456, "boundary_trend": 0}, "GOOG": {"p": 172.11046842442926, "d1_open": 175.76656301755804, "h1_open": 171.25338368742615, "m5_open": 171.25338368742615, "m1_open": 172.0075717521107, "reversion_strength": {"s1": 0.0062823601171641975, "m1": 0.013292119646085305, "m5": 0.03312992683192555, "h1": 0.04623311401955329, "d1": 0.05}, "garch_variance": 1.036311895401965e-06, "prev_return": 0.000598031276317068, "boundary_trend": 0}, "AMZN": {"p": 167.85327410582528, "d1_open": 169.8941041712876, "h1_open": 168.5021874081404, "m5_open": 168.5021874081404, "m1_open": 167.9304482852522, "reversion_strength": {"s1": 0.002645480578274048, "m1": 0.009447304871809989, "m5": 0.011715152974709363, "h1": 0.04320287271163793, "d1": 0.05}, "garch_variance": 1.4462839355829381e-06, "prev_return": -0.00045966600308214203, "boundary_trend": 0}, "MSFT": {"p": 164.02755199955186, "d1_open": 164.41906387237157, "h1_open": 164.11163536945244, "m5_open": 164.11163536945244, "m1_open": 164.10097212801756, "reversion_strength": {"s1": 0.00502554902391116, "m1": 0.0038098335627198736, "m5": 0.0032918974962767448, "h1": 0.046518504108642444, "d1": 0.05}, "garch_variance": 1.1830672145847935e-06, "prev_return": -0.0004475083651211565, "boundary_trend": 1}, "NVDA": {"p": 95.84935171926229, "d1_open": 97.6331941946038, "h1_open": 97.10451824378742, "m5_open": 97.10451824378742, "m1_open": 95.87691403153926, "reversion_strength": {"s1": 0.0011925680738830492, "m1": 0.020956231791063703, "m5": 0.022867711633453934, "h1": 0.013888096527728985, "d1": 0.05}, "garch_variance": 1.1520665497352539e-06, "prev_return": -0.000287517334767921, "boundary_trend": 0}}