{"AAPL": {"p": 88.76291043671309, "d1_open": 87.95021220263737, "h1_open": 88.46025421232386, "m5_open": 88.78974935634513, "m1_open": 88.78496269973202, "reversion_strength": {"s1": 0.008338960049529932, "m1": 0.001351140996985631, "m5": 0.013839264509730786, "h1": 0.04009322855887123, "d1": 0.05}, "garch_variance": 9.572402074835848e-07, "prev_return": -0.00024840920640467764, "boundary_trend": 0}, "GOOG": {"p": 175.57418348992772, "d1_open": 175.76656301755804, "h1_open": 171.25338368742615, "m5_open": 173.84821750877873, "m1_open": 175.41680558559645, "reversion_strength": {"s1": 0.0062823601171641975, "m1": 0.013292119646085305, "m5": 0.03312992683192555, "h1": 0.04623311401955329, "d1": 0.05}, "garch_variance": 2.6188093968735315e-06, "prev_return": 0.0008967632775559948, "boundary_trend": 0}, "AMZN": {"p": 168.3407070347027, "d1_open": 169.8941041712876, "h1_open": 168.5021874081404, "m5_open": 166.64707079229854, "m1_open": 168.381821216538, "reversion_strength": {"s1": 0.002645480578274048, "m1": 0.009447304871809989, "m5": 0.011715152974709363, "h1": 0.04320287271163793, "d1": 0.05}, "garch_variance": 1.3789539135844522e-06, "prev_return": -0.0002442021462190213, "boundary_trend": -1}, "MSFT": {"p": 165.236952458002, "d1_open": 164.41906387237157, "h1_open": 164.11163536945244, "m5_open": 164.98286172730414, "m1_open": 165.27248800457298, "reversion_strength": {"s1": 0.00502554902391116, "m1": 0.0038098335627198736, "m5": 0.0032918974962767448, "h1": 0.046518504108642444, "d1": 0.05}, "garch_variance": 1.392052260669684e-06, "prev_return": -0.000215034987552308, "boundary_trend": -1}, "NVDA": {"p": 96.39230328041766, "d1_open": 97.6331941946038, "h1_open": 97.10451824378742, "m5_open": 96.14276652925055, "m1_open": 96.27748582458952, "reversion_strength": {"s1": 0.0011925680738830492, "m1": 0.020956231791063703, "m5": 0.022867711633453934, "h1": 0.013888096527728985, "d1": 0.05}, "garch_variance": 1.2367521002822797e-06, "prev_return": 0.0011918575294366796, "boundary_trend": -1}}