{"AAPL": {"p": 89.96416188018131, "d1_open": 87.95021220263737, "h1_open": 90.00052714134381, "m5_open": 90.3060943161685, "m1_open": 90.3060943161685, "band": {"m1": 0.003786371657155905, "m5": 0.008595003612631599, "h1": 0.01806974028528283, "d1": 0.057451626747129524}, "garch_variance": 1.0988770566336315e-05, "prev_return": -0.007572779503779955, "boundary_trend": 1, "trend_ou": 0.06838022993372152, "reversion_strength": {"s1": 0.008338960049529932, "m1": 0.001351140996985631, "m5": 0.013839264509730786, "h1": 0.04009322855887123, "d1": 0.05}}, "GOOG": {"p": 173.33392182388334, "d1_open": 175.76656301755804, "h1_open": 176.08648575624287, "m5_open": 173.89624531506882, "m1_open": 173.89624531506882, "band": {"m1": 0.003527992980227045, "m5": 0.008075026555637148, "h1": 0.016468626184865894, "d1": 0.05058827975663514}, "garch_variance": 7.3950693398524374e-06, "prev_return": -0.0006708486626846973, "boundary_trend": 1, "trend_ou": 0.014803380426722247, "reversion_strength": {"s1": 0.0062823601171641975, "m1": 0.013292119646085305, "m5": 0.03312992683192555, "h1": 0.04623311401955329, "d1": 0.05}}, "AMZN": {"p": 168.8858795943382, "d1_open": 169.8941041712876, "h1_open": 171.4747272210238, "m5_open": 169.42244265706864, "m1_open": 169.42244265706864, "band": {"m1": 0.004332964689303741, "m5": 0.009695000870950855, "h1": 0.021456853422341358, "d1": 0.07197084979915382}, "garch_variance": 2.6286678241006654e-05, "prev_return": -0.0021549830818459043, "boundary_trend": 0, "trend_ou": 0.06785960356891343, "reversion_strength": {"s1": 0.002645480578274048, "m1": 0.009447304871809989, "m5": 0.011715152974709363, "h1": 0.04320287271163793, "d1": 0.05}}, "MSFT": {"p": 161.46635044079898, "d1_open": 164.41906387237157, "h1_open": 160.99657128302283, "m5_open": 161.44720687590916, "m1_open": 161.44720687590916, "band": {"m1": 0.0041411161336777375, "m5": 0.009308913100362453, "h1": 0.020268011404847824, "d1": 0.0668747512257837}, "garch_variance": 1.785729655712691e-05, "prev_return": -0.004013997573497754, "boundary_trend": -1, "trend_ou": 0.017282121220861812, "reversion_strength": {"s1": 0.00502554902391116, "m1": 0.0038098335627198736, "m5": 0.0032918974962767448, "h1": 0.046518504108642444, "d1": 0.05}}, "NVDA": {"p": 101.0899996736051, "d1_open": 97.6331941946038, "h1_open": 102.01551314508438, "m5_open": 101.39832577312721, "m1_open": 101.39832577312721, "band": {"m1": 0.0030407415228133946, "m5": 0.00709445191281566, "h1": 0.013449239336900521, "d1": 0.03764535480786032}, "garch_variance": 2.6645205265184153e-06, "prev_return": -0.001592794180777836, "boundary_trend": 1, "trend_ou": 0.04468898142029505, "reversion_strength": {"s1": 0.0011925680738830492, "m1": 0.020956231791063703, "m5": 0.022867711633453934, "h1": 0.013888096527728985, "d1": 0.05}}}