{"AAPL": {"p": 89.99463470506491, "d1_open": 87.95021220263737, "h1_open": 90.06205021135978, "m5_open": 90.10237905744151, "m1_open": 89.99697270983715, "reversion_strength": {"s1": 0.008338960049529932, "m1": 0.001351140996985631, "m5": 0.013839264509730786, "h1": 0.04009322855887123, "d1": 0.05}, "garch_variance": 1.342103297153575e-06, "prev_return": -2.597904208922264e-05, "boundary_trend": 0}, "GOOG": {"p": 182.00546142339664, "d1_open": 175.76656301755804, "h1_open": 182.2768621595806, "m5_open": 182.53350207436387, "m1_open": 182.22137295829975, "reversion_strength": {"s1": 0.0062823601171641975, "m1": 0.013292119646085305, "m5": 0.03312992683192555, "h1": 0.04623311401955329, "d1": 0.05}, "garch_variance": 3.0968639940592885e-06, "prev_return": -0.0011855884290373128, "boundary_trend": 0}, "AMZN": {"p": 170.14735782540754, "d1_open": 169.8941041712876, "h1_open": 170.28724881804374, "m5_open": 169.88795825381547, "m1_open": 170.27312456936403, "reversion_strength": {"s1": 0.002645480578274048, "m1": 0.009447304871809989, "m5": 0.011715152974709363, "h1": 0.04320287271163793, "d1": 0.05}, "garch_variance": 2.0598423037654874e-06, "prev_return": -0.0007388906142997921, "boundary_trend": 0}, "MSFT": {"p": 161.6176559657401, "d1_open": 164.41906387237157, "h1_open": 161.08021439952043, "m5_open": 161.08737284638528, "m1_open": 161.52501897555496, "reversion_strength": {"s1": 0.00502554902391116, "m1": 0.0038098335627198736, "m5": 0.0032918974962767448, "h1": 0.046518504108642444, "d1": 0.05}, "garch_variance": 2.51964885779282e-06, "prev_return": 0.0005733504108654909, "boundary_trend": -1}, "NVDA": {"p": 99.36968128895303, "d1_open": 97.6331941946038, "h1_open": 98.64308364945421, "m5_open": 98.4888237569008, "m1_open": 99.40128934034665, "reversion_strength": {"s1": 0.0011925680738830492, "m1": 0.020956231791063703, "m5": 0.022867711633453934, "h1": 0.013888096527728985, "d1": 0.05}, "garch_variance": 1.4516680254946102e-06, "prev_return": -0.00031803488768976146, "boundary_trend": 0}}