{"AAPL": {"p": 89.33404298976008, "d1_open": 87.95021220263737, "h1_open": 90.36175952352136, "m5_open": 89.86189106115746, "m1_open": 89.67587722794472, "band": {"m1": 0.003811886192267131, "m5": 0.008646350624062304, "h1": 0.01822784807659803, "d1": 0.05812937272002075}, "garch_variance": 8.189810880449522e-06, "prev_return": 0.0, "boundary_trend": 1, "trend_ou": 0.07585750276894616, "reversion_strength": {"s1": 0.008338960049529932, "m1": 0.001351140996985631, "m5": 0.013839264509730786, "h1": 0.04009322855887123, "d1": 0.05}}, "GOOG": {"p": 175.46295794353713, "d1_open": 175.76656301755804, "h1_open": 175.77288560235982, "m5_open": 176.90452187702715, "m1_open": 175.6466031673559, "band": {"m1": 0.003564663561964736, "m5": 0.008148824677823093, "h1": 0.0166958654686512, "d1": 0.05156236527251677}, "garch_variance": 7.451837433778085e-06, "prev_return": 0.0, "boundary_trend": 1, "trend_ou": 0.024118033914221456, "reversion_strength": {"s1": 0.0062823601171641975, "m1": 0.013292119646085305, "m5": 0.03312992683192555, "h1": 0.04623311401955329, "d1": 0.05}}, "AMZN": {"p": 171.18174846080453, "d1_open": 169.8941041712876, "h1_open": 168.9021703391811, "m5_open": 170.328470236243, "m1_open": 171.29776071753082, "band": {"m1": 0.0037730265688379625, "m5": 0.008568147140451406, "h1": 0.017987043797588333, "d1": 0.057097139399978764}, "garch_variance": 1.0270925471390422e-05, "prev_return": -0.0035345509904184725, "boundary_trend": 0, "trend_ou": 0.07966484772753962, "reversion_strength": {"s1": 0.002645480578274048, "m1": 0.009447304871809989, "m5": 0.011715152974709363, "h1": 0.04320287271163793, "d1": 0.05}}, "MSFT": {"p": 161.00129619163155, "d1_open": 164.41906387237157, "h1_open": 160.00715142749434, "m5_open": 160.2649640660283, "m1_open": 161.06832268375825, "band": {"m1": 0.0036980994810177762, "m5": 0.008417359284901576, "h1": 0.01752273761629649, "d1": 0.05510684124995467}, "garch_variance": 7.500778119913238e-06, "prev_return": 0.0032887307251732866, "boundary_trend": 1, "trend_ou": 0.02636949509402628, "reversion_strength": {"s1": 0.00502554902391116, "m1": 0.0038098335627198736, "m5": 0.0032918974962767448, "h1": 0.046518504108642444, "d1": 0.05}}, "NVDA": {"p": 101.36730187968443, "d1_open": 97.6331941946038, "h1_open": 100.4340456706556, "m5_open": 102.0276084895113, "m1_open": 101.71262083519659, "band": {"m1": 0.003395045301916579, "m5": 0.00780747451409947, "h1": 0.015644779554444495, "d1": 0.04705677298265866}, "garch_variance": 5.8555133679314914e-06, "prev_return": -0.003748456368012332, "boundary_trend": 1, "trend_ou": 0.04357027379039034, "reversion_strength": {"s1": 0.0011925680738830492, "m1": 0.020956231791063703, "m5": 0.022867711633453934, "h1": 0.013888096527728985, "d1": 0.05}}}