{"AAPL": {"p": 89.79423206062356, "d1_open": 87.95021220263737, "h1_open": 90.36175952352136, "m5_open": 90.21449246363383, "m1_open": 90.11708320006863, "band": {"m1": 0.0035825742243378277, "m5": 0.008184869190552547, "h1": 0.016806853783996042, "d1": 0.052038128567527216}, "garch_variance": 7.627745487158565e-06, "prev_return": -0.007165179103418491, "boundary_trend": 1, "trend_ou": 0.06677779452731848, "reversion_strength": {"s1": 0.008338960049529932, "m1": 0.001351140996985631, "m5": 0.013839264509730786, "h1": 0.04009322855887123, "d1": 0.05}}, "GOOG": {"p": 178.33070922365394, "d1_open": 175.76656301755804, "h1_open": 175.77288560235982, "m5_open": 176.7190024956771, "m1_open": 177.52430063235124, "band": {"m1": 0.004542525098987624, "m5": 0.01011673306025214, "h1": 0.022755451785109494, "d1": 0.07753743069594607}, "garch_variance": 1.812640830103349e-05, "prev_return": 0.0, "boundary_trend": -1, "trend_ou": 0.009224715547953169, "reversion_strength": {"s1": 0.0062823601171641975, "m1": 0.013292119646085305, "m5": 0.03312992683192555, "h1": 0.04623311401955329, "d1": 0.05}}, "AMZN": {"p": 171.45325118986352, "d1_open": 169.8941041712876, "h1_open": 168.9021703391811, "m5_open": 171.4784683046501, "m1_open": 171.46195265670872, "band": {"m1": 0.0033077606277553237, "m5": 0.007631817495762833, "h1": 0.015103896211395403, "d1": 0.04473821863118686}, "garch_variance": 4.76860909390461e-06, "prev_return": 0.0, "boundary_trend": -1, "trend_ou": 0.08050241239426775, "reversion_strength": {"s1": 0.002645480578274048, "m1": 0.009447304871809989, "m5": 0.011715152974709363, "h1": 0.04320287271163793, "d1": 0.05}}, "MSFT": {"p": 161.27815652496446, "d1_open": 164.41906387237157, "h1_open": 160.00715142749434, "m5_open": 161.28779684470032, "m1_open": 161.840826973731, "band": {"m1": 0.003476690395667965, "m5": 0.007971782095791169, "h1": 0.01615071569588235, "d1": 0.04922552241333049}, "garch_variance": 8.168586041684699e-06, "prev_return": 0.0, "boundary_trend": 1, "trend_ou": 0.01560791489382226, "reversion_strength": {"s1": 0.00502554902391116, "m1": 0.0038098335627198736, "m5": 0.0032918974962767448, "h1": 0.046518504108642444, "d1": 0.05}}, "NVDA": {"p": 100.95435856859571, "d1_open": 97.6331941946038, "h1_open": 100.4340456706556, "m5_open": 101.69385709706052, "m1_open": 101.32074965981494, "band": {"m1": 0.003616150615243065, "m5": 0.008252440373805441, "h1": 0.01701491906847882, "d1": 0.05293002268282442}, "garch_variance": 5.795434899600928e-06, "prev_return": -0.004454434949025576, "boundary_trend": 1, "trend_ou": 0.03598967441455344, "reversion_strength": {"s1": 0.0011925680738830492, "m1": 0.020956231791063703, "m5": 0.022867711633453934, "h1": 0.013888096527728985, "d1": 0.05}}}