{"AAPL": {"p": 89.3561578571436, "d1_open": 87.95021220263737, "h1_open": 89.17288531883615, "m5_open": 89.37153718416185, "m1_open": 89.37437972024105, "reversion_strength": {"s1": 0.008338960049529932, "m1": 0.001351140996985631, "m5": 0.013839264509730786, "h1": 0.04009322855887123, "d1": 0.05}, "garch_variance": 1.1676811715098838e-06, "prev_return": -0.00020390318753111029, "boundary_trend": 0}, "GOOG": {"p": 174.13362621084957, "d1_open": 175.76656301755804, "h1_open": 176.0396410021823, "m5_open": 174.5244804279311, "m1_open": 174.09752145053608, "reversion_strength": {"s1": 0.0062823601171641975, "m1": 0.013292119646085305, "m5": 0.03312992683192555, "h1": 0.04623311401955329, "d1": 0.05}, "garch_variance": 2.155825152681299e-06, "prev_return": 0.00020736089051958566, "boundary_trend": 0}, "AMZN": {"p": 164.30596638150362, "d1_open": 169.8941041712876, "h1_open": 162.3870609310141, "m5_open": 163.00281570739568, "m1_open": 164.5427530023469, "reversion_strength": {"s1": 0.002645480578274048, "m1": 0.009447304871809989, "m5": 0.011715152974709363, "h1": 0.04320287271163793, "d1": 0.05}, "garch_variance": 1.63654484337401e-06, "prev_return": -0.0014400947779820913, "boundary_trend": 0}, "MSFT": {"p": 163.54549390220242, "d1_open": 164.41906387237157, "h1_open": 164.33550431317852, "m5_open": 163.74337808413532, "m1_open": 163.57573124112278, "reversion_strength": {"s1": 0.00502554902391116, "m1": 0.0038098335627198736, "m5": 0.0032918974962767448, "h1": 0.046518504108642444, "d1": 0.05}, "garch_variance": 1.0774438671577015e-06, "prev_return": -0.00018486931866448414, "boundary_trend": 1}, "NVDA": {"p": 98.62067821382689, "d1_open": 97.6331941946038, "h1_open": 98.01165686841159, "m5_open": 97.04041909606616, "m1_open": 98.52355923689981, "reversion_strength": {"s1": 0.0011925680738830492, "m1": 0.020956231791063703, "m5": 0.022867711633453934, "h1": 0.013888096527728985, "d1": 0.05}, "garch_variance": 1.0526368252278884e-06, "prev_return": 0.0009852581646748316, "boundary_trend": 0}}