{"AAPL": {"p": 58.030199948866375, "d1_open": 58.881026803928506, "h1_open": 57.95099828715578, "m5_open": 57.911031559082915, "m1_open": 57.911031559082915, "band": {"m1": 0.0020577839243268413, "m5": 0.005128749084271179, "h1": 0.01155484723648605, "d1": 0.03809805437474566}, "garch_variance": 5.2741599585037365e-06, "prev_return": 0.004115573657757797, "boundary_trend": -1, "trend_ou": -0.17572695711974212, "reversion_strength": {"s1": 0.008338960049529932, "m1": 0.001351140996985631, "m5": 0.013839264509730786, "h1": 0.04009322855887123, "d1": 0.05}}, "GOOG": {"p": 115.89560005525517, "d1_open": 119.02146768303125, "h1_open": 116.73471203161151, "m5_open": 115.93167374080431, "m1_open": 115.93167374080431, "band": {"m1": 0.001845308082745044, "m5": 0.004701149701453142, "h1": 0.010238182603017723, "d1": 0.0324540304746051}, "garch_variance": 3.161947877994259e-06, "prev_return": 0.001535801010680436, "boundary_trend": 1, "trend_ou": -0.10145377239827083, "reversion_strength": {"s1": 0.0062823601171641975, "m1": 0.013292119646085305, "m5": 0.03312992683192555, "h1": 0.04623311401955329, "d1": 0.05}}, "AMZN": {"p": 153.60176585660278, "d1_open": 158.98498094367304, "h1_open": 155.272478808972, "m5_open": 153.93296388649821, "m1_open": 153.93296388649821, "band": {"m1": 0.0021515731363403214, "m5": 0.005317496232527633, "h1": 0.012136037726377454, "d1": 0.04058938962603188}, "garch_variance": 6.467399946967479e-06, "prev_return": -0.0008535024150333458, "boundary_trend": 1, "trend_ou": 0.10775798078433058, "reversion_strength": {"s1": 0.002645480578274048, "m1": 0.009447304871809989, "m5": 0.011715152974709363, "h1": 0.04320287271163793, "d1": 0.05}}, "MSFT": {"p": 133.03320893283293, "d1_open": 137.08846618531726, "h1_open": 133.13886604045118, "m5_open": 133.28232573041242, "m1_open": 133.28232573041242, "band": {"m1": 0.001869091015738713, "m5": 0.004749011930843492, "h1": 0.010385560048471238, "d1": 0.03308577967127806}, "garch_variance": 3.857961237713608e-06, "prev_return": 0.0, "boundary_trend": 1, "trend_ou": -0.015526997591603421, "reversion_strength": {"s1": 0.00502554902391116, "m1": 0.0038098335627198736, "m5": 0.0032918974962767448, "h1": 0.046518504108642444, "d1": 0.05}}, "NVDA": {"p": 77.4674470926813, "d1_open": 77.58920212535816, "h1_open": 77.04681052606045, "m5_open": 77.31842067613212, "m1_open": 77.31842067613212, "band": {"m1": 0.0019274374107227986, "m5": 0.004866431785727312, "h1": 0.010747119434206602, "d1": 0.03463564268311814}, "garch_variance": 4.494839171324619e-06, "prev_return": 0.003000417607022318, "boundary_trend": -1, "trend_ou": 0.24084979139614235, "reversion_strength": {"s1": 0.0011925680738830492, "m1": 0.020956231791063703, "m5": 0.022867711633453934, "h1": 0.013888096527728985, "d1": 0.05}}}