{"AAPL": {"p": 87.84239629079842, "d1_open": 87.95021220263737, "h1_open": 86.8359256319159, "m5_open": 87.61222977263225, "m1_open": 87.85642433957472, "reversion_strength": {"s1": 0.008338960049529932, "m1": 0.001351140996985631, "m5": 0.013839264509730786, "h1": 0.04009322855887123, "d1": 0.05}, "garch_variance": 1.2111923837107516e-06, "prev_return": -0.000159682902318625, "boundary_trend": 1}, "GOOG": {"p": 180.46403399757756, "d1_open": 175.76656301755804, "h1_open": 175.75153234700423, "m5_open": 180.33143310634733, "m1_open": 180.64445465793023, "reversion_strength": {"s1": 0.0062823601171641975, "m1": 0.013292119646085305, "m5": 0.03312992683192555, "h1": 0.04623311401955329, "d1": 0.05}, "garch_variance": 1.6524306868845965e-06, "prev_return": -0.0009992602280674261, "boundary_trend": 0}, "AMZN": {"p": 167.60156700008378, "d1_open": 169.8941041712876, "h1_open": 166.80472498164232, "m5_open": 167.07917642021076, "m1_open": 167.48782075052634, "reversion_strength": {"s1": 0.002645480578274048, "m1": 0.009447304871809989, "m5": 0.011715152974709363, "h1": 0.04320287271163793, "d1": 0.05}, "garch_variance": 1.4357926123530003e-06, "prev_return": 0.0006789009624557723, "boundary_trend": 0}, "MSFT": {"p": 164.69712172329574, "d1_open": 164.41906387237157, "h1_open": 164.04525621182805, "m5_open": 164.15673457973574, "m1_open": 164.63392326675918, "reversion_strength": {"s1": 0.00502554902391116, "m1": 0.0038098335627198736, "m5": 0.0032918974962767448, "h1": 0.046518504108642444, "d1": 0.05}, "garch_variance": 1.0922219815741123e-06, "prev_return": 0.0003837989662603284, "boundary_trend": -1}, "NVDA": {"p": 97.1945898751477, "d1_open": 97.6331941946038, "h1_open": 96.51017604046937, "m5_open": 97.81548468119334, "m1_open": 97.31063943698939, "reversion_strength": {"s1": 0.0011925680738830492, "m1": 0.020956231791063703, "m5": 0.022867711633453934, "h1": 0.013888096527728985, "d1": 0.05}, "garch_variance": 1.163878526663277e-06, "prev_return": -0.0011932797490587675, "boundary_trend": 1}}