{"AAPL": {"p": 88.33200443768393, "d1_open": 87.95021220263737, "h1_open": 86.8359256319159, "m5_open": 88.35899574781406, "m1_open": 88.28807495748232, "reversion_strength": {"s1": 0.008338960049529932, "m1": 0.001351140996985631, "m5": 0.013839264509730786, "h1": 0.04009322855887123, "d1": 0.05}, "garch_variance": 1.0918602142397433e-06, "prev_return": 0.0004974460577519373, "boundary_trend": 0}, "GOOG": {"p": 172.1022371123104, "d1_open": 175.76656301755804, "h1_open": 175.75153234700423, "m5_open": 173.39562003928023, "m1_open": 172.1275726825873, "reversion_strength": {"s1": 0.0062823601171641975, "m1": 0.013292119646085305, "m5": 0.03312992683192555, "h1": 0.04623311401955329, "d1": 0.05}, "garch_variance": 1.2309674781746604e-06, "prev_return": -0.00014720148924781, "boundary_trend": 0}, "AMZN": {"p": 169.69294463819259, "d1_open": 169.8941041712876, "h1_open": 166.80472498164232, "m5_open": 168.24357809292263, "m1_open": 169.58673691520795, "reversion_strength": {"s1": 0.002645480578274048, "m1": 0.009447304871809989, "m5": 0.011715152974709363, "h1": 0.04320287271163793, "d1": 0.05}, "garch_variance": 1.2289840459732015e-06, "prev_return": 0.0006260777301344054, "boundary_trend": 0}, "MSFT": {"p": 164.17079293361894, "d1_open": 164.41906387237157, "h1_open": 164.04525621182805, "m5_open": 164.4659852367981, "m1_open": 164.23841688326294, "reversion_strength": {"s1": 0.00502554902391116, "m1": 0.0038098335627198736, "m5": 0.0032918974962767448, "h1": 0.046518504108642444, "d1": 0.05}, "garch_variance": 1.3505915235169367e-06, "prev_return": -0.00041182737011221694, "boundary_trend": 0}, "NVDA": {"p": 95.33620258700535, "d1_open": 97.6331941946038, "h1_open": 96.51017604046937, "m5_open": 95.41022629582449, "m1_open": 95.31741968038664, "reversion_strength": {"s1": 0.0011925680738830492, "m1": 0.020956231791063703, "m5": 0.022867711633453934, "h1": 0.013888096527728985, "d1": 0.05}, "garch_variance": 1.3428272683897625e-06, "prev_return": 0.00019703697685993513, "boundary_trend": 0}}