{"AAPL": {"p": 83.65935801799964, "d1_open": 81.94143766685488, "h1_open": 83.16511765564458, "m5_open": 83.65827076873106, "m1_open": 83.81515058972332, "band": {"m1": 0.001858763846721345, "m5": 0.004728228904099324, "h1": 0.01032156492268286, "d1": 0.03281145771391625}, "garch_variance": 2.1834944005086864e-06, "prev_return": 0.0, "boundary_trend": 1, "trend_ou": -0.14654627478708843, "reversion_strength": {"s1": 0.008338960049529932, "m1": 0.001351140996985631, "m5": 0.013839264509730786, "h1": 0.04009322855887123, "d1": 0.05}}, "GOOG": {"p": 151.84457101184424, "d1_open": 151.7016903651911, "h1_open": 152.3937591816353, "m5_open": 151.85071396277704, "m1_open": 152.18303603058467, "band": {"m1": 0.002224065359508344, "m5": 0.005463384017487038, "h1": 0.012585255603272338, "d1": 0.042515010144057376}, "garch_variance": 6.485573926269577e-06, "prev_return": 0.0, "boundary_trend": 1, "trend_ou": -0.08073236874031504, "reversion_strength": {"s1": 0.0062823601171641975, "m1": 0.013292119646085305, "m5": 0.03312992683192555, "h1": 0.04623311401955329, "d1": 0.05}}, "AMZN": {"p": 169.78095971979204, "d1_open": 165.13593115049974, "h1_open": 168.6793807914225, "m5_open": 169.02915256973694, "m1_open": 169.40457890979872, "band": {"m1": 0.002221786520857409, "m5": 0.0054587979431671195, "h1": 0.012571134156642317, "d1": 0.04245447705137876}, "garch_variance": 5.209528151835771e-06, "prev_return": 0.004443580353392042, "boundary_trend": -1, "trend_ou": 0.025426418295940896, "reversion_strength": {"s1": 0.002645480578274048, "m1": 0.009447304871809989, "m5": 0.011715152974709363, "h1": 0.04320287271163793, "d1": 0.05}}, "MSFT": {"p": 161.64383992508414, "d1_open": 158.81978513575737, "h1_open": 159.9210688610481, "m5_open": 161.42080634960723, "m1_open": 161.64281538534044, "band": {"m1": 0.0019315547256559282, "m5": 0.0048747177221950405, "h1": 0.010772633501673968, "d1": 0.034745011464594605}, "garch_variance": 3.041231078537537e-06, "prev_return": 0.0019397608573829739, "boundary_trend": -1, "trend_ou": 0.12292350644375012, "reversion_strength": {"s1": 0.00502554902391116, "m1": 0.0038098335627198736, "m5": 0.0032918974962767448, "h1": 0.046518504108642444, "d1": 0.05}}, "NVDA": {"p": 99.78342692925715, "d1_open": 100.31090827320226, "h1_open": 98.94100541546996, "m5_open": 99.48799657007388, "m1_open": 99.69873415295801, "band": {"m1": 0.0021513433416183517, "m5": 0.0053170337795703584, "h1": 0.01213461374056748, "d1": 0.04058328555841993}, "garch_variance": 5.725345165207787e-06, "prev_return": -0.0012999061489164328, "boundary_trend": -1, "trend_ou": -0.09034334632143938, "reversion_strength": {"s1": 0.0011925680738830492, "m1": 0.020956231791063703, "m5": 0.022867711633453934, "h1": 0.013888096527728985, "d1": 0.05}}}