{"AAPL": {"p": 88.82879370647557, "d1_open": 87.95021220263737, "h1_open": 90.36175952352136, "m5_open": 88.962335514306, "m1_open": 88.962335514306, "band": {"m1": 0.003608056683183025, "m5": 0.00823615164974308, "h1": 0.01696476280596063, "d1": 0.052715022494318794}, "garch_variance": 6.730524287818267e-06, "prev_return": 0.0, "boundary_trend": 1, "trend_ou": 0.06534800162384304, "reversion_strength": {"s1": 0.008338960049529932, "m1": 0.001351140996985631, "m5": 0.013839264509730786, "h1": 0.04009322855887123, "d1": 0.05}}, "GOOG": {"p": 177.40202953936145, "d1_open": 175.76656301755804, "h1_open": 175.77288560235982, "m5_open": 178.19978304755804, "m1_open": 178.19978304755804, "band": {"m1": 0.004476736697169159, "m5": 0.009984336455514695, "h1": 0.02234777596972306, "d1": 0.07578988467164885}, "garch_variance": 1.7898834640467322e-05, "prev_return": -0.00895353320775612, "boundary_trend": 1, "trend_ou": -0.009503604911713375, "reversion_strength": {"s1": 0.0062823601171641975, "m1": 0.013292119646085305, "m5": 0.03312992683192555, "h1": 0.04623311401955329, "d1": 0.05}}, "AMZN": {"p": 169.72731620890534, "d1_open": 169.8941041712876, "h1_open": 168.9021703391811, "m5_open": 169.7939597233739, "m1_open": 169.7939597233739, "band": {"m1": 0.00360025628864627, "m5": 0.008220453658551128, "h1": 0.016916425528945112, "d1": 0.05250781958189252}, "garch_variance": 5.535363010585471e-06, "prev_return": -0.003986364305874574, "boundary_trend": 0, "trend_ou": 0.0661373606855275, "reversion_strength": {"s1": 0.002645480578274048, "m1": 0.009447304871809989, "m5": 0.011715152974709363, "h1": 0.04320287271163793, "d1": 0.05}}, "MSFT": {"p": 160.29811049407522, "d1_open": 164.41906387237157, "h1_open": 160.00715142749434, "m5_open": 159.7271831574236, "m1_open": 159.7271831574236, "band": {"m1": 0.0035743905662501164, "m5": 0.008168399896342684, "h1": 0.016756141509620424, "d1": 0.05182074497467374}, "garch_variance": 7.795329999210027e-06, "prev_return": 0.0, "boundary_trend": -1, "trend_ou": 0.004038826914606424, "reversion_strength": {"s1": 0.00502554902391116, "m1": 0.0038098335627198736, "m5": 0.0032918974962767448, "h1": 0.046518504108642444, "d1": 0.05}}, "NVDA": {"p": 101.88736140312281, "d1_open": 97.6331941946038, "h1_open": 100.4340456706556, "m5_open": 102.27558224212207, "m1_open": 102.27558224212207, "band": {"m1": 0.00379583113083837, "m5": 0.008614040436198424, "h1": 0.018128358499740545, "d1": 0.0577028999984748}, "garch_variance": 7.782068525787522e-06, "prev_return": 0.0, "boundary_trend": 1, "trend_ou": 0.03912041339182178, "reversion_strength": {"s1": 0.0011925680738830492, "m1": 0.020956231791063703, "m5": 0.022867711633453934, "h1": 0.013888096527728985, "d1": 0.05}}}