{"AAPL": {"p": 58.276616183418525, "d1_open": 58.881026803928506, "h1_open": 58.1428595806997, "m5_open": 58.171640801011506, "m1_open": 58.143010154109135, "band": {"m1": 0.002297886348767795, "m5": 0.005611945892622412, "h1": 0.013042707542476197, "d1": 0.044475926851625595}, "garch_variance": 5.9476077108663045e-06, "prev_return": 0.0, "boundary_trend": -1, "trend_ou": -0.18022983878300403, "reversion_strength": {"s1": 0.008338960049529932, "m1": 0.001351140996985631, "m5": 0.013839264509730786, "h1": 0.04009322855887123, "d1": 0.05}}, "GOOG": {"p": 117.99311301871789, "d1_open": 119.02146768303125, "h1_open": 117.50203204488679, "m5_open": 118.24912058124261, "m1_open": 118.25040823399638, "band": {"m1": 0.0021758505456433933, "m5": 0.005366353576294963, "h1": 0.01228647932944923, "d1": 0.04123427366235318}, "garch_variance": 5.325528579614825e-06, "prev_return": -0.004351707958762844, "boundary_trend": 1, "trend_ou": -0.12866945228014834, "reversion_strength": {"s1": 0.0062823601171641975, "m1": 0.013292119646085305, "m5": 0.03312992683192555, "h1": 0.04623311401955329, "d1": 0.05}}, "AMZN": {"p": 156.82279765529435, "d1_open": 158.98498094367304, "h1_open": 156.14714668241675, "m5_open": 156.11384225994, "m1_open": 156.67239615666122, "band": {"m1": 0.00176586413361096, "m5": 0.004541271837854779, "h1": 0.009745886455892513, "d1": 0.03034375033971405}, "garch_variance": 1.9446571352294945e-06, "prev_return": 0.0027269390871076373, "boundary_trend": -1, "trend_ou": 0.09531017791860341, "reversion_strength": {"s1": 0.002645480578274048, "m1": 0.009447304871809989, "m5": 0.011715152974709363, "h1": 0.04320287271163793, "d1": 0.05}}, "MSFT": {"p": 133.27236759587225, "d1_open": 137.08846618531726, "h1_open": 134.15426905759884, "m5_open": 132.97560567397798, "m1_open": 132.97549387030108, "band": {"m1": 0.00223254463608709, "m5": 0.005480448232434126, "h1": 0.01263779975843613, "d1": 0.04274024629001198}, "garch_variance": 5.497200527529739e-06, "prev_return": 0.0, "boundary_trend": -1, "trend_ou": -0.0065820587975120365, "reversion_strength": {"s1": 0.00502554902391116, "m1": 0.0038098335627198736, "m5": 0.0032918974962767448, "h1": 0.046518504108642444, "d1": 0.05}}, "NVDA": {"p": 77.48896098206446, "d1_open": 77.58920212535816, "h1_open": 76.70225877457747, "m5_open": 77.5236416323642, "m1_open": 77.49825143436792, "band": {"m1": 0.0018482755911828732, "m5": 0.004707121696984853, "h1": 0.010256571580232831, "d1": 0.03253285679397529}, "garch_variance": 2.3013746248427257e-06, "prev_return": 0.0, "boundary_trend": -1, "trend_ou": 0.22796629463643772, "reversion_strength": {"s1": 0.0011925680738830492, "m1": 0.020956231791063703, "m5": 0.022867711633453934, "h1": 0.013888096527728985, "d1": 0.05}}}