{"AAPL": {"p": 83.59032644802576, "d1_open": 81.94143766685488, "h1_open": 83.16511765564458, "m5_open": 83.58864617814717, "m1_open": 83.75605672383873, "band": {"m1": 0.00197872586527571, "m5": 0.004969647809484411, "h1": 0.011064942362744433, "d1": 0.0359980246891989}, "garch_variance": 2.933518539818001e-06, "prev_return": 0.0, "boundary_trend": 1, "trend_ou": -0.14739115403862751, "reversion_strength": {"s1": 0.008338960049529932, "m1": 0.001351140996985631, "m5": 0.013839264509730786, "h1": 0.04009322855887123, "d1": 0.05}}, "GOOG": {"p": 152.01482557516678, "d1_open": 151.7016903651911, "h1_open": 152.3937591816353, "m5_open": 151.3456365239431, "m1_open": 151.68027343120175, "band": {"m1": 0.00220564043297799, "m5": 0.005426304568104959, "h1": 0.012471080509500888, "d1": 0.04202558638217705}, "garch_variance": 5.279785719999898e-06, "prev_return": 0.0, "boundary_trend": -1, "trend_ou": -0.07971932490652621, "reversion_strength": {"s1": 0.0062823601171641975, "m1": 0.013292119646085305, "m5": 0.03312992683192555, "h1": 0.04623311401955329, "d1": 0.05}}, "AMZN": {"p": 170.13586428354154, "d1_open": 165.13593115049974, "h1_open": 168.6793807914225, "m5_open": 170.40640269154596, "m1_open": 170.42997652560683, "band": {"m1": 0.0020051209540250204, "m5": 0.005022766900928449, "h1": 0.011228506745380826, "d1": 0.03669916092491579}, "garch_variance": 3.88194166301349e-06, "prev_return": -0.00017563162004319654, "boundary_trend": 0, "trend_ou": 0.024511128982021194, "reversion_strength": {"s1": 0.002645480578274048, "m1": 0.009447304871809989, "m5": 0.011715152974709363, "h1": 0.04320287271163793, "d1": 0.05}}, "MSFT": {"p": 160.95848261676574, "d1_open": 158.81978513575737, "h1_open": 159.9210688610481, "m5_open": 160.96181329992777, "m1_open": 161.23716613698681, "band": {"m1": 0.0017284074565309146, "m5": 0.004465891729308763, "h1": 0.009513775917436058, "d1": 0.029348783669217362}, "garch_variance": 2.4069414242586747e-06, "prev_return": -0.003002719064441947, "boundary_trend": 1, "trend_ou": 0.13191560081704157, "reversion_strength": {"s1": 0.00502554902391116, "m1": 0.0038098335627198736, "m5": 0.0032918974962767448, "h1": 0.046518504108642444, "d1": 0.05}}, "NVDA": {"p": 99.63730984010736, "d1_open": 100.31090827320226, "h1_open": 98.94100541546996, "m5_open": 99.63721065145782, "m1_open": 99.81685182338218, "band": {"m1": 0.0017987141449071458, "m5": 0.004607381210342696, "h1": 0.009949450530569077, "d1": 0.031216349537323}, "garch_variance": 2.302176453580763e-06, "prev_return": -0.0019094953137357613, "boundary_trend": 1, "trend_ou": -0.05829663169688166, "reversion_strength": {"s1": 0.0011925680738830492, "m1": 0.020956231791063703, "m5": 0.022867711633453934, "h1": 0.013888096527728985, "d1": 0.05}}}