{"AAPL": {"p": 89.58452436871431, "d1_open": 87.95021220263737, "h1_open": 89.17288531883615, "m5_open": 89.51660531819616, "m1_open": 89.60095954405735, "reversion_strength": {"s1": 0.008338960049529932, "m1": 0.001351140996985631, "m5": 0.013839264509730786, "h1": 0.04009322855887123, "d1": 0.05}, "garch_variance": 1.0097709025428613e-06, "prev_return": -0.00018344315655753978, "boundary_trend": 0}, "GOOG": {"p": 183.35261805448332, "d1_open": 175.76656301755804, "h1_open": 176.0396410021823, "m5_open": 182.72243655877648, "m1_open": 183.45446931547986, "reversion_strength": {"s1": 0.0062823601171641975, "m1": 0.013292119646085305, "m5": 0.03312992683192555, "h1": 0.04623311401955329, "d1": 0.05}, "garch_variance": 2.298399541939939e-06, "prev_return": -0.0005553396710211749, "boundary_trend": 0}, "AMZN": {"p": 167.3992848614482, "d1_open": 169.8941041712876, "h1_open": 162.3870609310141, "m5_open": 168.0302093169986, "m1_open": 167.14322965219975, "reversion_strength": {"s1": 0.002645480578274048, "m1": 0.009447304871809989, "m5": 0.011715152974709363, "h1": 0.04320287271163793, "d1": 0.05}, "garch_variance": 1.7357225887509048e-06, "prev_return": 0.001530778589510651, "boundary_trend": 0}, "MSFT": {"p": 163.6820149796184, "d1_open": 164.41906387237157, "h1_open": 164.33550431317852, "m5_open": 163.55460520104887, "m1_open": 163.726126582412, "reversion_strength": {"s1": 0.00502554902391116, "m1": 0.0038098335627198736, "m5": 0.0032918974962767448, "h1": 0.046518504108642444, "d1": 0.05}, "garch_variance": 1.6714102945677643e-06, "prev_return": -0.00026945941447923576, "boundary_trend": 0}, "NVDA": {"p": 98.81195641206469, "d1_open": 97.6331941946038, "h1_open": 98.01165686841159, "m5_open": 97.71444054916506, "m1_open": 98.92993709659734, "reversion_strength": {"s1": 0.0011925680738830492, "m1": 0.020956231791063703, "m5": 0.022867711633453934, "h1": 0.013888096527728985, "d1": 0.05}, "garch_variance": 1.4103479640804423e-06, "prev_return": -0.0011932797490587675, "boundary_trend": 1}}