{"AAPL": {"p": 57.79050165431268, "d1_open": 58.881026803928506, "h1_open": 57.95099828715578, "m5_open": 57.79828395725177, "m1_open": 57.90975497297388, "band": {"m1": 0.002059295859857466, "m5": 0.005131791795832846, "h1": 0.011564216358295092, "d1": 0.03813821611834339}, "garch_variance": 5.919768895708439e-06, "prev_return": -0.004118597541632865, "boundary_trend": 1, "trend_ou": -0.1794462109415867, "reversion_strength": {"s1": 0.008338960049529932, "m1": 0.001351140996985631, "m5": 0.013839264509730786, "h1": 0.04009322855887123, "d1": 0.05}}, "GOOG": {"p": 115.8466276594788, "d1_open": 119.02146768303125, "h1_open": 116.73471203161151, "m5_open": 116.17099145683495, "m1_open": 115.95096512234227, "band": {"m1": 0.0018992011342132214, "m5": 0.0048096073753911076, "h1": 0.010572145628317804, "d1": 0.03388559873325252}, "garch_variance": 4.537573321426263e-06, "prev_return": 0.0004170651031690505, "boundary_trend": 0, "trend_ou": -0.11084348937189263, "reversion_strength": {"s1": 0.0062823601171641975, "m1": 0.013292119646085305, "m5": 0.03312992683192555, "h1": 0.04623311401955329, "d1": 0.05}}, "AMZN": {"p": 153.80095833522356, "d1_open": 158.98498094367304, "h1_open": 155.272478808972, "m5_open": 154.45475624914312, "m1_open": 154.12856581551773, "band": {"m1": 0.00212554680283151, "m5": 0.005265119246689928, "h1": 0.011974758436389505, "d1": 0.039898048684571426}, "garch_variance": 7.466287256227846e-06, "prev_return": -0.004251100007755478, "boundary_trend": 1, "trend_ou": 0.11202764133103806, "reversion_strength": {"s1": 0.002645480578274048, "m1": 0.009447304871809989, "m5": 0.011715152974709363, "h1": 0.04320287271163793, "d1": 0.05}}, "MSFT": {"p": 133.29966072448644, "d1_open": 137.08846618531726, "h1_open": 133.13886604045118, "m5_open": 132.90056074164417, "m1_open": 133.05499365353091, "band": {"m1": 0.0018388417017449613, "m5": 0.004688136360717004, "h1": 0.010198111905540038, "d1": 0.032282263140304024}, "garch_variance": 4.638799142542403e-06, "prev_return": 0.0036776875486629933, "boundary_trend": -1, "trend_ou": -0.018762444116774683, "reversion_strength": {"s1": 0.00502554902391116, "m1": 0.0038098335627198736, "m5": 0.0032918974962767448, "h1": 0.046518504108642444, "d1": 0.05}}, "NVDA": {"p": 77.4666765976307, "d1_open": 77.58920212535816, "h1_open": 77.04681052606045, "m5_open": 77.37490571439886, "m1_open": 77.5185484647561, "band": {"m1": 0.0019076129107949555, "m5": 0.0048265357492145765, "h1": 0.01062427150129872, "d1": 0.034109041867853185}, "garch_variance": 4.658060296867266e-06, "prev_return": 0.0007194995227234625, "boundary_trend": 0, "trend_ou": 0.24182484774860039, "reversion_strength": {"s1": 0.0011925680738830492, "m1": 0.020956231791063703, "m5": 0.022867711633453934, "h1": 0.013888096527728985, "d1": 0.05}}}