{"AAPL": {"p": 57.83375485258429, "d1_open": 58.881026803928506, "h1_open": 58.18002329517424, "m5_open": 57.95574319805747, "m1_open": 57.95103501067662, "band": {"m1": 0.002023780214981871, "m5": 0.00506031793924693, "h1": 0.011344133956482295, "d1": 0.03719480934318022}, "garch_variance": 4.0598521094702605e-06, "prev_return": -0.004047565955823317, "boundary_trend": 1, "trend_ou": -0.1861506868860687, "reversion_strength": {"s1": 0.008338960049529932, "m1": 0.001351140996985631, "m5": 0.013839264509730786, "h1": 0.04009322855887123, "d1": 0.05}}, "GOOG": {"p": 116.96508945285763, "d1_open": 119.02146768303125, "h1_open": 117.8132584785911, "m5_open": 116.47384860653564, "m1_open": 117.05771996470038, "band": {"m1": 0.001987667106127187, "m5": 0.0049876417095968, "h1": 0.011120349205803948, "d1": 0.0362355320532689}, "garch_variance": 4.55194629572221e-06, "prev_return": 0.0011839414757152196, "boundary_trend": 0, "trend_ou": -0.138720782081287, "reversion_strength": {"s1": 0.0062823601171641975, "m1": 0.013292119646085305, "m5": 0.03312992683192555, "h1": 0.04623311401955329, "d1": 0.05}}, "AMZN": {"p": 155.47734510662747, "d1_open": 158.98498094367304, "h1_open": 156.39399479459698, "m5_open": 154.8346184811663, "m1_open": 155.1546349580184, "band": {"m1": 0.00207992593129042, "m5": 0.0051733090137271315, "h1": 0.011692056235240531, "d1": 0.0386862154361123}, "garch_variance": 4.867979762815328e-06, "prev_return": 0.004159857861230134, "boundary_trend": -1, "trend_ou": 0.11645174950621599, "reversion_strength": {"s1": 0.002645480578274048, "m1": 0.009447304871809989, "m5": 0.011715152974709363, "h1": 0.04320287271163793, "d1": 0.05}}, "MSFT": {"p": 133.38348973921558, "d1_open": 137.08846618531726, "h1_open": 133.29083440032448, "m5_open": 133.38068513768832, "m1_open": 133.6293454458715, "band": {"m1": 0.0018398332030708042, "m5": 0.004690131718644933, "h1": 0.010204256014536409, "d1": 0.032308600521243035}, "garch_variance": 3.7705769975415724e-06, "prev_return": 0.0, "boundary_trend": 1, "trend_ou": -0.018061537340003608, "reversion_strength": {"s1": 0.00502554902391116, "m1": 0.0038098335627198736, "m5": 0.0032918974962767448, "h1": 0.046518504108642444, "d1": 0.05}}, "NVDA": {"p": 76.89970630161179, "d1_open": 77.58920212535816, "h1_open": 77.08644892077346, "m5_open": 77.21247155472125, "m1_open": 77.04485911696182, "band": {"m1": 0.0018840039038772213, "m5": 0.004779023539300192, "h1": 0.010477971836318113, "d1": 0.03348191269255361}, "garch_variance": 4.205335087011892e-06, "prev_return": -0.003768012265908537, "boundary_trend": 1, "trend_ou": 0.25148067712514777, "reversion_strength": {"s1": 0.0011925680738830492, "m1": 0.020956231791063703, "m5": 0.022867711633453934, "h1": 0.013888096527728985, "d1": 0.05}}}