{"AAPL": {"p": 57.35043016095445, "d1_open": 58.881026803928506, "h1_open": 57.95099828715578, "m5_open": 57.45893584602888, "m1_open": 57.459721173089754, "band": {"m1": 0.001902045640041945, "m5": 0.004815331832946986, "h1": 0.010589772386242341, "d1": 0.033961157718038204}, "garch_variance": 3.983061689639078e-06, "prev_return": 0.0, "boundary_trend": 1, "trend_ou": -0.18772652338930015, "reversion_strength": {"s1": 0.008338960049529932, "m1": 0.001351140996985631, "m5": 0.013839264509730786, "h1": 0.04009322855887123, "d1": 0.05}}, "GOOG": {"p": 115.97243218180024, "d1_open": 119.02146768303125, "h1_open": 116.73471203161151, "m5_open": 115.7971199061789, "m1_open": 115.77190054705689, "band": {"m1": 0.001732126999693369, "m5": 0.004473377165529607, "h1": 0.009536825083393954, "d1": 0.02944758638650612}, "garch_variance": 3.849962773439616e-06, "prev_return": 0.0009653094485829079, "boundary_trend": -1, "trend_ou": -0.08933745967962092, "reversion_strength": {"s1": 0.0062823601171641975, "m1": 0.013292119646085305, "m5": 0.03312992683192555, "h1": 0.04623311401955329, "d1": 0.05}}, "AMZN": {"p": 155.83213883062342, "d1_open": 158.98498094367304, "h1_open": 155.272478808972, "m5_open": 155.90065953745932, "m1_open": 155.9013923552561, "band": {"m1": 0.0018399505338613602, "m5": 0.004690367842306116, "h1": 0.010204983086852923, "d1": 0.032311717194560774}, "garch_variance": 5.0111548465796605e-06, "prev_return": -0.002282572228233807, "boundary_trend": 0, "trend_ou": 0.09345111468712301, "reversion_strength": {"s1": 0.002645480578274048, "m1": 0.009447304871809989, "m5": 0.011715152974709363, "h1": 0.04320287271163793, "d1": 0.05}}, "MSFT": {"p": 133.20496798506022, "d1_open": 137.08846618531726, "h1_open": 133.13886604045118, "m5_open": 133.51294943142068, "m1_open": 133.44168503613662, "band": {"m1": 0.0018859914689893925, "m5": 0.004783023436930662, "h1": 0.010490288326844422, "d1": 0.03353470864767335}, "garch_variance": 4.948715693128532e-06, "prev_return": 0.0001122605865072899, "boundary_trend": 1, "trend_ou": -0.031609279073776995, "reversion_strength": {"s1": 0.00502554902391116, "m1": 0.0038098335627198736, "m5": 0.0032918974962767448, "h1": 0.046518504108642444, "d1": 0.05}}, "NVDA": {"p": 77.60768657494779, "d1_open": 77.58920212535816, "h1_open": 77.04681052606045, "m5_open": 77.61915011524692, "m1_open": 77.73376213133112, "band": {"m1": 0.0016218892914294095, "m5": 0.0042515280571038035, "h1": 0.008853706990225335, "d1": 0.02651932755243538}, "garch_variance": 2.048676594853097e-06, "prev_return": -0.0015614327080501046, "boundary_trend": 1, "trend_ou": 0.25186798323432186, "reversion_strength": {"s1": 0.0011925680738830492, "m1": 0.020956231791063703, "m5": 0.022867711633453934, "h1": 0.013888096527728985, "d1": 0.05}}}