{"AAPL": {"p": 89.39284682631757, "d1_open": 87.95021220263737, "h1_open": 89.17288531883615, "m5_open": 89.30504890622785, "m1_open": 89.42571261904286, "reversion_strength": {"s1": 0.008338960049529932, "m1": 0.001351140996985631, "m5": 0.013839264509730786, "h1": 0.04009322855887123, "d1": 0.05}, "garch_variance": 1.1459215539600513e-06, "prev_return": -0.00036758816531458317, "boundary_trend": 0}, "GOOG": {"p": 175.7892076437011, "d1_open": 175.76656301755804, "h1_open": 176.0396410021823, "m5_open": 177.53871507312638, "m1_open": 175.96087149599668, "reversion_strength": {"s1": 0.0062823601171641975, "m1": 0.013292119646085305, "m5": 0.03312992683192555, "h1": 0.04623311401955329, "d1": 0.05}, "garch_variance": 1.5708337023301984e-06, "prev_return": -0.000976055876626373, "boundary_trend": 0}, "AMZN": {"p": 167.3041003487133, "d1_open": 169.8941041712876, "h1_open": 162.3870609310141, "m5_open": 165.84370005277407, "m1_open": 167.41047604824163, "reversion_strength": {"s1": 0.002645480578274048, "m1": 0.009447304871809989, "m5": 0.011715152974709363, "h1": 0.04320287271163793, "d1": 0.05}, "garch_variance": 1.4973458483676654e-06, "prev_return": -0.00063562037993603, "boundary_trend": 0}, "MSFT": {"p": 164.6775772276743, "d1_open": 164.41906387237157, "h1_open": 164.33550431317852, "m5_open": 164.2419127704083, "m1_open": 164.53692756455314, "reversion_strength": {"s1": 0.00502554902391116, "m1": 0.0038098335627198736, "m5": 0.0032918974962767448, "h1": 0.046518504108642444, "d1": 0.05}, "garch_variance": 1.6635835106031857e-06, "prev_return": 0.0008544561046435944, "boundary_trend": 0}, "NVDA": {"p": 98.45108194140236, "d1_open": 97.6331941946038, "h1_open": 98.01165686841159, "m5_open": 98.7714903452179, "m1_open": 98.36535022150902, "reversion_strength": {"s1": 0.0011925680738830492, "m1": 0.020956231791063703, "m5": 0.022867711633453934, "h1": 0.013888096527728985, "d1": 0.05}, "garch_variance": 1.268298566518281e-06, "prev_return": 0.0008711846299972252, "boundary_trend": -1}}