{"AAPL": {"p": 89.17259750189662, "d1_open": 87.95021220263737, "h1_open": 90.36175952352136, "m5_open": 88.962335514306, "m1_open": 88.85969547717832, "band": {"m1": 0.0035213042655390615, "m5": 0.008061565776985158, "h1": 0.016427177735915344, "d1": 0.050410606543157516}, "garch_variance": 5.5363171998006436e-06, "prev_return": 0.0, "boundary_trend": -1, "trend_ou": 0.06569620959911786, "reversion_strength": {"s1": 0.008338960049529932, "m1": 0.001351140996985631, "m5": 0.013839264509730786, "h1": 0.04009322855887123, "d1": 0.05}}, "GOOG": {"p": 177.10766678773925, "d1_open": 175.76656301755804, "h1_open": 175.77288560235982, "m5_open": 178.19978304755804, "m1_open": 177.3647182700932, "band": {"m1": 0.004802804460250471, "m5": 0.010640535170683696, "h1": 0.024368343995561512, "d1": 0.084451265815951}, "garch_variance": 2.5745099669493665e-05, "prev_return": 0.003364041826450642, "boundary_trend": 1, "trend_ou": -0.011492290496411824, "reversion_strength": {"s1": 0.0062823601171641975, "m1": 0.013292119646085305, "m5": 0.03312992683192555, "h1": 0.04623311401955329, "d1": 0.05}}, "AMZN": {"p": 169.84815979716566, "d1_open": 169.8941041712876, "h1_open": 168.9021703391811, "m5_open": 169.7939597233739, "m1_open": 169.24208450393155, "band": {"m1": 0.0035811145614911217, "m5": 0.008181931675738028, "h1": 0.01679780858416185, "d1": 0.051999355350150496}, "garch_variance": 7.16816729396775e-06, "prev_return": 0.0, "boundary_trend": -1, "trend_ou": 0.06563525973852057, "reversion_strength": {"s1": 0.002645480578274048, "m1": 0.009447304871809989, "m5": 0.011715152974709363, "h1": 0.04320287271163793, "d1": 0.05}}, "MSFT": {"p": 161.00401406120514, "d1_open": 164.41906387237157, "h1_open": 160.00715142749434, "m5_open": 159.7271831574236, "m1_open": 161.01591763870977, "band": {"m1": 0.00348764283715689, "m5": 0.00799382345911111, "h1": 0.016218585493461415, "d1": 0.049516453566106206}, "garch_variance": 5.104386939444633e-06, "prev_return": 0.0, "boundary_trend": -1, "trend_ou": 0.0035403201338988187, "reversion_strength": {"s1": 0.00502554902391116, "m1": 0.0038098335627198736, "m5": 0.0032918974962767448, "h1": 0.046518504108642444, "d1": 0.05}}, "NVDA": {"p": 101.78597305952917, "d1_open": 97.6331941946038, "h1_open": 100.4340456706556, "m5_open": 102.27558224212207, "m1_open": 101.40699084849767, "band": {"m1": 0.003737239492666662, "m5": 0.008496127038919915, "h1": 0.01776527939755489, "d1": 0.0561465225593851}, "garch_variance": 8.653835525893483e-06, "prev_return": 0.0037337735831091284, "boundary_trend": -1, "trend_ou": 0.04205028479219961, "reversion_strength": {"s1": 0.0011925680738830492, "m1": 0.020956231791063703, "m5": 0.022867711633453934, "h1": 0.013888096527728985, "d1": 0.05}}}