{"AAPL": {"p": 57.45800138965498, "d1_open": 58.881026803928506, "h1_open": 57.95099828715578, "m5_open": 57.45893584602888, "m1_open": 57.35043016095445, "band": {"m1": 0.0018756830314720983, "m5": 0.00476227810660323, "h1": 0.010426409275916579, "d1": 0.03326088425762701}, "garch_variance": 3.6050942868823888e-06, "prev_return": 0.0019376190521058743, "boundary_trend": -1, "trend_ou": -0.1876498944217547, "reversion_strength": {"s1": 0.008338960049529932, "m1": 0.001351140996985631, "m5": 0.013839264509730786, "h1": 0.04009322855887123, "d1": 0.05}}, "GOOG": {"p": 115.77082169354962, "d1_open": 119.02146768303125, "h1_open": 116.73471203161151, "m5_open": 115.7971199061789, "m1_open": 115.97243218180024, "band": {"m1": 0.001738434595685426, "m5": 0.004486070957601168, "h1": 0.0095759118261649, "d1": 0.029615135893624536}, "garch_variance": 3.5438765805182684e-06, "prev_return": 0.0, "boundary_trend": 1, "trend_ou": -0.0878593169988339, "reversion_strength": {"s1": 0.0062823601171641975, "m1": 0.013292119646085305, "m5": 0.03312992683192555, "h1": 0.04623311401955329, "d1": 0.05}}, "AMZN": {"p": 155.542943820652, "d1_open": 158.98498094367304, "h1_open": 155.272478808972, "m5_open": 155.90065953745932, "m1_open": 155.83213883062342, "band": {"m1": 0.0018558110807022983, "m5": 0.004722286577113107, "h1": 0.010303267300895636, "d1": 0.032733022999367256}, "garch_variance": 5.135032582242611e-06, "prev_return": -0.003711626422398806, "boundary_trend": 1, "trend_ou": 0.09424240367048958, "reversion_strength": {"s1": 0.002645480578274048, "m1": 0.009447304871809989, "m5": 0.011715152974709363, "h1": 0.04320287271163793, "d1": 0.05}}, "MSFT": {"p": 132.95453598230452, "d1_open": 137.08846618531726, "h1_open": 133.13886604045118, "m5_open": 133.51294943142068, "m1_open": 133.20496798506022, "band": {"m1": 0.0018800500202348464, "m5": 0.004771066501960665, "h1": 0.010453470515518499, "d1": 0.03337688515808284}, "garch_variance": 4.455625956310086e-06, "prev_return": -0.0007327712286508793, "boundary_trend": 1, "trend_ou": -0.0357207333824295, "reversion_strength": {"s1": 0.00502554902391116, "m1": 0.0038098335627198736, "m5": 0.0032918974962767448, "h1": 0.046518504108642444, "d1": 0.05}}, "NVDA": {"p": 77.72697185130649, "d1_open": 77.58920212535816, "h1_open": 77.04681052606045, "m5_open": 77.61915011524692, "m1_open": 77.60768657494779, "band": {"m1": 0.0016177242593301572, "m5": 0.004243146091691646, "h1": 0.008827897230294417, "d1": 0.026408691253560043}, "garch_variance": 2.195404055682967e-06, "prev_return": 0.0, "boundary_trend": -1, "trend_ou": 0.25201727655490486, "reversion_strength": {"s1": 0.0011925680738830492, "m1": 0.020956231791063703, "m5": 0.022867711633453934, "h1": 0.013888096527728985, "d1": 0.05}}}