{"AAPL": {"p": 90.21449246363383, "d1_open": 87.95021220263737, "h1_open": 90.36175952352136, "m5_open": 89.48440483604766, "m1_open": 90.21300992510481, "band": {"m1": 0.003569632919153139, "m5": 0.008158825316253065, "h1": 0.016726659448862462, "d1": 0.05169436696518394}, "garch_variance": 7.498037591083342e-06, "prev_return": 0.003592452881459302, "boundary_trend": -1, "trend_ou": 0.06777184195168219, "reversion_strength": {"s1": 0.008338960049529932, "m1": 0.001351140996985631, "m5": 0.013839264509730786, "h1": 0.04009322855887123, "d1": 0.05}}, "GOOG": {"p": 176.7190024956771, "d1_open": 175.76656301755804, "h1_open": 175.77288560235982, "m5_open": 176.8341347890509, "m1_open": 177.54167225782956, "band": {"m1": 0.0046336713611538315, "m5": 0.01030016137454093, "h1": 0.023320264513811535, "d1": 0.07995856092065687}, "garch_variance": 1.6728522402303717e-05, "prev_return": 0.0, "boundary_trend": 1, "trend_ou": 0.0009505970166362573, "reversion_strength": {"s1": 0.0062823601171641975, "m1": 0.013292119646085305, "m5": 0.03312992683192555, "h1": 0.04623311401955329, "d1": 0.05}}, "AMZN": {"p": 171.4784683046501, "d1_open": 169.8941041712876, "h1_open": 168.9021703391811, "m5_open": 170.61850811236462, "m1_open": 170.9252428277217, "band": {"m1": 0.0033318538314847583, "m5": 0.007680304132964122, "h1": 0.015253196334276815, "d1": 0.045378209590476865}, "garch_variance": 5.109075874462561e-06, "prev_return": 0.0, "boundary_trend": -1, "trend_ou": 0.07977793993367686, "reversion_strength": {"s1": 0.002645480578274048, "m1": 0.009447304871809989, "m5": 0.011715152974709363, "h1": 0.04320287271163793, "d1": 0.05}}, "MSFT": {"p": 161.28779684470032, "d1_open": 164.41906387237157, "h1_open": 160.00715142749434, "m5_open": 162.01285140092668, "m1_open": 160.7365870452935, "band": {"m1": 0.003429274003755671, "m5": 0.007876358447783874, "h1": 0.015856887061940658, "d1": 0.04796599451962218}, "garch_variance": 5.944397502548762e-06, "prev_return": 0.0032437445252262885, "boundary_trend": -1, "trend_ou": 0.012672159792292984, "reversion_strength": {"s1": 0.00502554902391116, "m1": 0.0038098335627198736, "m5": 0.0032918974962767448, "h1": 0.046518504108642444, "d1": 0.05}}, "NVDA": {"p": 101.69385709706052, "d1_open": 97.6331941946038, "h1_open": 100.4340456706556, "m5_open": 101.08184029740295, "m1_open": 101.31751861836054, "band": {"m1": 0.0037144462658777787, "m5": 0.00845025655484605, "h1": 0.017624034937139408, "d1": 0.05554106305961293}, "garch_variance": 7.241005810435083e-06, "prev_return": 0.0, "boundary_trend": -1, "trend_ou": 0.030907219603512844, "reversion_strength": {"s1": 0.0011925680738830492, "m1": 0.020956231791063703, "m5": 0.022867711633453934, "h1": 0.013888096527728985, "d1": 0.05}}}