{"AAPL": {"p": 90.35544155510958, "d1_open": 87.95021220263737, "h1_open": 89.92327454616381, "m5_open": 90.15687344452704, "m1_open": 90.27868809239797, "reversion_strength": {"s1": 0.008338960049529932, "m1": 0.001351140996985631, "m5": 0.013839264509730786, "h1": 0.04009322855887123, "d1": 0.05}, "garch_variance": 1.3905594897124995e-06, "prev_return": 0.0008498224281385918, "boundary_trend": -1}, "GOOG": {"p": 176.93062585581777, "d1_open": 175.76656301755804, "h1_open": 183.39762262224193, "m5_open": 176.21690516150224, "m1_open": 177.0787117976866, "reversion_strength": {"s1": 0.0062823601171641975, "m1": 0.013292119646085305, "m5": 0.03312992683192555, "h1": 0.04623311401955329, "d1": 0.05}, "garch_variance": 3.0011666098468136e-06, "prev_return": -0.0008366217201385424, "boundary_trend": 0}, "AMZN": {"p": 171.639545896976, "d1_open": 169.8941041712876, "h1_open": 168.9436681978484, "m5_open": 171.9035592650451, "m1_open": 171.48475432598823, "reversion_strength": {"s1": 0.002645480578274048, "m1": 0.009447304871809989, "m5": 0.011715152974709363, "h1": 0.04320287271163793, "d1": 0.05}, "garch_variance": 2.086244970112756e-06, "prev_return": 0.0009022478523838022, "boundary_trend": 0}, "MSFT": {"p": 162.54346836061416, "d1_open": 164.41906387237157, "h1_open": 162.58297699275926, "m5_open": 162.17743441135158, "m1_open": 162.7113059016429, "reversion_strength": {"s1": 0.00502554902391116, "m1": 0.0038098335627198736, "m5": 0.0032918974962767448, "h1": 0.046518504108642444, "d1": 0.05}, "garch_variance": 2.57878930010751e-06, "prev_return": -0.0010320374623643176, "boundary_trend": -1}, "NVDA": {"p": 98.297343246893, "d1_open": 97.6331941946038, "h1_open": 98.32781845318762, "m5_open": 97.57309042251282, "m1_open": 98.28945963505394, "reversion_strength": {"s1": 0.0011925680738830492, "m1": 0.020956231791063703, "m5": 0.022867711633453934, "h1": 0.013888096527728985, "d1": 0.05}, "garch_variance": 1.4307349414743579e-06, "prev_return": 8.020489399819038e-05, "boundary_trend": -1}}