{"AAPL": {"p": 58.20329407594777, "d1_open": 58.881026803928506, "h1_open": 57.935104588267784, "m5_open": 58.10986597350929, "m1_open": 58.10986597350929, "band": {"m1": 0.0016077838224763641, "m5": 0.004223141348413634, "h1": 0.00876629859607239, "d1": 0.0261446421138415}, "garch_variance": 2.4732780834610603e-06, "prev_return": 0.0007167473410808004, "boundary_trend": -1, "trend_ou": -0.16493020412273818, "reversion_strength": {"s1": 0.008338960049529932, "m1": 0.001351140996985631, "m5": 0.013839264509730786, "h1": 0.04009322855887123, "d1": 0.05}}, "GOOG": {"p": 116.07194289291978, "d1_open": 119.02146768303125, "h1_open": 116.09550753836272, "m5_open": 116.24545513629725, "m1_open": 116.24545513629725, "band": {"m1": 0.001556464946322342, "m5": 0.004119864102365275, "h1": 0.008448287151767415, "d1": 0.024781452014744274}, "garch_variance": 2.498141863452472e-06, "prev_return": -0.003049006795424922, "boundary_trend": 1, "trend_ou": -0.12093312228969376, "reversion_strength": {"s1": 0.0062823601171641975, "m1": 0.013292119646085305, "m5": 0.03312992683192555, "h1": 0.04623311401955329, "d1": 0.05}}, "AMZN": {"p": 156.3501374979005, "d1_open": 158.98498094367304, "h1_open": 156.28356493298796, "m5_open": 156.64382952261067, "m1_open": 156.64382952261067, "band": {"m1": 0.0018749032477386259, "m5": 0.004760708822111015, "h1": 0.010421577132855167, "d1": 0.033240170759113986}, "garch_variance": 4.274404710027221e-06, "prev_return": -0.0010564890957048742, "boundary_trend": 1, "trend_ou": 0.06126619024854131, "reversion_strength": {"s1": 0.002645480578274048, "m1": 0.009447304871809989, "m5": 0.011715152974709363, "h1": 0.04320287271163793, "d1": 0.05}}, "MSFT": {"p": 134.07799103837715, "d1_open": 137.08846618531726, "h1_open": 133.73171007353216, "m5_open": 134.3164812324416, "m1_open": 134.3164812324416, "band": {"m1": 0.0017755839929406683, "m5": 0.004560832677428447, "h1": 0.009806118221190816, "d1": 0.03060194024946791}, "garch_variance": 3.75154306607471e-06, "prev_return": 0.0, "boundary_trend": 1, "trend_ou": -0.03985561082732245, "reversion_strength": {"s1": 0.00502554902391116, "m1": 0.0038098335627198736, "m5": 0.0032918974962767448, "h1": 0.046518504108642444, "d1": 0.05}}, "NVDA": {"p": 77.53869974506635, "d1_open": 77.58920212535816, "h1_open": 77.45406808949511, "m5_open": 77.41602174839632, "m1_open": 77.41602174839632, "band": {"m1": 0.0015846590137210933, "m5": 0.004176603568504513, "h1": 0.008622999397362958, "d1": 0.025530374758412848}, "garch_variance": 2.7144800391564755e-06, "prev_return": 0.003169320680317806, "boundary_trend": -1, "trend_ou": 0.23161945069788628, "reversion_strength": {"s1": 0.0011925680738830492, "m1": 0.020956231791063703, "m5": 0.022867711633453934, "h1": 0.013888096527728985, "d1": 0.05}}}