{"AAPL": {"p": 88.80188587837515, "d1_open": 87.95021220263737, "h1_open": 88.46025421232386, "m5_open": 88.78974935634513, "m1_open": 88.78974935634513, "reversion_strength": {"s1": 0.008338960049529932, "m1": 0.001351140996985631, "m5": 0.013839264509730786, "h1": 0.04009322855887123, "d1": 0.05}, "garch_variance": 1.2159502407540556e-06, "prev_return": 0.00013667898302614635, "boundary_trend": -1}, "GOOG": {"p": 173.71599845363588, "d1_open": 175.76656301755804, "h1_open": 171.25338368742615, "m5_open": 173.84821750877873, "m1_open": 173.84821750877873, "reversion_strength": {"s1": 0.0062823601171641975, "m1": 0.013292119646085305, "m5": 0.03312992683192555, "h1": 0.04623311401955329, "d1": 0.05}, "garch_variance": 1.8572593872018818e-06, "prev_return": -0.0007608324185780835, "boundary_trend": 0}, "AMZN": {"p": 166.4412364516957, "d1_open": 169.8941041712876, "h1_open": 168.5021874081404, "m5_open": 166.64707079229854, "m1_open": 166.64707079229854, "reversion_strength": {"s1": 0.002645480578274048, "m1": 0.009447304871809989, "m5": 0.011715152974709363, "h1": 0.04320287271163793, "d1": 0.05}, "garch_variance": 2.3819157911873423e-06, "prev_return": -0.001235914694854832, "boundary_trend": 0}, "MSFT": {"p": 165.0316345855599, "d1_open": 164.41906387237157, "h1_open": 164.11163536945244, "m5_open": 164.98286172730414, "m1_open": 164.98286172730414, "reversion_strength": {"s1": 0.00502554902391116, "m1": 0.0038098335627198736, "m5": 0.0032918974962767448, "h1": 0.046518504108642444, "d1": 0.05}, "garch_variance": 1.2674273186714857e-06, "prev_return": 0.0002955800981823348, "boundary_trend": 0}, "NVDA": {"p": 96.16190106476112, "d1_open": 97.6331941946038, "h1_open": 97.10451824378742, "m5_open": 96.14276652925055, "m1_open": 96.14276652925055, "reversion_strength": {"s1": 0.0011925680738830492, "m1": 0.020956231791063703, "m5": 0.022867711633453934, "h1": 0.013888096527728985, "d1": 0.05}, "garch_variance": 1.4436129781940187e-06, "prev_return": 0.00019900229997662792, "boundary_trend": 0}}