{"AAPL": {"p": 87.98802150225988, "d1_open": 87.95021220263737, "h1_open": 87.95021220263737, "m5_open": 87.94258514697886, "m1_open": 88.1070665720295, "reversion_strength": {"s1": 0.008338960049529932, "m1": 0.001351140996985631, "m5": 0.013839264509730786, "h1": 0.04009322855887123, "d1": 0.05}, "garch_variance": 1.214619604707384e-06, "prev_return": -0.0013520546110228153, "boundary_trend": 1}, "GOOG": {"p": 173.92356036048884, "d1_open": 175.76656301755804, "h1_open": 175.76656301755804, "m5_open": 175.20051794012258, "m1_open": 173.77278667837794, "reversion_strength": {"s1": 0.0062823601171641975, "m1": 0.013292119646085305, "m5": 0.03312992683192555, "h1": 0.04623311401955329, "d1": 0.05}, "garch_variance": 1.1586865162779856e-06, "prev_return": 0.0008672722209793543, "boundary_trend": 0}, "AMZN": {"p": 171.15938806287312, "d1_open": 169.8941041712876, "h1_open": 169.8941041712876, "m5_open": 169.3222171322942, "m1_open": 171.18159536307328, "reversion_strength": {"s1": 0.002645480578274048, "m1": 0.009447304871809989, "m5": 0.011715152974709363, "h1": 0.04320287271163793, "d1": 0.05}, "garch_variance": 1.1395885640583136e-06, "prev_return": -0.00012973790055207458, "boundary_trend": -1}, "MSFT": {"p": 164.40769223870433, "d1_open": 164.41906387237157, "h1_open": 164.41906387237157, "m5_open": 164.387443867812, "m1_open": 164.46782970893656, "reversion_strength": {"s1": 0.00502554902391116, "m1": 0.0038098335627198736, "m5": 0.0032918974962767448, "h1": 0.046518504108642444, "d1": 0.05}, "garch_variance": 1.2429069158029252e-06, "prev_return": -0.00036571570025252666, "boundary_trend": -1}, "NVDA": {"p": 96.46461364600313, "d1_open": 97.6331941946038, "h1_open": 97.6331941946038, "m5_open": 96.47516061902016, "m1_open": 96.49909005837593, "reversion_strength": {"s1": 0.0011925680738830492, "m1": 0.020956231791063703, "m5": 0.022867711633453934, "h1": 0.013888096527728985, "d1": 0.05}, "garch_variance": 1.2949606829753641e-06, "prev_return": -0.0003573357276813885, "boundary_trend": 0}}