{"AAPL": {"p": 88.16548610576773, "d1_open": 87.95021220263737, "h1_open": 86.8359256319159, "m5_open": 88.2189749513441, "m1_open": 88.2189749513441, "reversion_strength": {"s1": 0.008338960049529932, "m1": 0.001351140996985631, "m5": 0.013839264509730786, "h1": 0.04009322855887123, "d1": 0.05}, "garch_variance": 1.4387497690135647e-06, "prev_return": -0.0006065029413071262, "boundary_trend": 0}, "GOOG": {"p": 170.13846944661077, "d1_open": 175.76656301755804, "h1_open": 175.75153234700423, "m5_open": 170.05505931944344, "m1_open": 170.05505931944344, "reversion_strength": {"s1": 0.0062823601171641975, "m1": 0.013292119646085305, "m5": 0.03312992683192555, "h1": 0.04623311401955329, "d1": 0.05}, "garch_variance": 1.5067215036710247e-06, "prev_return": 0.000490368697730924, "boundary_trend": 0}, "AMZN": {"p": 169.90002009494995, "d1_open": 169.8941041712876, "h1_open": 166.80472498164232, "m5_open": 169.86440773141015, "m1_open": 169.86440773141015, "reversion_strength": {"s1": 0.002645480578274048, "m1": 0.009447304871809989, "m5": 0.011715152974709363, "h1": 0.04320287271163793, "d1": 0.05}, "garch_variance": 1.1182010268877577e-06, "prev_return": 0.0002096297360971321, "boundary_trend": -1}, "MSFT": {"p": 163.95654730957867, "d1_open": 164.41906387237157, "h1_open": 164.04525621182805, "m5_open": 163.97166299773514, "m1_open": 163.97166299773514, "reversion_strength": {"s1": 0.00502554902391116, "m1": 0.0038098335627198736, "m5": 0.0032918974962767448, "h1": 0.046518504108642444, "d1": 0.05}, "garch_variance": 1.3421888382707295e-06, "prev_return": -9.21890077892461e-05, "boundary_trend": 1}, "NVDA": {"p": 95.99113065278314, "d1_open": 97.6331941946038, "h1_open": 96.51017604046937, "m5_open": 96.0122518050491, "m1_open": 96.0122518050491, "reversion_strength": {"s1": 0.0011925680738830492, "m1": 0.020956231791063703, "m5": 0.022867711633453934, "h1": 0.013888096527728985, "d1": 0.05}, "garch_variance": 1.1502298829066782e-06, "prev_return": -0.00022000812778172056, "boundary_trend": 0}}