{"AAPL": {"p": 57.34172246970067, "d1_open": 58.881026803928506, "h1_open": 57.95099828715578, "m5_open": 57.5644145128643, "m1_open": 57.35288537332397, "band": {"m1": 0.0018897595055274866, "m5": 0.0047906064641874534, "h1": 0.010513637995260323, "d1": 0.033634799500917086}, "garch_variance": 6.33665095689291e-06, "prev_return": -0.002082630532386019, "boundary_trend": 1, "trend_ou": -0.19564882431737987, "reversion_strength": {"s1": 0.008338960049529932, "m1": 0.001351140996985631, "m5": 0.013839264509730786, "h1": 0.04009322855887123, "d1": 0.05}}, "GOOG": {"p": 115.78154008154196, "d1_open": 119.02146768303125, "h1_open": 116.73471203161151, "m5_open": 115.61859754809805, "m1_open": 115.63267635543137, "band": {"m1": 0.0017020111275093048, "m5": 0.00441277014186487, "h1": 0.009350203849113328, "d1": 0.028647614487983235}, "garch_variance": 2.5532162370653447e-06, "prev_return": 0.0011953899911690982, "boundary_trend": 0, "trend_ou": -0.09541220769920895, "reversion_strength": {"s1": 0.0062823601171641975, "m1": 0.013292119646085305, "m5": 0.03312992683192555, "h1": 0.04623311401955329, "d1": 0.05}}, "AMZN": {"p": 156.4250834358787, "d1_open": 158.98498094367304, "h1_open": 155.272478808972, "m5_open": 155.83652786619996, "m1_open": 156.39793112029488, "band": {"m1": 0.0019121882706240893, "m5": 0.004835743483254094, "h1": 0.010652623969172548, "d1": 0.03423057775652236}, "garch_variance": 5.080880585653308e-06, "prev_return": -0.0010544530833893752, "boundary_trend": -1, "trend_ou": 0.09106267428883193, "reversion_strength": {"s1": 0.002645480578274048, "m1": 0.009447304871809989, "m5": 0.011715152974709363, "h1": 0.04320287271163793, "d1": 0.05}}, "MSFT": {"p": 132.73583514026546, "d1_open": 137.08846618531726, "h1_open": 133.13886604045118, "m5_open": 133.10934659841362, "m1_open": 132.70013472207484, "band": {"m1": 0.0018279072391995529, "m5": 0.0046661311793229415, "h1": 0.010130353519399086, "d1": 0.03199180956458437}, "garch_variance": 4.194049609742486e-06, "prev_return": 0.0002492256941205107, "boundary_trend": 1, "trend_ou": -0.03276582326295993, "reversion_strength": {"s1": 0.00502554902391116, "m1": 0.0038098335627198736, "m5": 0.0032918974962767448, "h1": 0.046518504108642444, "d1": 0.05}}, "NVDA": {"p": 77.63788142388155, "d1_open": 77.58920212535816, "h1_open": 77.04681052606045, "m5_open": 77.72310624084193, "m1_open": 77.69275494112861, "band": {"m1": 0.0015916315549653205, "m5": 0.0041906355370827245, "h1": 0.008666206655154374, "d1": 0.025715587294267116}, "garch_variance": 1.9860981542754024e-06, "prev_return": 0.0008863612763274204, "boundary_trend": 1, "trend_ou": 0.24385846225335106, "reversion_strength": {"s1": 0.0011925680738830492, "m1": 0.020956231791063703, "m5": 0.022867711633453934, "h1": 0.013888096527728985, "d1": 0.05}}}