{"AAPL": {"p": 83.81476064534195, "d1_open": 81.94143766685488, "h1_open": 83.16511765564458, "m5_open": 83.5831272503324, "m1_open": 83.7687657770279, "band": {"m1": 0.0018941995832459056, "m5": 0.004799541948230845, "h1": 0.010541152150555207, "d1": 0.033752741872975375}, "garch_variance": 2.7172821181498634e-06, "prev_return": -0.001343489104868563, "boundary_trend": -1, "trend_ou": -0.14804444511208442, "reversion_strength": {"s1": 0.008338960049529932, "m1": 0.001351140996985631, "m5": 0.013839264509730786, "h1": 0.04009322855887123, "d1": 0.05}}, "GOOG": {"p": 152.31564950908677, "d1_open": 151.7016903651911, "h1_open": 152.3937591816353, "m5_open": 152.60926836701512, "m1_open": 152.62173081232976, "band": {"m1": 0.002005489661359903, "m5": 0.005023508910126589, "h1": 0.011230791541169027, "d1": 0.036708954946649004}, "garch_variance": 3.7340625706037646e-06, "prev_return": -0.004010984700104177, "boundary_trend": 1, "trend_ou": -0.08736753774508968, "reversion_strength": {"s1": 0.0062823601171641975, "m1": 0.013292119646085305, "m5": 0.03312992683192555, "h1": 0.04623311401955329, "d1": 0.05}}, "AMZN": {"p": 168.95598223725403, "d1_open": 165.13593115049974, "h1_open": 168.6793807914225, "m5_open": 169.21374692190642, "m1_open": 169.2316428445653, "band": {"m1": 0.0021439812324847525, "m5": 0.005302217820737908, "h1": 0.012088992418859652, "d1": 0.04038772487916274}, "garch_variance": 5.72531568707812e-06, "prev_return": 0.000516059578550105, "boundary_trend": 1, "trend_ou": 0.027606206659416647, "reversion_strength": {"s1": 0.002645480578274048, "m1": 0.009447304871809989, "m5": 0.011715152974709363, "h1": 0.04320287271163793, "d1": 0.05}}, "MSFT": {"p": 160.95380336154048, "d1_open": 158.81978513575737, "h1_open": 159.9210688610481, "m5_open": 160.63290979464585, "m1_open": 161.27162991883628, "band": {"m1": 0.0019707530546801823, "m5": 0.0049536028376674125, "h1": 0.01101553666249012, "d1": 0.03578624186618497}, "garch_variance": 3.2097678178292764e-06, "prev_return": 0.0, "boundary_trend": 1, "trend_ou": 0.13058956848326564, "reversion_strength": {"s1": 0.00502554902391116, "m1": 0.0038098335627198736, "m5": 0.0032918974962767448, "h1": 0.046518504108642444, "d1": 0.05}}, "NVDA": {"p": 99.07731422663754, "d1_open": 100.31090827320226, "h1_open": 98.94100541546996, "m5_open": 99.18958752287226, "m1_open": 99.27774340642122, "band": {"m1": 0.0020188732429500646, "m5": 0.005050442848522804, "h1": 0.011313726562947112, "d1": 0.037064464795684114}, "garch_variance": 3.70915370400911e-06, "prev_return": -0.00403775197166201, "boundary_trend": 1, "trend_ou": -0.0922665662249306, "reversion_strength": {"s1": 0.0011925680738830492, "m1": 0.020956231791063703, "m5": 0.022867711633453934, "h1": 0.013888096527728985, "d1": 0.05}}}