{"AAPL": {"p": 89.86314687772364, "d1_open": 87.95021220263737, "h1_open": 90.36175952352136, "m5_open": 90.04509242433437, "m1_open": 90.08112735967572, "band": {"m1": 0.003824691339915981, "m5": 0.00867212048660658, "h1": 0.018307198674341586, "d1": 0.05846951755171971}, "garch_variance": 1.0569333077325617e-05, "prev_return": 0.0014092675799671267, "boundary_trend": 1, "trend_ou": 0.07300309653168431, "reversion_strength": {"s1": 0.008338960049529932, "m1": 0.001351140996985631, "m5": 0.013839264509730786, "h1": 0.04009322855887123, "d1": 0.05}}, "GOOG": {"p": 177.52172203311352, "d1_open": 175.76656301755804, "h1_open": 175.77288560235982, "m5_open": 177.51126941916402, "m1_open": 178.27224312815628, "band": {"m1": 0.0042099716808029234, "m5": 0.009447482215962325, "h1": 0.02069469362454358, "d1": 0.06870377023678594}, "garch_variance": 1.077483972224042e-05, "prev_return": -0.0007171178828902474, "boundary_trend": 1, "trend_ou": 0.018913451973467197, "reversion_strength": {"s1": 0.0062823601171641975, "m1": 0.013292119646085305, "m5": 0.03312992683192555, "h1": 0.04623311401955329, "d1": 0.05}}, "AMZN": {"p": 169.68694883425943, "d1_open": 169.8941041712876, "h1_open": 168.9021703391811, "m5_open": 170.31451053171568, "m1_open": 169.7599976260413, "band": {"m1": 0.0032344474663407786, "m5": 0.0074842776044513285, "h1": 0.014649591166249244, "d1": 0.042790791421871574}, "garch_variance": 3.9309259196683e-06, "prev_return": -0.000234441954662947, "boundary_trend": 0, "trend_ou": 0.07236771888853916, "reversion_strength": {"s1": 0.002645480578274048, "m1": 0.009447304871809989, "m5": 0.011715152974709363, "h1": 0.04320287271163793, "d1": 0.05}}, "MSFT": {"p": 161.64971939986756, "d1_open": 164.41906387237157, "h1_open": 160.00715142749434, "m5_open": 161.75082202015346, "m1_open": 161.16469130345394, "band": {"m1": 0.003715027407942837, "m5": 0.008451426080691903, "h1": 0.017627636142803015, "d1": 0.055556500013198576}, "garch_variance": 1.2888580879969631e-05, "prev_return": 0.001853884901415733, "boundary_trend": -1, "trend_ou": 0.012032222121244891, "reversion_strength": {"s1": 0.00502554902391116, "m1": 0.0038098335627198736, "m5": 0.0032918974962767448, "h1": 0.046518504108642444, "d1": 0.05}}, "NVDA": {"p": 101.59784790716841, "d1_open": 97.6331941946038, "h1_open": 100.4340456706556, "m5_open": 100.86520081295372, "m1_open": 101.22985405566187, "band": {"m1": 0.003635230485506822, "m5": 0.008290837872025914, "h1": 0.017133152700125748, "d1": 0.05343684380177393}, "garch_variance": 8.759460783283959e-06, "prev_return": 0.00505835604167774, "boundary_trend": -1, "trend_ou": 0.04073837368648125, "reversion_strength": {"s1": 0.0011925680738830492, "m1": 0.020956231791063703, "m5": 0.022867711633453934, "h1": 0.013888096527728985, "d1": 0.05}}}