{"AAPL": {"p": 83.50265076489872, "d1_open": 81.94143766685488, "h1_open": 83.16511765564458, "m5_open": 83.16810922911434, "m1_open": 83.33038487290743, "band": {"m1": 0.0020672638468430906, "m5": 0.005147827060322169, "h1": 0.011613592167732086, "d1": 0.03834987081116909}, "garch_variance": 4.112146699257939e-06, "prev_return": 0.0, "boundary_trend": -1, "trend_ou": -0.1359560506541713, "reversion_strength": {"s1": 0.008338960049529932, "m1": 0.001351140996985631, "m5": 0.013839264509730786, "h1": 0.04009322855887123, "d1": 0.05}}, "GOOG": {"p": 151.48259513682376, "d1_open": 151.7016903651911, "h1_open": 152.3937591816353, "m5_open": 152.1814608201639, "m1_open": 151.83137042168056, "band": {"m1": 0.002297122682144955, "m5": 0.005610409043189675, "h1": 0.013037975273496493, "d1": 0.04445564147405533}, "garch_variance": 6.079429264968152e-06, "prev_return": -0.0008610637308792232, "boundary_trend": 1, "trend_ou": -0.08043077871009567, "reversion_strength": {"s1": 0.0062823601171641975, "m1": 0.013292119646085305, "m5": 0.03312992683192555, "h1": 0.04623311401955329, "d1": 0.05}}, "AMZN": {"p": 169.82966775723258, "d1_open": 165.13593115049974, "h1_open": 168.6793807914225, "m5_open": 170.2410548891395, "m1_open": 170.1560745810235, "band": {"m1": 0.0019182789952965776, "m5": 0.0048480008302140215, "h1": 0.010690366809529162, "d1": 0.03439236648207716}, "garch_variance": 2.4720744913504416e-06, "prev_return": -0.003836562696518262, "boundary_trend": 1, "trend_ou": 0.020036659642841622, "reversion_strength": {"s1": 0.002645480578274048, "m1": 0.009447304871809989, "m5": 0.011715152974709363, "h1": 0.04320287271163793, "d1": 0.05}}, "MSFT": {"p": 161.00095108696922, "d1_open": 158.81978513575737, "h1_open": 159.9210688610481, "m5_open": 160.9242679924454, "m1_open": 160.7265102873491, "band": {"m1": 0.0017075017626493032, "m5": 0.004423819831936287, "h1": 0.009384228070645031, "d1": 0.028793462955867394}, "garch_variance": 1.4933942293829812e-06, "prev_return": 0.0010513515730440504, "boundary_trend": -1, "trend_ou": 0.12191860385873227, "reversion_strength": {"s1": 0.00502554902391116, "m1": 0.0038098335627198736, "m5": 0.0032918974962767448, "h1": 0.046518504108642444, "d1": 0.05}}, "NVDA": {"p": 99.7491177222613, "d1_open": 100.31090827320226, "h1_open": 98.94100541546996, "m5_open": 99.82550806709368, "m1_open": 99.93476803535417, "band": {"m1": 0.001857714954891314, "m5": 0.00472611805000963, "h1": 0.010315065177739367, "d1": 0.032783595861419094}, "garch_variance": 2.0121935402284777e-06, "prev_return": -0.0019978762960018654, "boundary_trend": 1, "trend_ou": -0.06845537250288679, "reversion_strength": {"s1": 0.0011925680738830492, "m1": 0.020956231791063703, "m5": 0.022867711633453934, "h1": 0.013888096527728985, "d1": 0.05}}}