{"AAPL": {"p": 90.11247810399136, "d1_open": 87.95021220263737, "h1_open": 90.06205021135978, "m5_open": 90.10237905744151, "m1_open": 89.99088772622933, "reversion_strength": {"s1": 0.008338960049529932, "m1": 0.001351140996985631, "m5": 0.013839264509730786, "h1": 0.04009322855887123, "d1": 0.05}, "garch_variance": 1.5124774020677403e-06, "prev_return": 0.0013502290273625923, "boundary_trend": -1}, "GOOG": {"p": 180.35532953360536, "d1_open": 175.76656301755804, "h1_open": 182.2768621595806, "m5_open": 182.53350207436387, "m1_open": 180.42604872409686, "reversion_strength": {"s1": 0.0062823601171641975, "m1": 0.013292119646085305, "m5": 0.03312992683192555, "h1": 0.04623311401955329, "d1": 0.05}, "garch_variance": 3.0007165266046417e-06, "prev_return": -0.0003920334898589343, "boundary_trend": 1}, "AMZN": {"p": 169.1986046898121, "d1_open": 169.8941041712876, "h1_open": 170.28724881804374, "m5_open": 169.88795825381547, "m1_open": 169.34550782984238, "reversion_strength": {"s1": 0.002645480578274048, "m1": 0.009447304871809989, "m5": 0.011715152974709363, "h1": 0.04320287271163793, "d1": 0.05}, "garch_variance": 2.3618087520157404e-06, "prev_return": -0.0008678523348532093, "boundary_trend": 0}, "MSFT": {"p": 161.59414880241582, "d1_open": 164.41906387237157, "h1_open": 161.08021439952043, "m5_open": 161.08737284638528, "m1_open": 161.4042572836271, "reversion_strength": {"s1": 0.00502554902391116, "m1": 0.0038098335627198736, "m5": 0.0032918974962767448, "h1": 0.046518504108642444, "d1": 0.05}, "garch_variance": 2.2199327537748202e-06, "prev_return": 0.0011758048156776265, "boundary_trend": 0}, "NVDA": {"p": 99.49808748854036, "d1_open": 97.6331941946038, "h1_open": 98.64308364945421, "m5_open": 98.4888237569008, "m1_open": 99.43058215774386, "reversion_strength": {"s1": 0.0011925680738830492, "m1": 0.020956231791063703, "m5": 0.022867711633453934, "h1": 0.013888096527728985, "d1": 0.05}, "garch_variance": 1.6143177071130979e-06, "prev_return": 0.0006786888336177967, "boundary_trend": -1}}