{"AAPL": {"p": 58.01448773352918, "d1_open": 58.881026803928506, "h1_open": 57.935104588267784, "m5_open": 57.935104588267784, "m1_open": 58.03517254130384, "band": {"m1": 0.0017139288044312703, "m5": 0.004436754004023127, "h1": 0.009424054991904131, "d1": 0.0289641853173113}, "garch_variance": 2.8521112146330733e-06, "prev_return": 0.0013589172522570686, "boundary_trend": 1, "trend_ou": -0.1835347049589731, "reversion_strength": {"s1": 0.008338960049529932, "m1": 0.001351140996985631, "m5": 0.013839264509730786, "h1": 0.04009322855887123, "d1": 0.05}}, "GOOG": {"p": 115.9872073018902, "d1_open": 119.02146768303125, "h1_open": 116.09550753836272, "m5_open": 116.09550753836272, "m1_open": 115.94959511147621, "band": {"m1": 0.0015832665805299252, "m5": 0.004173801350761891, "h1": 0.008614370804466797, "d1": 0.025493387371273706}, "garch_variance": 1.8749986479332356e-06, "prev_return": -2.9425617339190598e-05, "boundary_trend": 1, "trend_ou": -0.12041561638191198, "reversion_strength": {"s1": 0.0062823601171641975, "m1": 0.013292119646085305, "m5": 0.03312992683192555, "h1": 0.04623311401955329, "d1": 0.05}}, "AMZN": {"p": 156.1782863507852, "d1_open": 158.98498094367304, "h1_open": 156.28356493298796, "m5_open": 156.28356493298796, "m1_open": 156.4698720882372, "band": {"m1": 0.001894260320730794, "m5": 0.004799664180061339, "h1": 0.010541528526983151, "d1": 0.0337543552508248}, "garch_variance": 6.103905859538365e-06, "prev_return": 3.079177512531355e-05, "boundary_trend": 1, "trend_ou": 0.07116911554949197, "reversion_strength": {"s1": 0.002645480578274048, "m1": 0.009447304871809989, "m5": 0.011715152974709363, "h1": 0.04320287271163793, "d1": 0.05}}, "MSFT": {"p": 133.73493983134193, "d1_open": 137.08846618531726, "h1_open": 133.73171007353216, "m5_open": 133.73171007353216, "m1_open": 133.50965864084844, "band": {"m1": 0.0016873774735617778, "m5": 0.00438332048137758, "h1": 0.009259522412260631, "d1": 0.028258898801478076}, "garch_variance": 4.131714735688064e-06, "prev_return": 0.003374758150044565, "boundary_trend": -1, "trend_ou": -0.0394560593853376, "reversion_strength": {"s1": 0.00502554902391116, "m1": 0.0038098335627198736, "m5": 0.0032918974962767448, "h1": 0.046518504108642444, "d1": 0.05}}, "NVDA": {"p": 77.45326645926345, "d1_open": 77.58920212535816, "h1_open": 77.45406808949511, "m5_open": 77.45406808949511, "m1_open": 77.57149175874532, "band": {"m1": 0.0015240818089403232, "m5": 0.004054694295505458, "h1": 0.008247616188921806, "d1": 0.02392125445070598}, "garch_variance": 2.021678664537975e-06, "prev_return": 0.0, "boundary_trend": 1, "trend_ou": 0.23004831229094047, "reversion_strength": {"s1": 0.0011925680738830492, "m1": 0.020956231791063703, "m5": 0.022867711633453934, "h1": 0.013888096527728985, "d1": 0.05}}}