{"AAPL": {"p": 57.8043474708804, "d1_open": 58.881026803928506, "h1_open": 57.95099828715578, "m5_open": 57.54653632248736, "m1_open": 57.77127332005228, "band": {"m1": 0.0018586344125879747, "m5": 0.004727968422930581, "h1": 0.010320762848694104, "d1": 0.032808019537901516}, "garch_variance": 3.875133351648825e-06, "prev_return": -0.00024678589813555943, "boundary_trend": -1, "trend_ou": -0.19487388814934448, "reversion_strength": {"s1": 0.008338960049529932, "m1": 0.001351140996985631, "m5": 0.013839264509730786, "h1": 0.04009322855887123, "d1": 0.05}}, "GOOG": {"p": 116.6080033221347, "d1_open": 119.02146768303125, "h1_open": 116.73471203161151, "m5_open": 116.12131214200191, "m1_open": 116.61127567260989, "band": {"m1": 0.001591927172948016, "m5": 0.004191230456796934, "h1": 0.008668038532792487, "d1": 0.02572343983386514}, "garch_variance": 1.8109738632095774e-06, "prev_return": 0.001565133199988762, "boundary_trend": -1, "trend_ou": -0.10106019170834916, "reversion_strength": {"s1": 0.0062823601171641975, "m1": 0.013292119646085305, "m5": 0.03312992683192555, "h1": 0.04623311401955329, "d1": 0.05}}, "AMZN": {"p": 156.60703738012538, "d1_open": 158.98498094367304, "h1_open": 155.272478808972, "m5_open": 156.5830490208845, "m1_open": 156.60201859593374, "band": {"m1": 0.0018265718636122888, "m5": 0.004663443787793186, "h1": 0.010122078499542437, "d1": 0.03195633780612903}, "garch_variance": 4.118945990060935e-06, "prev_return": 0.0018602895838679488, "boundary_trend": 0, "trend_ou": 0.08092987906204391, "reversion_strength": {"s1": 0.002645480578274048, "m1": 0.009447304871809989, "m5": 0.011715152974709363, "h1": 0.04320287271163793, "d1": 0.05}}, "MSFT": {"p": 133.11544389482313, "d1_open": 137.08846618531726, "h1_open": 133.13886604045118, "m5_open": 132.97463376888277, "m1_open": 133.19462187960795, "band": {"m1": 0.0017173216362223645, "m5": 0.004443581946292125, "h1": 0.009445079601541555, "d1": 0.02905430955720386}, "garch_variance": 2.582844670379006e-06, "prev_return": 7.503875770494163e-05, "boundary_trend": 1, "trend_ou": -0.04112517724213002, "reversion_strength": {"s1": 0.00502554902391116, "m1": 0.0038098335627198736, "m5": 0.0032918974962767448, "h1": 0.046518504108642444, "d1": 0.05}}, "NVDA": {"p": 77.26061216455734, "d1_open": 77.58920212535816, "h1_open": 77.04681052606045, "m5_open": 77.58856861454744, "m1_open": 77.34080842593873, "band": {"m1": 0.0016096344074650792, "m5": 0.00422686557886325, "h1": 0.008777766251819644, "d1": 0.026193799447813176}, "garch_variance": 2.3105211189071108e-06, "prev_return": 0.0, "boundary_trend": 1, "trend_ou": 0.24445144885602585, "reversion_strength": {"s1": 0.0011925680738830492, "m1": 0.020956231791063703, "m5": 0.022867711633453934, "h1": 0.013888096527728985, "d1": 0.05}}}