{"AAPL": {"p": 83.33038487290743, "d1_open": 81.94143766685488, "h1_open": 83.16511765564458, "m5_open": 83.16810922911434, "m1_open": 83.16810922911434, "band": {"m1": 0.0020701403684151957, "m5": 0.005153615948318743, "h1": 0.011631417319962117, "d1": 0.03842628023438336}, "garch_variance": 4.559076951057743e-06, "prev_return": 5.147528972324128e-05, "boundary_trend": -1, "trend_ou": -0.1324501377329919, "reversion_strength": {"s1": 0.008338960049529932, "m1": 0.001351140996985631, "m5": 0.013839264509730786, "h1": 0.04009322855887123, "d1": 0.05}}, "GOOG": {"p": 151.83137042168056, "d1_open": 151.7016903651911, "h1_open": 152.3937591816353, "m5_open": 152.1814608201639, "m1_open": 152.1814608201639, "band": {"m1": 0.0023004799441177746, "m5": 0.005617165402580225, "h1": 0.01305877946503183, "d1": 0.04454482086815756}, "garch_variance": 6.7948059829183544e-06, "prev_return": 0.0, "boundary_trend": 1, "trend_ou": -0.07779333320701307, "reversion_strength": {"s1": 0.0062823601171641975, "m1": 0.013292119646085305, "m5": 0.03312992683192555, "h1": 0.04623311401955329, "d1": 0.05}}, "AMZN": {"p": 170.1560745810235, "d1_open": 165.13593115049974, "h1_open": 168.6793807914225, "m5_open": 170.2410548891395, "m1_open": 170.2410548891395, "band": {"m1": 0.0019432039185553523, "m5": 0.004898161270680549, "h1": 0.010844820909827935, "d1": 0.03505445051729929}, "garch_variance": 2.584719256226939e-06, "prev_return": 0.0012748957203809203, "boundary_trend": 0, "trend_ou": 0.026353884469852436, "reversion_strength": {"s1": 0.002645480578274048, "m1": 0.009447304871809989, "m5": 0.011715152974709363, "h1": 0.04320287271163793, "d1": 0.05}}, "MSFT": {"p": 160.7265102873491, "d1_open": 158.81978513575737, "h1_open": 159.9210688610481, "m5_open": 160.9242679924454, "m1_open": 160.9242679924454, "band": {"m1": 0.0017253185775918103, "m5": 0.0044596754803548685, "h1": 0.009494634834732693, "d1": 0.029266733369158963}, "garch_variance": 1.5665497465842473e-06, "prev_return": 0.0004971661759218188, "boundary_trend": 1, "trend_ou": 0.11777652034655217, "reversion_strength": {"s1": 0.00502554902391116, "m1": 0.0038098335627198736, "m5": 0.0032918974962767448, "h1": 0.046518504108642444, "d1": 0.05}}, "NVDA": {"p": 99.93476803535417, "d1_open": 100.31090827320226, "h1_open": 98.94100541546996, "m5_open": 99.82550806709368, "m1_open": 99.82550806709368, "band": {"m1": 0.0018875125895990161, "m5": 0.004786084633107246, "h1": 0.010499714366506251, "d1": 0.0335751143757401}, "garch_variance": 2.145199716637608e-06, "prev_return": -0.0004510893258489458, "boundary_trend": -1, "trend_ou": -0.07290326953802675, "reversion_strength": {"s1": 0.0011925680738830492, "m1": 0.020956231791063703, "m5": 0.022867711633453934, "h1": 0.013888096527728985, "d1": 0.05}}}