{"AAPL": {"p": 87.59691299292646, "d1_open": 87.95021220263737, "h1_open": 87.95021220263737, "m5_open": 87.62437628083511, "m1_open": 87.60788115625554, "reversion_strength": {"s1": 0.008338960049529932, "m1": 0.001351140996985631, "m5": 0.013839264509730786, "h1": 0.04009322855887123, "d1": 0.05}, "garch_variance": 1.0810406093023738e-06, "prev_return": -0.00012520391803976674, "boundary_trend": 0}, "GOOG": {"p": 178.31344171194644, "d1_open": 175.76656301755804, "h1_open": 175.76656301755804, "m5_open": 178.50063412831818, "m1_open": 178.25156680607793, "reversion_strength": {"s1": 0.0062823601171641975, "m1": 0.013292119646085305, "m5": 0.03312992683192555, "h1": 0.04623311401955329, "d1": 0.05}, "garch_variance": 1.4064086441554735e-06, "prev_return": 0.000347061012782791, "boundary_trend": 0}, "AMZN": {"p": 170.94252255251772, "d1_open": 169.8941041712876, "h1_open": 169.8941041712876, "m5_open": 171.85580570414, "m1_open": 170.69631875842947, "reversion_strength": {"s1": 0.002645480578274048, "m1": 0.009447304871809989, "m5": 0.011715152974709363, "h1": 0.04320287271163793, "d1": 0.05}, "garch_variance": 1.5406309265778538e-06, "prev_return": 0.0014413105709232881, "boundary_trend": 0}, "MSFT": {"p": 164.2013438293177, "d1_open": 164.41906387237157, "h1_open": 164.41906387237157, "m5_open": 164.21591529436375, "m1_open": 164.13411585657425, "reversion_strength": {"s1": 0.00502554902391116, "m1": 0.0038098335627198736, "m5": 0.0032918974962767448, "h1": 0.046518504108642444, "d1": 0.05}, "garch_variance": 1.7355348283889904e-06, "prev_return": 0.00040950784753640177, "boundary_trend": 0}, "NVDA": {"p": 96.91002975348086, "d1_open": 97.6331941946038, "h1_open": 97.6331941946038, "m5_open": 97.99875452924724, "m1_open": 96.96041626499056, "reversion_strength": {"s1": 0.0011925680738830492, "m1": 0.020956231791063703, "m5": 0.022867711633453934, "h1": 0.013888096527728985, "d1": 0.05}, "garch_variance": 1.3368536610783326e-06, "prev_return": -0.0005197957056268917, "boundary_trend": 0}}