{"AAPL": {"p": 87.74294010950261, "d1_open": 87.95021220263737, "h1_open": 86.8359256319159, "m5_open": 87.50224817108113, "m1_open": 87.65574664955234, "reversion_strength": {"s1": 0.008338960049529932, "m1": 0.001351140996985631, "m5": 0.013839264509730786, "h1": 0.04009322855887123, "d1": 0.05}, "garch_variance": 1.0938617281194658e-06, "prev_return": 0.0009942316985826066, "boundary_trend": -1}, "GOOG": {"p": 180.93280093655304, "d1_open": 175.76656301755804, "h1_open": 175.75153234700423, "m5_open": 179.25791773180782, "m1_open": 180.77066577129094, "reversion_strength": {"s1": 0.0062823601171641975, "m1": 0.013292119646085305, "m5": 0.03312992683192555, "h1": 0.04623311401955329, "d1": 0.05}, "garch_variance": 1.7382636457095397e-06, "prev_return": 0.0008965088313761571, "boundary_trend": 0}, "AMZN": {"p": 168.0945840724389, "d1_open": 169.8941041712876, "h1_open": 166.80472498164232, "m5_open": 167.4271172098877, "m1_open": 168.2111345850236, "reversion_strength": {"s1": 0.002645480578274048, "m1": 0.009447304871809989, "m5": 0.011715152974709363, "h1": 0.04320287271163793, "d1": 0.05}, "garch_variance": 1.8207215986061294e-06, "prev_return": -0.0006931224227529942, "boundary_trend": 0}, "MSFT": {"p": 164.13685962251168, "d1_open": 164.41906387237157, "h1_open": 164.04525621182805, "m5_open": 164.24258572037823, "m1_open": 164.25248870818746, "reversion_strength": {"s1": 0.00502554902391116, "m1": 0.0038098335627198736, "m5": 0.0032918974962767448, "h1": 0.046518504108642444, "d1": 0.05}, "garch_variance": 9.944620836386224e-07, "prev_return": -0.0007042194945857794, "boundary_trend": 1}, "NVDA": {"p": 97.64281286867077, "d1_open": 97.6331941946038, "h1_open": 96.51017604046937, "m5_open": 97.80069193044869, "m1_open": 97.7472423448236, "reversion_strength": {"s1": 0.0011925680738830492, "m1": 0.020956231791063703, "m5": 0.022867711633453934, "h1": 0.013888096527728985, "d1": 0.05}, "garch_variance": 1.1953396311168585e-06, "prev_return": -0.001068933482641301, "boundary_trend": 0}}