{"AAPL": {"p": 58.04200961469428, "d1_open": 58.881026803928506, "h1_open": 58.18002329517424, "m5_open": 58.15911105778575, "m1_open": 58.15911105778575, "band": {"m1": 0.002013466866354335, "m5": 0.005039562725500789, "h1": 0.011280224472517371, "d1": 0.03692085449866259}, "garch_variance": 4.304341024986905e-06, "prev_return": -0.004026939174517108, "boundary_trend": 1, "trend_ou": -0.1746268017859608, "reversion_strength": {"s1": 0.008338960049529932, "m1": 0.001351140996985631, "m5": 0.013839264509730786, "h1": 0.04009322855887123, "d1": 0.05}}, "GOOG": {"p": 117.36067226315716, "d1_open": 119.02146768303125, "h1_open": 117.8132584785911, "m5_open": 117.14997706907036, "m1_open": 117.14997706907036, "band": {"m1": 0.0017985081974242437, "m5": 0.004606966749028288, "h1": 0.00994817432069472, "d1": 0.031210878927078467}, "garch_variance": 3.978082235288453e-06, "prev_return": 0.0, "boundary_trend": -1, "trend_ou": -0.1482969996278769, "reversion_strength": {"s1": 0.0062823601171641975, "m1": 0.013292119646085305, "m5": 0.03312992683192555, "h1": 0.04623311401955329, "d1": 0.05}}, "AMZN": {"p": 155.68354512336998, "d1_open": 158.98498094367304, "h1_open": 156.39399479459698, "m5_open": 155.38367279067052, "m1_open": 155.38367279067052, "band": {"m1": 0.0019298831551203522, "m5": 0.00487135375138298, "h1": 0.01076227515791989, "d1": 0.03470060931523341}, "garch_variance": 4.701814340173575e-06, "prev_return": 0.002295449105666988, "boundary_trend": -1, "trend_ou": 0.11387276003788066, "reversion_strength": {"s1": 0.002645480578274048, "m1": 0.009447304871809989, "m5": 0.011715152974709363, "h1": 0.04320287271163793, "d1": 0.05}}, "MSFT": {"p": 133.62760050534163, "d1_open": 137.08846618531726, "h1_open": 133.29083440032448, "m5_open": 133.3837984241093, "m1_open": 133.3837984241093, "band": {"m1": 0.0018278237995377705, "m5": 0.004665963260242752, "h1": 0.010129836462726293, "d1": 0.03198959314580559}, "garch_variance": 3.7703179633076125e-06, "prev_return": 0.0, "boundary_trend": -1, "trend_ou": -0.014905844646248017, "reversion_strength": {"s1": 0.00502554902391116, "m1": 0.0038098335627198736, "m5": 0.0032918974962767448, "h1": 0.046518504108642444, "d1": 0.05}}, "NVDA": {"p": 77.1875893892869, "d1_open": 77.58920212535816, "h1_open": 77.08644892077346, "m5_open": 77.22169770620975, "m1_open": 77.22169770620975, "band": {"m1": 0.002022518396998882, "m5": 0.005057778579540256, "h1": 0.0113363147564278, "d1": 0.03716129150510227}, "garch_variance": 4.973457321194137e-06, "prev_return": 0.001582775438917927, "boundary_trend": 1, "trend_ou": 0.23518043280665193, "reversion_strength": {"s1": 0.0011925680738830492, "m1": 0.020956231791063703, "m5": 0.022867711633453934, "h1": 0.013888096527728985, "d1": 0.05}}}