{"AAPL": {"p": 89.5587972422317, "d1_open": 87.95021220263737, "h1_open": 90.06205021135978, "m5_open": 89.43828050948615, "m1_open": 89.43795395595531, "reversion_strength": {"s1": 0.008338960049529932, "m1": 0.001351140996985631, "m5": 0.013839264509730786, "h1": 0.04009322855887123, "d1": 0.05}, "garch_variance": 1.5450357361266772e-06, "prev_return": 0.0013502290273625923, "boundary_trend": -1}, "GOOG": {"p": 175.77999808108856, "d1_open": 175.76656301755804, "h1_open": 182.2768621595806, "m5_open": 179.97283012961958, "m1_open": 176.25127574162104, "reversion_strength": {"s1": 0.0062823601171641975, "m1": 0.013292119646085305, "m5": 0.03312992683192555, "h1": 0.04623311401955329, "d1": 0.05}, "garch_variance": 8.064427942285743e-06, "prev_return": -0.002677477696566677, "boundary_trend": 0}, "AMZN": {"p": 170.70852159289112, "d1_open": 169.8941041712876, "h1_open": 170.28724881804374, "m5_open": 171.08245750981635, "m1_open": 170.6100617467461, "reversion_strength": {"s1": 0.002645480578274048, "m1": 0.009447304871809989, "m5": 0.011715152974709363, "h1": 0.04320287271163793, "d1": 0.05}, "garch_variance": 3.3776352874542865e-06, "prev_return": 0.000576938108161116, "boundary_trend": -1}, "MSFT": {"p": 161.10440341506316, "d1_open": 164.41906387237157, "h1_open": 161.08021439952043, "m5_open": 161.17938055062453, "m1_open": 161.4776081559277, "reversion_strength": {"s1": 0.00502554902391116, "m1": 0.0038098335627198736, "m5": 0.0032918974962767448, "h1": 0.046518504108642444, "d1": 0.05}, "garch_variance": 2.194262665368956e-06, "prev_return": -0.0023138606245089893, "boundary_trend": 0}, "NVDA": {"p": 99.15076740544643, "d1_open": 97.6331941946038, "h1_open": 98.64308364945421, "m5_open": 99.93391101055609, "m1_open": 99.14431948833271, "reversion_strength": {"s1": 0.0011925680738830492, "m1": 0.020956231791063703, "m5": 0.022867711633453934, "h1": 0.013888096527728985, "d1": 0.05}, "garch_variance": 1.5099909777644745e-06, "prev_return": 6.503355395235695e-05, "boundary_trend": 0}}