{"AAPL": {"p": 58.450950025630775, "d1_open": 58.881026803928506, "h1_open": 58.18002329517424, "m5_open": 58.33299485332588, "m1_open": 58.37145027344501, "band": {"m1": 0.001996354119086527, "m5": 0.005005123985945456, "h1": 0.011174180656235648, "d1": 0.03646628632819418}, "garch_variance": 4.716426686738254e-06, "prev_return": 0.0033593858025199623, "boundary_trend": 0, "trend_ou": -0.18021150210634193, "reversion_strength": {"s1": 0.008338960049529932, "m1": 0.001351140996985631, "m5": 0.013839264509730786, "h1": 0.04009322855887123, "d1": 0.05}}, "GOOG": {"p": 117.10158629393716, "d1_open": 119.02146768303125, "h1_open": 117.8132584785911, "m5_open": 117.30996457934323, "m1_open": 117.31279434296262, "band": {"m1": 0.0018003837536083032, "m5": 0.004610741233039148, "h1": 0.009959796717279904, "d1": 0.0312606995742169}, "garch_variance": 3.204078616741779e-06, "prev_return": -0.003021838021189065, "boundary_trend": 1, "trend_ou": -0.13885759024073163, "reversion_strength": {"s1": 0.0062823601171641975, "m1": 0.013292119646085305, "m5": 0.03312992683192555, "h1": 0.04623311401955329, "d1": 0.05}}, "AMZN": {"p": 155.52730173884783, "d1_open": 158.98498094367304, "h1_open": 156.39399479459698, "m5_open": 155.6921426442066, "m1_open": 155.81191068453714, "band": {"m1": 0.0019451861055607691, "m5": 0.004902150345079955, "h1": 0.010857104073445608, "d1": 0.03510710361305752}, "garch_variance": 4.581383494190224e-06, "prev_return": -0.0021365423304995717, "boundary_trend": 0, "trend_ou": 0.10322578266287787, "reversion_strength": {"s1": 0.002645480578274048, "m1": 0.009447304871809989, "m5": 0.011715152974709363, "h1": 0.04320287271163793, "d1": 0.05}}, "MSFT": {"p": 132.66978284968772, "d1_open": 137.08846618531726, "h1_open": 133.29083440032448, "m5_open": 133.30866258964755, "m1_open": 132.80943605455923, "band": {"m1": 0.0018906928610436396, "m5": 0.004792484805930617, "h1": 0.010519421787852565, "d1": 0.03365959234701798}, "garch_variance": 3.5374888169892795e-06, "prev_return": 0.0, "boundary_trend": 1, "trend_ou": -0.005014860778440241, "reversion_strength": {"s1": 0.00502554902391116, "m1": 0.0038098335627198736, "m5": 0.0032918974962767448, "h1": 0.046518504108642444, "d1": 0.05}}, "NVDA": {"p": 77.57792041708599, "d1_open": 77.58920212535816, "h1_open": 77.08644892077346, "m5_open": 77.34671697777846, "m1_open": 77.4220226445971, "band": {"m1": 0.002013610174000974, "m5": 0.005039851126576411, "h1": 0.01128111251752348, "d1": 0.03692466119864638}, "garch_variance": 4.783409697061572e-06, "prev_return": 0.00044063735167058026, "boundary_trend": -1, "trend_ou": 0.23421516265702075, "reversion_strength": {"s1": 0.0011925680738830492, "m1": 0.020956231791063703, "m5": 0.022867711633453934, "h1": 0.013888096527728985, "d1": 0.05}}}