{"AAPL": {"p": 58.274591346529476, "d1_open": 58.881026803928506, "h1_open": 58.1428595806997, "m5_open": 58.14419521222946, "m1_open": 58.14419521222946, "band": {"m1": 0.0022426337457087157, "m5": 0.0055007521738858894, "h1": 0.01270031968410432, "d1": 0.043008244644138625}, "garch_variance": 4.945384579634493e-06, "prev_return": 0.0, "boundary_trend": -1, "trend_ou": -0.17948524819201733, "reversion_strength": {"s1": 0.008338960049529932, "m1": 0.001351140996985631, "m5": 0.013839264509730786, "h1": 0.04009322855887123, "d1": 0.05}}, "GOOG": {"p": 117.99111712279722, "d1_open": 119.02146768303125, "h1_open": 117.50203204488679, "m5_open": 118.2538593325105, "m1_open": 118.2538593325105, "band": {"m1": 0.002221848920587802, "m5": 0.005458923520202161, "h1": 0.012571520833628905, "d1": 0.04245613458367549}, "garch_variance": 6.311874775976524e-06, "prev_return": -0.003066247967920223, "boundary_trend": 1, "trend_ou": -0.12453068550682621, "reversion_strength": {"s1": 0.0062823601171641975, "m1": 0.013292119646085305, "m5": 0.03312992683192555, "h1": 0.04623311401955329, "d1": 0.05}}, "AMZN": {"p": 156.8310001508556, "d1_open": 158.98498094367304, "h1_open": 156.14714668241675, "m5_open": 156.82249662204018, "m1_open": 156.82249662204018, "band": {"m1": 0.0017579497407124523, "m5": 0.004525344429385244, "h1": 0.009696842756866494, "d1": 0.03013351927371738}, "garch_variance": 2.0865736757589195e-06, "prev_return": 0.0018137191867887877, "boundary_trend": 0, "trend_ou": 0.09776329373966444, "reversion_strength": {"s1": 0.002645480578274048, "m1": 0.009447304871809989, "m5": 0.011715152974709363, "h1": 0.04320287271163793, "d1": 0.05}}, "MSFT": {"p": 133.30454996880923, "d1_open": 137.08846618531726, "h1_open": 134.15426905759884, "m5_open": 133.05274900565777, "m1_open": 133.05274900565777, "band": {"m1": 0.002182508156870863, "m5": 0.005379751760440111, "h1": 0.012327735037304449, "d1": 0.04141112067049277}, "garch_variance": 4.464141187803887e-06, "prev_return": 0.0025937436972828156, "boundary_trend": 0, "trend_ou": -0.008679386623052949, "reversion_strength": {"s1": 0.00502554902391116, "m1": 0.0038098335627198736, "m5": 0.0032918974962767448, "h1": 0.046518504108642444, "d1": 0.05}}, "NVDA": {"p": 77.46742100390664, "d1_open": 77.58920212535816, "h1_open": 76.70225877457747, "m5_open": 77.35420689851543, "m1_open": 77.35420689851543, "band": {"m1": 0.0018029575121068253, "m5": 0.004615920822103475, "h1": 0.009975745715363, "d1": 0.03132906666183827}, "garch_variance": 1.970643408840905e-06, "prev_return": 0.0, "boundary_trend": -1, "trend_ou": 0.23017329285442864, "reversion_strength": {"s1": 0.0011925680738830492, "m1": 0.020956231791063703, "m5": 0.022867711633453934, "h1": 0.013888096527728985, "d1": 0.05}}}