{"AAPL": {"p": 55.25763527817494, "d1_open": 55.53712856805172, "h1_open": 55.05670946032792, "m5_open": 55.07131912224494, "m1_open": 55.330317578894025, "band": {"m1": 0.002346769617940947, "m5": 0.005710321574172641, "h1": 0.013345626082341461, "d1": 0.04577441960014854}, "garch_variance": 4.461512840765869e-06, "prev_return": 0.001035056910476327, "boundary_trend": 1, "trend_ou": 0.044340357327157194, "reversion_strength": {"s1": 0.008338960049529932, "m1": 0.001351140996985631, "m5": 0.013839264509730786, "h1": 0.04009322855887123, "d1": 0.05}}, "GOOG": {"p": 96.78506998322372, "d1_open": 100.24132710088554, "h1_open": 97.94485073564063, "m5_open": 96.85843386112379, "m1_open": 96.5334807281936, "band": {"m1": 0.002606238303356304, "m5": 0.0062324922309317625, "h1": 0.014953494718303076, "d1": 0.05266672063032736}, "garch_variance": 6.929864954524585e-06, "prev_return": 0.0031545994438850924, "boundary_trend": -1, "trend_ou": 0.13936370690320887, "reversion_strength": {"s1": 0.0062823601171641975, "m1": 0.013292119646085305, "m5": 0.03312992683192555, "h1": 0.04623311401955329, "d1": 0.05}}, "AMZN": {"p": 131.01870770627298, "d1_open": 136.62257042864903, "h1_open": 132.1599159210106, "m5_open": 131.27659585600577, "m1_open": 131.270968482065, "band": {"m1": 0.002172331915772445, "m5": 0.0053592724702737704, "h1": 0.012264675177622584, "d1": 0.041140807831416645}, "garch_variance": 2.9878896373007897e-06, "prev_return": 0.00012899900660425932, "boundary_trend": 1, "trend_ou": 0.08348313233710167, "reversion_strength": {"s1": 0.002645480578274048, "m1": 0.009447304871809989, "m5": 0.011715152974709363, "h1": 0.04320287271163793, "d1": 0.05}}, "MSFT": {"p": 152.0215758160278, "d1_open": 151.63091538707712, "h1_open": 153.24572122429387, "m5_open": 151.65749090496686, "m1_open": 152.05429803938387, "band": {"m1": 0.002715875687414171, "m5": 0.006453133210197541, "h1": 0.01563289273842766, "d1": 0.05557903297306151}, "garch_variance": 9.435588590136249e-06, "prev_return": 0.0025043462994772535, "boundary_trend": 1, "trend_ou": -0.09470771121758047, "reversion_strength": {"s1": 0.00502554902391116, "m1": 0.0038098335627198736, "m5": 0.0032918974962767448, "h1": 0.046518504108642444, "d1": 0.05}}, "NVDA": {"p": 74.62081491215517, "d1_open": 75.76416089410631, "h1_open": 74.8079337476142, "m5_open": 74.44277429999924, "m1_open": 74.43956588776032, "band": {"m1": 0.002434847949921148, "m5": 0.00588757579805991, "h1": 0.013891427543015134, "d1": 0.048114055989301956}, "garch_variance": 5.661976873891131e-06, "prev_return": 0.0, "boundary_trend": -1, "trend_ou": 0.051771495725635844, "reversion_strength": {"s1": 0.0011925680738830492, "m1": 0.020956231791063703, "m5": 0.022867711633453934, "h1": 0.013888096527728985, "d1": 0.05}}}