{"AAPL": {"p": 89.27875957635592, "d1_open": 87.95021220263737, "h1_open": 88.46025421232386, "m5_open": 89.17606890278775, "m1_open": 89.31841463671778, "reversion_strength": {"s1": 0.008338960049529932, "m1": 0.001351140996985631, "m5": 0.013839264509730786, "h1": 0.04009322855887123, "d1": 0.05}, "garch_variance": 1.2293285495413571e-06, "prev_return": -0.0004440726589124043, "boundary_trend": 0}, "GOOG": {"p": 177.5930874526678, "d1_open": 175.76656301755804, "h1_open": 171.25338368742615, "m5_open": 179.17096090168124, "m1_open": 177.6038383474117, "reversion_strength": {"s1": 0.0062823601171641975, "m1": 0.013292119646085305, "m5": 0.03312992683192555, "h1": 0.04623311401955329, "d1": 0.05}, "garch_variance": 1.4503131363791873e-06, "prev_return": -6.0534841189752504e-05, "boundary_trend": 0}, "AMZN": {"p": 165.19708931957962, "d1_open": 169.8941041712876, "h1_open": 168.5021874081404, "m5_open": 163.46781265744556, "m1_open": 165.36747798028864, "reversion_strength": {"s1": 0.002645480578274048, "m1": 0.009447304871809989, "m5": 0.011715152974709363, "h1": 0.04320287271163793, "d1": 0.05}, "garch_variance": 1.273034101408505e-06, "prev_return": -0.0010308949757729339, "boundary_trend": 0}, "MSFT": {"p": 165.13780695445934, "d1_open": 164.41906387237157, "h1_open": 164.11163536945244, "m5_open": 164.80931298466675, "m1_open": 165.19007149340482, "reversion_strength": {"s1": 0.00502554902391116, "m1": 0.0038098335627198736, "m5": 0.0032918974962767448, "h1": 0.046518504108642444, "d1": 0.05}, "garch_variance": 2.3045661589280302e-06, "prev_return": -0.0003164403781308193, "boundary_trend": -1}, "NVDA": {"p": 96.36098345568654, "d1_open": 97.6331941946038, "h1_open": 97.10451824378742, "m5_open": 96.83362729746081, "m1_open": 96.47123615436603, "reversion_strength": {"s1": 0.0011925680738830492, "m1": 0.020956231791063703, "m5": 0.022867711633453934, "h1": 0.013888096527728985, "d1": 0.05}, "garch_variance": 1.3921171646411309e-06, "prev_return": -0.001143509221814055, "boundary_trend": 0}}