{"AAPL": {"p": 57.66177844496528, "d1_open": 58.881026803928506, "h1_open": 57.95099828715578, "m5_open": 57.54653632248736, "m1_open": 57.55194479068609, "band": {"m1": 0.0019084264602810882, "m5": 0.004828172985973223, "h1": 0.010629312883076492, "d1": 0.03413065229052287}, "garch_variance": 4.89238549145661e-06, "prev_return": 0.0011658750552995317, "boundary_trend": -1, "trend_ou": -0.19308540372034377, "reversion_strength": {"s1": 0.008338960049529932, "m1": 0.001351140996985631, "m5": 0.013839264509730786, "h1": 0.04009322855887123, "d1": 0.05}}, "GOOG": {"p": 116.5028827247987, "d1_open": 119.02146768303125, "h1_open": 116.73471203161151, "m5_open": 116.12131214200191, "m1_open": 116.3130594147609, "band": {"m1": 0.0016320034138289654, "m5": 0.004271882335800147, "h1": 0.008916381914409308, "d1": 0.0267879903242925}, "garch_variance": 1.923166790971668e-06, "prev_return": 0.0018224616522294268, "boundary_trend": -1, "trend_ou": -0.09854405317199055, "reversion_strength": {"s1": 0.0062823601171641975, "m1": 0.013292119646085305, "m5": 0.03312992683192555, "h1": 0.04623311401955329, "d1": 0.05}}, "AMZN": {"p": 156.5836029314213, "d1_open": 158.98498094367304, "h1_open": 155.272478808972, "m5_open": 156.5830490208845, "m1_open": 156.87578348372227, "band": {"m1": 0.0018624962107762187, "m5": 0.004735740141868451, "h1": 0.010344693536805276, "d1": 0.03291060099426712}, "garch_variance": 4.3478792093510195e-06, "prev_return": -0.0001433474274061155, "boundary_trend": 1, "trend_ou": 0.0846484341142676, "reversion_strength": {"s1": 0.002645480578274048, "m1": 0.009447304871809989, "m5": 0.011715152974709363, "h1": 0.04320287271163793, "d1": 0.05}}, "MSFT": {"p": 132.9758341111035, "d1_open": 137.08846618531726, "h1_open": 133.13886604045118, "m5_open": 132.97463376888277, "m1_open": 133.21199957555203, "band": {"m1": 0.0017728542864081734, "m5": 0.004555339248999691, "h1": 0.009789202848486197, "d1": 0.030529430693581102}, "garch_variance": 3.2741070939457092e-06, "prev_return": 0.0, "boundary_trend": 1, "trend_ou": -0.03786192648017054, "reversion_strength": {"s1": 0.00502554902391116, "m1": 0.0038098335627198736, "m5": 0.0032918974962767448, "h1": 0.046518504108642444, "d1": 0.05}}, "NVDA": {"p": 77.59014169217971, "d1_open": 77.58920212535816, "h1_open": 77.04681052606045, "m5_open": 77.58856861454744, "m1_open": 77.4667109377811, "band": {"m1": 0.0015933392925090854, "m5": 0.004194072292594752, "h1": 0.008676789117661086, "d1": 0.025760950152653377}, "garch_variance": 2.9254317557260306e-06, "prev_return": 0.0, "boundary_trend": -1, "trend_ou": 0.23931166600084047, "reversion_strength": {"s1": 0.0011925680738830492, "m1": 0.020956231791063703, "m5": 0.022867711633453934, "h1": 0.013888096527728985, "d1": 0.05}}}