{"AAPL": {"p": 83.65827076873106, "d1_open": 81.94143766685488, "h1_open": 83.16511765564458, "m5_open": 83.5831272503324, "m1_open": 83.76018974630392, "band": {"m1": 0.0018872600825108575, "m5": 0.004785576472394716, "h1": 0.010498149637310671, "d1": 0.0335684069965392}, "garch_variance": 2.5756388811881585e-06, "prev_return": 0.0001319758727789783, "boundary_trend": 0, "trend_ou": -0.1437300731183072, "reversion_strength": {"s1": 0.008338960049529932, "m1": 0.001351140996985631, "m5": 0.013839264509730786, "h1": 0.04009322855887123, "d1": 0.05}}, "GOOG": {"p": 151.85071396277704, "d1_open": 151.7016903651911, "h1_open": 152.3937591816353, "m5_open": 152.60926836701512, "m1_open": 152.00290609615033, "band": {"m1": 0.0021235653047515417, "m5": 0.005261131558726244, "h1": 0.011962479541886692, "d1": 0.03984541388883105}, "garch_variance": 6.80217432456117e-06, "prev_return": -0.0031230601999623847, "boundary_trend": 0, "trend_ou": -0.08697215390838137, "reversion_strength": {"s1": 0.0062823601171641975, "m1": 0.013292119646085305, "m5": 0.03312992683192555, "h1": 0.04623311401955329, "d1": 0.05}}, "AMZN": {"p": 169.02915256973694, "d1_open": 165.13593115049974, "h1_open": 168.6793807914225, "m5_open": 169.21374692190642, "m1_open": 168.65768454036623, "band": {"m1": 0.0022024969119137745, "m5": 0.005419978353995499, "h1": 0.012451600821932633, "d1": 0.041942084616117696}, "garch_variance": 6.484411353093712e-06, "prev_return": 0.0, "boundary_trend": -1, "trend_ou": 0.02392873729774135, "reversion_strength": {"s1": 0.002645480578274048, "m1": 0.009447304871809989, "m5": 0.011715152974709363, "h1": 0.04320287271163793, "d1": 0.05}}, "MSFT": {"p": 161.42080634960723, "d1_open": 158.81978513575737, "h1_open": 159.9210688610481, "m5_open": 160.63290979464585, "m1_open": 161.26946320201242, "band": {"m1": 0.0019465777727933633, "m5": 0.00490495102136068, "h1": 0.010865727919870087, "d1": 0.03514407065393769}, "garch_variance": 2.7189640113118823e-06, "prev_return": 0.0013169614141276989, "boundary_trend": -1, "trend_ou": 0.125580799972453, "reversion_strength": {"s1": 0.00502554902391116, "m1": 0.0038098335627198736, "m5": 0.0032918974962767448, "h1": 0.046518504108642444, "d1": 0.05}}, "NVDA": {"p": 99.48799657007388, "d1_open": 100.31090827320226, "h1_open": 98.94100541546996, "m5_open": 99.18958752287226, "m1_open": 99.28081555562031, "band": {"m1": 0.0020868182165313678, "m5": 0.005187179470214303, "h1": 0.011734766164769338, "d1": 0.038869296121129965}, "garch_variance": 4.7820241693256164e-06, "prev_return": 0.004173642491543568, "boundary_trend": -1, "trend_ou": -0.09366109652711929, "reversion_strength": {"s1": 0.0011925680738830492, "m1": 0.020956231791063703, "m5": 0.022867711633453934, "h1": 0.013888096527728985, "d1": 0.05}}}