{"AAPL": {"p": 89.38852954491205, "d1_open": 87.95021220263737, "h1_open": 90.36175952352136, "m5_open": 89.7039705115156, "m1_open": 89.38902994145327, "band": {"m1": 0.0035690606571942432, "m5": 0.008157673661276142, "h1": 0.016723113271204113, "d1": 0.05167916589503355}, "garch_variance": 9.062748489123802e-06, "prev_return": -0.0009289119802694595, "boundary_trend": 0, "trend_ou": 0.06926580232488772, "reversion_strength": {"s1": 0.008338960049529932, "m1": 0.001351140996985631, "m5": 0.013839264509730786, "h1": 0.04009322855887123, "d1": 0.05}}, "GOOG": {"p": 176.44738200281537, "d1_open": 175.76656301755804, "h1_open": 175.77288560235982, "m5_open": 176.4420083629544, "m1_open": 175.681867355839, "band": {"m1": 0.004357391337524209, "m5": 0.009744158552245953, "h1": 0.021608219825159817, "d1": 0.07261969808858897}, "garch_variance": 1.8214387093725386e-05, "prev_return": 0.0, "boundary_trend": -1, "trend_ou": -0.012437714283313745, "reversion_strength": {"s1": 0.0062823601171641975, "m1": 0.013292119646085305, "m5": 0.03312992683192555, "h1": 0.04623311401955329, "d1": 0.05}}, "AMZN": {"p": 169.21390584879973, "d1_open": 169.8941041712876, "h1_open": 168.9021703391811, "m5_open": 170.2038936340742, "m1_open": 169.85180099444446, "band": {"m1": 0.0037555983622781257, "m5": 0.008533073551317074, "h1": 0.017879045151571515, "d1": 0.056634191642586595}, "garch_variance": 8.222502771634657e-06, "prev_return": 0.0, "boundary_trend": 1, "trend_ou": 0.05914911618152785, "reversion_strength": {"s1": 0.002645480578274048, "m1": 0.009447304871809989, "m5": 0.011715152974709363, "h1": 0.04320287271163793, "d1": 0.05}}, "MSFT": {"p": 160.3134147779346, "d1_open": 164.41906387237157, "h1_open": 160.00715142749434, "m5_open": 160.3151046511867, "m1_open": 160.85033308161871, "band": {"m1": 0.003337999327683495, "m5": 0.007692671705494381, "h1": 0.015291278581367834, "d1": 0.045541453219332145}, "garch_variance": 4.979818634536376e-06, "prev_return": -0.005325289898863725, "boundary_trend": 1, "trend_ou": 0.006629480453207373, "reversion_strength": {"s1": 0.00502554902391116, "m1": 0.0038098335627198736, "m5": 0.0032918974962767448, "h1": 0.046518504108642444, "d1": 0.05}}, "NVDA": {"p": 101.79371277949322, "d1_open": 97.6331941946038, "h1_open": 100.4340456706556, "m5_open": 101.82829056094205, "m1_open": 101.44697509639204, "band": {"m1": 0.0038134130758235435, "m5": 0.008649423417945582, "h1": 0.018237309827934964, "d1": 0.058169931530005756}, "garch_variance": 1.2174647485222552e-05, "prev_return": -0.0003940678884099095, "boundary_trend": -1, "trend_ou": 0.03953011964512057, "reversion_strength": {"s1": 0.0011925680738830492, "m1": 0.020956231791063703, "m5": 0.022867711633453934, "h1": 0.013888096527728985, "d1": 0.05}}}