{"AAPL": {"p": 89.79040363213505, "d1_open": 87.95021220263737, "h1_open": 90.36175952352136, "m5_open": 89.17259750189662, "m1_open": 89.48301816065192, "band": {"m1": 0.0034351263267771394, "m5": 0.007888136020675932, "h1": 0.01589315258129869, "d1": 0.04812145055056956}, "garch_variance": 4.475324039525618e-06, "prev_return": 8.588877510242825e-05, "boundary_trend": -1, "trend_ou": 0.06917809253882946, "reversion_strength": {"s1": 0.008338960049529932, "m1": 0.001351140996985631, "m5": 0.013839264509730786, "h1": 0.04009322855887123, "d1": 0.05}}, "GOOG": {"p": 175.41037342818362, "d1_open": 175.76656301755804, "h1_open": 175.77288560235982, "m5_open": 177.10766678773925, "m1_open": 176.2547932386902, "band": {"m1": 0.004790904093955937, "m5": 0.010616586145491142, "h1": 0.024294600122805512, "d1": 0.08413515481111038}, "garch_variance": 2.0722531031309667e-05, "prev_return": -0.007903092526917474, "boundary_trend": 1, "trend_ou": -0.010054092898748191, "reversion_strength": {"s1": 0.0062823601171641975, "m1": 0.013292119646085305, "m5": 0.03312992683192555, "h1": 0.04623311401955329, "d1": 0.05}}, "AMZN": {"p": 170.53828187246907, "d1_open": 169.8941041712876, "h1_open": 168.9021703391811, "m5_open": 169.84815979716566, "m1_open": 169.93304921561295, "band": {"m1": 0.0035615947554039715, "m5": 0.008142648823751394, "h1": 0.01667684876992708, "d1": 0.051480848157700695}, "garch_variance": 6.861692107530287e-06, "prev_return": 0.0, "boundary_trend": -1, "trend_ou": 0.07226301876669822, "reversion_strength": {"s1": 0.002645480578274048, "m1": 0.009447304871809989, "m5": 0.011715152974709363, "h1": 0.04320287271163793, "d1": 0.05}}, "MSFT": {"p": 161.1049546178202, "d1_open": 164.41906387237157, "h1_open": 160.00715142749434, "m5_open": 161.00401406120514, "m1_open": 161.16465472949938, "band": {"m1": 0.0034281317860878286, "m5": 0.007874059779068516, "h1": 0.015849808997932178, "d1": 0.047935653640544015}, "garch_variance": 5.327432395830319e-06, "prev_return": 0.003063523358879092, "boundary_trend": 1, "trend_ou": 0.004218727918514256, "reversion_strength": {"s1": 0.00502554902391116, "m1": 0.0038098335627198736, "m5": 0.0032918974962767448, "h1": 0.046518504108642444, "d1": 0.05}}, "NVDA": {"p": 102.22015414941679, "d1_open": 97.6331941946038, "h1_open": 100.4340456706556, "m5_open": 101.78597305952917, "m1_open": 101.84406931483602, "band": {"m1": 0.003740243502103214, "m5": 0.008502172491294578, "h1": 0.017783894563186273, "d1": 0.05622631845961509}, "garch_variance": 8.822798932402138e-06, "prev_return": 0.002384683081422281, "boundary_trend": -1, "trend_ou": 0.04061813199786278, "reversion_strength": {"s1": 0.0011925680738830492, "m1": 0.020956231791063703, "m5": 0.022867711633453934, "h1": 0.013888096527728985, "d1": 0.05}}}