{"AAPL": {"p": 89.95465415256675, "d1_open": 87.95021220263737, "h1_open": 90.06205021135978, "m5_open": 90.06205021135978, "m1_open": 89.97937169858183, "reversion_strength": {"s1": 0.008338960049529932, "m1": 0.001351140996985631, "m5": 0.013839264509730786, "h1": 0.04009322855887123, "d1": 0.05}, "garch_variance": 1.5951220100835147e-06, "prev_return": -0.0002747401004745088, "boundary_trend": 1}, "GOOG": {"p": 182.4719223237407, "d1_open": 175.76656301755804, "h1_open": 182.2768621595806, "m5_open": 182.2768621595806, "m1_open": 182.37686750603837, "reversion_strength": {"s1": 0.0062823601171641975, "m1": 0.013292119646085305, "m5": 0.03312992683192555, "h1": 0.04623311401955329, "d1": 0.05}, "garch_variance": 8.440372620998732e-06, "prev_return": 0.0005210641915373151, "boundary_trend": 0}, "AMZN": {"p": 171.42588294710166, "d1_open": 169.8941041712876, "h1_open": 170.28724881804374, "m5_open": 170.28724881804374, "m1_open": 171.71867240689076, "reversion_strength": {"s1": 0.002645480578274048, "m1": 0.009447304871809989, "m5": 0.011715152974709363, "h1": 0.04320287271163793, "d1": 0.05}, "garch_variance": 2.9177212433225765e-06, "prev_return": -0.001706508387064296, "boundary_trend": 0}, "MSFT": {"p": 161.53697721258106, "d1_open": 164.41906387237157, "h1_open": 161.08021439952043, "m5_open": 161.08021439952043, "m1_open": 161.56095273453795, "reversion_strength": {"s1": 0.00502554902391116, "m1": 0.0038098335627198736, "m5": 0.0032918974962767448, "h1": 0.046518504108642444, "d1": 0.05}, "garch_variance": 1.910833156152471e-06, "prev_return": -0.00014841024827872475, "boundary_trend": -1}, "NVDA": {"p": 100.00897846835652, "d1_open": 97.6331941946038, "h1_open": 98.64308364945421, "m5_open": 98.64308364945421, "m1_open": 99.97208459299713, "reversion_strength": {"s1": 0.0011925680738830492, "m1": 0.020956231791063703, "m5": 0.022867711633453934, "h1": 0.013888096527728985, "d1": 0.05}, "garch_variance": 1.2309330524102032e-06, "prev_return": 0.0003689736939405221, "boundary_trend": -1}}