{"AAPL": {"p": 89.51599756563861, "d1_open": 87.95021220263737, "h1_open": 89.17288531883615, "m5_open": 89.59307540712173, "m1_open": 89.506407819913, "reversion_strength": {"s1": 0.008338960049529932, "m1": 0.001351140996985631, "m5": 0.013839264509730786, "h1": 0.04009322855887123, "d1": 0.05}, "garch_variance": 1.1110632141504763e-06, "prev_return": 0.00010713458702707737, "boundary_trend": 0}, "GOOG": {"p": 177.59744392101982, "d1_open": 175.76656301755804, "h1_open": 176.0396410021823, "m5_open": 175.18765561019197, "m1_open": 177.83859976713632, "reversion_strength": {"s1": 0.0062823601171641975, "m1": 0.013292119646085305, "m5": 0.03312992683192555, "h1": 0.04623311401955329, "d1": 0.05}, "garch_variance": 1.977057591052818e-06, "prev_return": -0.001356957952931406, "boundary_trend": 0}, "AMZN": {"p": 166.03232424488894, "d1_open": 169.8941041712876, "h1_open": 162.3870609310141, "m5_open": 167.42766266799555, "m1_open": 166.2511296829442, "reversion_strength": {"s1": 0.002645480578274048, "m1": 0.009447304871809989, "m5": 0.011715152974709363, "h1": 0.04320287271163793, "d1": 0.05}, "garch_variance": 1.4614272463483176e-06, "prev_return": -0.0013169808312403438, "boundary_trend": 0}, "MSFT": {"p": 164.1684017261237, "d1_open": 164.41906387237157, "h1_open": 164.33550431317852, "m5_open": 164.15736081413894, "m1_open": 164.24032503894634, "reversion_strength": {"s1": 0.00502554902391116, "m1": 0.0038098335627198736, "m5": 0.0032918974962767448, "h1": 0.046518504108642444, "d1": 0.05}, "garch_variance": 1.5729011591239574e-06, "prev_return": -0.0004380109790686549, "boundary_trend": -1}, "NVDA": {"p": 97.7630415181191, "d1_open": 97.6331941946038, "h1_open": 98.01165686841159, "m5_open": 98.49327490530693, "m1_open": 97.86402592346009, "reversion_strength": {"s1": 0.0011925680738830492, "m1": 0.020956231791063703, "m5": 0.022867711633453934, "h1": 0.013888096527728985, "d1": 0.05}, "garch_variance": 1.426533036518795e-06, "prev_return": -0.0010324176059223122, "boundary_trend": 1}}