{"AAPL": {"p": 58.03517254130384, "d1_open": 58.881026803928506, "h1_open": 57.935104588267784, "m5_open": 57.935104588267784, "m1_open": 57.935104588267784, "band": {"m1": 0.0017272421228408325, "m5": 0.004463546540496019, "h1": 0.009506554608676917, "d1": 0.02931782875618114}, "garch_variance": 3.01936475686295e-06, "prev_return": 0.0012587707535109893, "boundary_trend": -1, "trend_ou": -0.18427665466868798, "reversion_strength": {"s1": 0.008338960049529932, "m1": 0.001351140996985631, "m5": 0.013839264509730786, "h1": 0.04009322855887123, "d1": 0.05}}, "GOOG": {"p": 115.94959511147621, "d1_open": 119.02146768303125, "h1_open": 116.09550753836272, "m5_open": 116.09550753836272, "m1_open": 116.09550753836272, "band": {"m1": 0.0015951632128301586, "m5": 0.004197742861435869, "h1": 0.008688091538506408, "d1": 0.025809399189529535}, "garch_variance": 2.0170439181059496e-06, "prev_return": 0.0, "boundary_trend": 1, "trend_ou": -0.12103737040717139, "reversion_strength": {"s1": 0.0062823601171641975, "m1": 0.013292119646085305, "m5": 0.03312992683192555, "h1": 0.04623311401955329, "d1": 0.05}}, "AMZN": {"p": 156.4698720882372, "d1_open": 158.98498094367304, "h1_open": 156.28356493298796, "m5_open": 156.28356493298796, "m1_open": 156.28356493298796, "band": {"m1": 0.0018761964789623976, "m5": 0.004763311399745298, "h1": 0.010429590993643111, "d1": 0.03327452303126426}, "garch_variance": 6.180282024238371e-06, "prev_return": 0.0030693584514482225, "boundary_trend": 0, "trend_ou": 0.07188416374257638, "reversion_strength": {"s1": 0.002645480578274048, "m1": 0.009447304871809989, "m5": 0.011715152974709363, "h1": 0.04320287271163793, "d1": 0.05}}, "MSFT": {"p": 133.50965864084844, "d1_open": 137.08846618531726, "h1_open": 133.73171007353216, "m5_open": 133.73171007353216, "m1_open": 133.73171007353216, "band": {"m1": 0.0016604246858252624, "m5": 0.004329079042371806, "h1": 0.009092502095400811, "d1": 0.027542948333755157}, "garch_variance": 3.0776675425299898e-06, "prev_return": -0.0033208524235273196, "boundary_trend": 1, "trend_ou": -0.038842468014384623, "reversion_strength": {"s1": 0.00502554902391116, "m1": 0.0038098335627198736, "m5": 0.0032918974962767448, "h1": 0.046518504108642444, "d1": 0.05}}, "NVDA": {"p": 77.57149175874532, "d1_open": 77.58920212535816, "h1_open": 77.45406808949511, "m5_open": 77.45406808949511, "m1_open": 77.45406808949511, "band": {"m1": 0.0015160426320607774, "m5": 0.00403851576411823, "h1": 0.008197799231847092, "d1": 0.023707708731306412}, "garch_variance": 1.5568924504435308e-06, "prev_return": 0.003032087587091518, "boundary_trend": -1, "trend_ou": 0.22784685129451235, "reversion_strength": {"s1": 0.0011925680738830492, "m1": 0.020956231791063703, "m5": 0.022867711633453934, "h1": 0.013888096527728985, "d1": 0.05}}}