{"AAPL": {"p": 58.05945496212371, "d1_open": 58.881026803928506, "h1_open": 58.18002329517424, "m5_open": 58.18002329517424, "m1_open": 58.18002329517424, "band": {"m1": 0.0020723321549534234, "m5": 0.005158026833641223, "h1": 0.011644999324379714, "d1": 0.03848450095027119}, "garch_variance": 3.4829947941841123e-06, "prev_return": 0.0, "boundary_trend": 1, "trend_ou": -0.17359882445661004, "reversion_strength": {"s1": 0.008338960049529932, "m1": 0.001351140996985631, "m5": 0.013839264509730786, "h1": 0.04009322855887123, "d1": 0.05}}, "GOOG": {"p": 118.07325813474577, "d1_open": 119.02146768303125, "h1_open": 117.8132584785911, "m5_open": 117.8132584785911, "m1_open": 117.8132584785911, "band": {"m1": 0.0022068794252213045, "m5": 0.0054287979918966394, "h1": 0.012478758263619986, "d1": 0.042058497897111156}, "garch_variance": 5.0439332727081734e-06, "prev_return": 0.004413766015931575, "boundary_trend": -1, "trend_ou": -0.12862836626027435, "reversion_strength": {"s1": 0.0062823601171641975, "m1": 0.013292119646085305, "m5": 0.03312992683192555, "h1": 0.04623311401955329, "d1": 0.05}}, "AMZN": {"p": 156.11871244463308, "d1_open": 158.98498094367304, "h1_open": 156.39399479459698, "m5_open": 156.39399479459698, "m1_open": 156.39399479459698, "band": {"m1": 0.0017601849119938196, "m5": 0.004529842624819088, "h1": 0.009710693606704346, "d1": 0.030192892424279017}, "garch_variance": 2.6111596566803435e-06, "prev_return": -0.003520373459657535, "boundary_trend": 1, "trend_ou": 0.09664398674015533, "reversion_strength": {"s1": 0.002645480578274048, "m1": 0.009447304871809989, "m5": 0.011715152974709363, "h1": 0.04320287271163793, "d1": 0.05}}, "MSFT": {"p": 133.0164561955191, "d1_open": 137.08846618531726, "h1_open": 133.29083440032448, "m5_open": 133.29083440032448, "m1_open": 133.29083440032448, "band": {"m1": 0.002058492664104027, "m5": 0.00513017539555931, "h1": 0.011559239136252189, "d1": 0.03811688072324552}, "garch_variance": 3.519764977522083e-06, "prev_return": -0.004116991143316505, "boundary_trend": 1, "trend_ou": -0.0036663180111865513, "reversion_strength": {"s1": 0.00502554902391116, "m1": 0.0038098335627198736, "m5": 0.0032918974962767448, "h1": 0.046518504108642444, "d1": 0.05}}, "NVDA": {"p": 76.95176282192173, "d1_open": 77.58920212535816, "h1_open": 77.08644892077346, "m5_open": 77.08644892077346, "m1_open": 77.08644892077346, "band": {"m1": 0.0017472085008112999, "m5": 0.0045037281010617955, "h1": 0.00963028172765884, "d1": 0.029848198296669223}, "garch_variance": 2.301993612139365e-06, "prev_return": -0.00013567942833120317, "boundary_trend": 1, "trend_ou": 0.23809511877183118, "reversion_strength": {"s1": 0.0011925680738830492, "m1": 0.020956231791063703, "m5": 0.022867711633453934, "h1": 0.013888096527728985, "d1": 0.05}}}