{"AAPL": {"p": 58.29540365836816, "d1_open": 58.881026803928506, "h1_open": 58.18002329517424, "m5_open": 58.18002329517424, "m1_open": 58.177628193433485, "band": {"m1": 0.0020244115924265083, "m5": 0.005061588561844034, "h1": 0.011348046459407502, "d1": 0.03721158070580204}, "garch_variance": 3.8795021263589245e-06, "prev_return": 0.0, "boundary_trend": -1, "trend_ou": -0.17703173598316208, "reversion_strength": {"s1": 0.008338960049529932, "m1": 0.001351140996985631, "m5": 0.013839264509730786, "h1": 0.04009322855887123, "d1": 0.05}}, "GOOG": {"p": 117.54973300042532, "d1_open": 119.02146768303125, "h1_open": 117.8132584785911, "m5_open": 117.8132584785911, "m1_open": 117.81303802265774, "band": {"m1": 0.0022349395843757804, "m5": 0.0054852679728926235, "h1": 0.012652640710175531, "d1": 0.042803863618364885}, "garch_variance": 7.454060201746056e-06, "prev_return": -0.00446988661105561, "boundary_trend": 1, "trend_ou": -0.13164010675827675, "reversion_strength": {"s1": 0.0062823601171641975, "m1": 0.013292119646085305, "m5": 0.03312992683192555, "h1": 0.04623311401955329, "d1": 0.05}}, "AMZN": {"p": 156.1135276167615, "d1_open": 158.98498094367304, "h1_open": 156.39399479459698, "m5_open": 156.39399479459698, "m1_open": 156.40047886114095, "band": {"m1": 0.0018347210089696155, "m5": 0.004679843626472944, "h1": 0.01017257690635004, "d1": 0.03217280463275773}, "garch_variance": 3.674895773916198e-06, "prev_return": -0.001602933791185678, "boundary_trend": 1, "trend_ou": 0.09484569562685835, "reversion_strength": {"s1": 0.002645480578274048, "m1": 0.009447304871809989, "m5": 0.011715152974709363, "h1": 0.04320287271163793, "d1": 0.05}}, "MSFT": {"p": 133.1964309699234, "d1_open": 137.08846618531726, "h1_open": 133.29083440032448, "m5_open": 133.29083440032448, "m1_open": 132.91773276653308, "band": {"m1": 0.002096772173204529, "m5": 0.00520721142160395, "h1": 0.011796448578247775, "d1": 0.03913370438959966}, "garch_variance": 5.654716635386575e-06, "prev_return": 0.0, "boundary_trend": -1, "trend_ou": 0.004320117520017271, "reversion_strength": {"s1": 0.00502554902391116, "m1": 0.0038098335627198736, "m5": 0.0032918974962767448, "h1": 0.046518504108642444, "d1": 0.05}}, "NVDA": {"p": 76.95220946854826, "d1_open": 77.58920212535816, "h1_open": 77.08644892077346, "m5_open": 77.08644892077346, "m1_open": 77.08591467391265, "band": {"m1": 0.001734495931325208, "m5": 0.0044781445484761645, "h1": 0.00955150481580742, "d1": 0.029510512630959895}, "garch_variance": 1.9726078338486774e-06, "prev_return": -0.002078253148088635, "boundary_trend": 1, "trend_ou": 0.23445723403695973, "reversion_strength": {"s1": 0.0011925680738830492, "m1": 0.020956231791063703, "m5": 0.022867711633453934, "h1": 0.013888096527728985, "d1": 0.05}}}