{"AAPL": {"p": 57.788193158916975, "d1_open": 58.881026803928506, "h1_open": 57.95099828715578, "m5_open": 57.78763003756043, "m1_open": 57.66338304220395, "band": {"m1": 0.002164460531593848, "m5": 0.005343431615183448, "h1": 0.012215897993886095, "d1": 0.040931719211738965}, "garch_variance": 8.344748446999662e-06, "prev_return": 0.004328927823378927, "boundary_trend": -1, "trend_ou": -0.1751745602402683, "reversion_strength": {"s1": 0.008338960049529932, "m1": 0.001351140996985631, "m5": 0.013839264509730786, "h1": 0.04009322855887123, "d1": 0.05}}, "GOOG": {"p": 115.76748260822121, "d1_open": 119.02146768303125, "h1_open": 116.73471203161151, "m5_open": 115.7476917120329, "m1_open": 115.55808811270893, "band": {"m1": 0.0018120280365668138, "m5": 0.004634174900459172, "h1": 0.010031953699642845, "d1": 0.03157000820351127}, "garch_variance": 3.411390159011604e-06, "prev_return": 0.0017623902732500736, "boundary_trend": -1, "trend_ou": -0.09743367014082636, "reversion_strength": {"s1": 0.0062823601171641975, "m1": 0.013292119646085305, "m5": 0.03312992683192555, "h1": 0.04623311401955329, "d1": 0.05}}, "AMZN": {"p": 153.79124188647395, "d1_open": 158.98498094367304, "h1_open": 155.272478808972, "m5_open": 154.0679183593806, "m1_open": 154.09400946824462, "band": {"m1": 0.001964823829397852, "m5": 0.004941670501960732, "h1": 0.010978794597251117, "d1": 0.03562874307030466}, "garch_variance": 3.944455497753587e-06, "prev_return": -0.0017333439560748315, "boundary_trend": 1, "trend_ou": 0.11049199011546658, "reversion_strength": {"s1": 0.002645480578274048, "m1": 0.009447304871809989, "m5": 0.011715152974709363, "h1": 0.04320287271163793, "d1": 0.05}}, "MSFT": {"p": 133.09255920194275, "d1_open": 137.08846618531726, "h1_open": 133.13886604045118, "m5_open": 132.8288239311095, "m1_open": 132.84671530736313, "band": {"m1": 0.0018505831627888476, "m5": 0.004711765595261369, "h1": 0.010270871078473024, "d1": 0.03259415312394131}, "garch_variance": 3.6545567959288968e-06, "prev_return": 0.0006778929960501844, "boundary_trend": -1, "trend_ou": -0.019230050011084524, "reversion_strength": {"s1": 0.00502554902391116, "m1": 0.0038098335627198736, "m5": 0.0032918974962767448, "h1": 0.046518504108642444, "d1": 0.05}}, "NVDA": {"p": 77.61856432346293, "d1_open": 77.58920212535816, "h1_open": 77.04681052606045, "m5_open": 77.46800173134834, "m1_open": 77.5149693688239, "band": {"m1": 0.0018473681308552134, "m5": 0.0047052954683032755, "h1": 0.01025094825425464, "d1": 0.032508751805193456}, "garch_variance": 3.3811224996730377e-06, "prev_return": -0.0005101051482706617, "boundary_trend": -1, "trend_ou": 0.24607046085400233, "reversion_strength": {"s1": 0.0011925680738830492, "m1": 0.020956231791063703, "m5": 0.022867711633453934, "h1": 0.013888096527728985, "d1": 0.05}}}