{"AAPL": {"p": 58.29658906255833, "d1_open": 58.881026803928506, "h1_open": 57.935104588267784, "m5_open": 58.10986597350929, "m1_open": 58.20329407594777, "band": {"m1": 0.001602915918965339, "m5": 0.004213344881570928, "h1": 0.008736133301305758, "d1": 0.026015335348633435}, "garch_variance": 2.307308318502517e-06, "prev_return": 0.0, "boundary_trend": -1, "trend_ou": -0.16335063430256394, "reversion_strength": {"s1": 0.008338960049529932, "m1": 0.001351140996985631, "m5": 0.013839264509730786, "h1": 0.04009322855887123, "d1": 0.05}}, "GOOG": {"p": 116.25616204597732, "d1_open": 119.02146768303125, "h1_open": 116.09550753836272, "m5_open": 116.24545513629725, "m1_open": 116.07194289291978, "band": {"m1": 0.0015871118244956779, "m5": 0.004181539754969635, "h1": 0.00863819890981314, "d1": 0.02559552909563639}, "garch_variance": 3.4139379324638577e-06, "prev_return": 0.0, "boundary_trend": -1, "trend_ou": -0.12187221723681678, "reversion_strength": {"s1": 0.0062823601171641975, "m1": 0.013292119646085305, "m5": 0.03312992683192555, "h1": 0.04623311401955329, "d1": 0.05}}, "AMZN": {"p": 156.34152183210327, "d1_open": 158.98498094367304, "h1_open": 156.28356493298796, "m5_open": 156.64382952261067, "m1_open": 156.3501374979005, "band": {"m1": 0.001853475352689363, "m5": 0.004717586015160621, "h1": 0.010288793323783046, "d1": 0.03267097874703677}, "garch_variance": 3.9954164499451504e-06, "prev_return": 0.0016122082020076974, "boundary_trend": 1, "trend_ou": 0.0562408893501274, "reversion_strength": {"s1": 0.002645480578274048, "m1": 0.009447304871809989, "m5": 0.011715152974709363, "h1": 0.04320287271163793, "d1": 0.05}}, "MSFT": {"p": 134.3142559405238, "d1_open": 137.08846618531726, "h1_open": 133.73171007353216, "m5_open": 134.3164812324416, "m1_open": 134.07799103837715, "band": {"m1": 0.0017621453030200334, "m5": 0.004533787835656474, "h1": 0.009722841705578873, "d1": 0.030244966550557098}, "garch_variance": 3.401357898145745e-06, "prev_return": 0.0, "boundary_trend": -1, "trend_ou": -0.04079429280749129, "reversion_strength": {"s1": 0.00502554902391116, "m1": 0.0038098335627198736, "m5": 0.0032918974962767448, "h1": 0.046518504108642444, "d1": 0.05}}, "NVDA": {"p": 77.41442101647407, "d1_open": 77.58920212535816, "h1_open": 77.45406808949511, "m5_open": 77.41602174839632, "m1_open": 77.53869974506635, "band": {"m1": 0.0016027961392297235, "m5": 0.0042131038295028815, "h1": 0.008735391053431756, "d1": 0.026012153623663988}, "garch_variance": 3.091418048939106e-06, "prev_return": -0.003205595023471618, "boundary_trend": 1, "trend_ou": 0.2283249774264688, "reversion_strength": {"s1": 0.0011925680738830492, "m1": 0.020956231791063703, "m5": 0.022867711633453934, "h1": 0.013888096527728985, "d1": 0.05}}}