{"AAPL": {"p": 57.534177859152656, "d1_open": 58.881026803928506, "h1_open": 57.95099828715578, "m5_open": 57.6615337301786, "m1_open": 57.6615337301786, "band": {"m1": 0.002208679908201718, "m5": 0.005432421393999524, "h1": 0.012489915448577223, "d1": 0.04210632436480555}, "garch_variance": 7.868584747601707e-06, "prev_return": -0.0044173669994445105, "boundary_trend": 1, "trend_ou": -0.18563710517932985, "reversion_strength": {"s1": 0.008338960049529932, "m1": 0.001351140996985631, "m5": 0.013839264509730786, "h1": 0.04009322855887123, "d1": 0.05}}, "GOOG": {"p": 115.58510906681012, "d1_open": 119.02146768303125, "h1_open": 116.73471203161151, "m5_open": 115.57967153985398, "m1_open": 115.57967153985398, "band": {"m1": 0.0017823419733680567, "m5": 0.004574432850692074, "h1": 0.009847995894229649, "d1": 0.030781453377948347}, "garch_variance": 3.2134763846829806e-06, "prev_return": -0.0017337108898705562, "boundary_trend": 1, "trend_ou": -0.09057539679738283, "reversion_strength": {"s1": 0.0062823601171641975, "m1": 0.013292119646085305, "m5": 0.03312992683192555, "h1": 0.04623311401955329, "d1": 0.05}}, "AMZN": {"p": 154.31096810045258, "d1_open": 158.98498094367304, "h1_open": 155.272478808972, "m5_open": 154.59679921139377, "m1_open": 154.59679921139377, "band": {"m1": 0.0018488811695924047, "m5": 0.00470834040002533, "h1": 0.010260324212384733, "d1": 0.0325489428534132}, "garch_variance": 2.9715445790650368e-06, "prev_return": 0.0, "boundary_trend": 1, "trend_ou": 0.11154643051277242, "reversion_strength": {"s1": 0.002645480578274048, "m1": 0.009447304871809989, "m5": 0.011715152974709363, "h1": 0.04320287271163793, "d1": 0.05}}, "MSFT": {"p": 133.0437670615134, "d1_open": 137.08846618531726, "h1_open": 133.13886604045118, "m5_open": 133.28519796425596, "m1_open": 133.28519796425596, "band": {"m1": 0.0018113857084662672, "m5": 0.00463288224009216, "h1": 0.010027973337984896, "d1": 0.031552945957167275}, "garch_variance": 3.2494232883759043e-06, "prev_return": -0.0036227753791876157, "boundary_trend": 1, "trend_ou": -0.017550288169960772, "reversion_strength": {"s1": 0.00502554902391116, "m1": 0.0038098335627198736, "m5": 0.0032918974962767448, "h1": 0.046518504108642444, "d1": 0.05}}, "NVDA": {"p": 77.57288544442119, "d1_open": 77.58920212535816, "h1_open": 77.04681052606045, "m5_open": 77.66098322823717, "m1_open": 77.66098322823717, "band": {"m1": 0.0017570517219721552, "m5": 0.004523537201531709, "h1": 0.009691277938265287, "d1": 0.030109665083070215}, "garch_variance": 2.479654657350561e-06, "prev_return": 0.0006235640004414309, "boundary_trend": 1, "trend_ou": 0.24411885452675922, "reversion_strength": {"s1": 0.0011925680738830492, "m1": 0.020956231791063703, "m5": 0.022867711633453934, "h1": 0.013888096527728985, "d1": 0.05}}}