{"AAPL": {"p": 89.40614791527405, "d1_open": 87.95021220263737, "h1_open": 90.36175952352136, "m5_open": 90.11412600738124, "m1_open": 89.76045170730043, "band": {"m1": 0.003947214895728694, "m5": 0.008918694386284572, "h1": 0.01906644938023079, "d1": 0.06172412698020356}, "garch_variance": 1.2736961076181462e-05, "prev_return": -0.0020152791660810673, "boundary_trend": 1, "trend_ou": 0.07176534764077173, "reversion_strength": {"s1": 0.008338960049529932, "m1": 0.001351140996985631, "m5": 0.013839264509730786, "h1": 0.04009322855887123, "d1": 0.05}}, "GOOG": {"p": 177.2617487682437, "d1_open": 175.76656301755804, "h1_open": 175.77288560235982, "m5_open": 178.10995364395154, "m1_open": 177.88045512741408, "band": {"m1": 0.003478214392509839, "m5": 0.0079748490802735, "h1": 0.016160159558903556, "d1": 0.049266004543135185}, "garch_variance": 5.3926589010081094e-06, "prev_return": 0.0, "boundary_trend": 1, "trend_ou": 0.025690092516077095, "reversion_strength": {"s1": 0.0062823601171641975, "m1": 0.013292119646085305, "m5": 0.03312992683192555, "h1": 0.04623311401955329, "d1": 0.05}}, "AMZN": {"p": 171.32761346218655, "d1_open": 169.8941041712876, "h1_open": 168.9021703391811, "m5_open": 171.3264080928302, "m1_open": 170.71622964153772, "band": {"m1": 0.0035812870395076513, "m5": 0.008182278781050654, "h1": 0.016798877391338826, "d1": 0.05200393690653026}, "garch_variance": 8.462164773141547e-06, "prev_return": 0.0012601346995133103, "boundary_trend": -1, "trend_ou": 0.07477703351964643, "reversion_strength": {"s1": 0.002645480578274048, "m1": 0.009447304871809989, "m5": 0.011715152974709363, "h1": 0.04320287271163793, "d1": 0.05}}, "MSFT": {"p": 159.64669420678587, "d1_open": 164.41906387237157, "h1_open": 160.00715142749434, "m5_open": 159.64342077039723, "m1_open": 160.228873457706, "band": {"m1": 0.003633422855424389, "m5": 0.00828720008665767, "h1": 0.017121951226197158, "d1": 0.05338882748466271}, "garch_variance": 6.8883570456696e-06, "prev_return": -0.007266877689490492, "boundary_trend": 1, "trend_ou": 0.015635348757752236, "reversion_strength": {"s1": 0.00502554902391116, "m1": 0.0038098335627198736, "m5": 0.0032918974962767448, "h1": 0.046518504108642444, "d1": 0.05}}, "NVDA": {"p": 101.98742985184683, "d1_open": 97.6331941946038, "h1_open": 100.4340456706556, "m5_open": 102.13745261585665, "m1_open": 101.77354357951035, "band": {"m1": 0.0035430097285121982, "m5": 0.008105247178607096, "h1": 0.016561681570502036, "d1": 0.05098717162873144}, "garch_variance": 6.572102827644639e-06, "prev_return": -0.0010777137281491663, "boundary_trend": -1, "trend_ou": 0.04207162938395139, "reversion_strength": {"s1": 0.0011925680738830492, "m1": 0.020956231791063703, "m5": 0.022867711633453934, "h1": 0.013888096527728985, "d1": 0.05}}}