{"AAPL": {"p": 88.20788460171309, "d1_open": 87.95021220263737, "h1_open": 86.8359256319159, "m5_open": 87.8551567812688, "m1_open": 88.10330362030317, "reversion_strength": {"s1": 0.008338960049529932, "m1": 0.001351140996985631, "m5": 0.013839264509730786, "h1": 0.04009322855887123, "d1": 0.05}, "garch_variance": 9.428887491496214e-07, "prev_return": 0.0011863228276076491, "boundary_trend": -1}, "GOOG": {"p": 173.5051627454394, "d1_open": 175.76656301755804, "h1_open": 175.75153234700423, "m5_open": 175.5295790680507, "m1_open": 173.5842270227851, "reversion_strength": {"s1": 0.0062823601171641975, "m1": 0.013292119646085305, "m5": 0.03312992683192555, "h1": 0.04623311401955329, "d1": 0.05}, "garch_variance": 1.6890364461213643e-06, "prev_return": -0.00045558453265309387, "boundary_trend": 0}, "AMZN": {"p": 167.05441849360182, "d1_open": 169.8941041712876, "h1_open": 166.80472498164232, "m5_open": 168.84608244383088, "m1_open": 166.99299980824298, "reversion_strength": {"s1": 0.002645480578274048, "m1": 0.009447304871809989, "m5": 0.011715152974709363, "h1": 0.04320287271163793, "d1": 0.05}, "garch_variance": 1.3355279065701512e-06, "prev_return": 0.00036772435699783997, "boundary_trend": 0}, "MSFT": {"p": 164.85657798185315, "d1_open": 164.41906387237157, "h1_open": 164.04525621182805, "m5_open": 164.48548909166684, "m1_open": 164.53245646922224, "reversion_strength": {"s1": 0.00502554902391116, "m1": 0.0038098335627198736, "m5": 0.0032918974962767448, "h1": 0.046518504108642444, "d1": 0.05}, "garch_variance": 1.1545618892718962e-06, "prev_return": 0.0019680170457631752, "boundary_trend": 0}, "NVDA": {"p": 96.69287569760816, "d1_open": 97.6331941946038, "h1_open": 96.51017604046937, "m5_open": 95.77286922788304, "m1_open": 96.67183988313454, "reversion_strength": {"s1": 0.0011925680738830492, "m1": 0.020956231791063703, "m5": 0.022867711633453934, "h1": 0.013888096527728985, "d1": 0.05}, "garch_variance": 1.4298335137179525e-06, "prev_return": 0.000217576557268266, "boundary_trend": 0}}