{"AAPL": {"p": 58.34935009804158, "d1_open": 58.881026803928506, "h1_open": 58.18002329517424, "m5_open": 58.23802413864398, "m1_open": 58.23802413864398, "band": {"m1": 0.001911568275952775, "m5": 0.004834495768046423, "h1": 0.010648782002713766, "d1": 0.03421410875601478}, "garch_variance": 4.403040273896663e-06, "prev_return": 0.002676911346316412, "boundary_trend": -1, "trend_ou": -0.17915895513523236, "reversion_strength": {"s1": 0.008338960049529932, "m1": 0.001351140996985631, "m5": 0.013839264509730786, "h1": 0.04009322855887123, "d1": 0.05}}, "GOOG": {"p": 117.742952376532, "d1_open": 119.02146768303125, "h1_open": 117.8132584785911, "m5_open": 117.52394196185423, "m1_open": 117.52394196185423, "band": {"m1": 0.0018635387055759723, "m5": 0.004737838122183046, "h1": 0.010351153640802002, "d1": 0.03293829292160238}, "garch_variance": 3.137597305541514e-06, "prev_return": 0.0, "boundary_trend": -1, "trend_ou": -0.14658307660859976, "reversion_strength": {"s1": 0.0062823601171641975, "m1": 0.013292119646085305, "m5": 0.03312992683192555, "h1": 0.04623311401955329, "d1": 0.05}}, "AMZN": {"p": 156.13412351415147, "d1_open": 158.98498094367304, "h1_open": 156.39399479459698, "m5_open": 156.10490295664312, "m1_open": 156.10490295664312, "band": {"m1": 0.0017855633417678935, "m5": 0.004580915729542419, "h1": 0.009867957984092957, "d1": 0.03086702301308655}, "garch_variance": 2.9389784544338483e-06, "prev_return": 0.00197432723549047, "boundary_trend": 0, "trend_ou": 0.09828504551465464, "reversion_strength": {"s1": 0.002645480578274048, "m1": 0.009447304871809989, "m5": 0.011715152974709363, "h1": 0.04320287271163793, "d1": 0.05}}, "MSFT": {"p": 133.17507594996567, "d1_open": 137.08846618531726, "h1_open": 133.29083440032448, "m5_open": 132.91459635465824, "m1_open": 132.91459635465824, "band": {"m1": 0.0019597516183430096, "m5": 0.004931462874117364, "h1": 0.01094736325494095, "d1": 0.03549400925677101}, "garch_variance": 4.688235674511954e-06, "prev_return": 0.0, "boundary_trend": -1, "trend_ou": 0.002590521325645842, "reversion_strength": {"s1": 0.00502554902391116, "m1": 0.0038098335627198736, "m5": 0.0032918974962767448, "h1": 0.046518504108642444, "d1": 0.05}}, "NVDA": {"p": 77.36275547378109, "d1_open": 77.58920212535816, "h1_open": 77.08644892077346, "m5_open": 77.50697838647532, "m1_open": 77.50697838647532, "band": {"m1": 0.0018607732580554939, "m5": 0.004732272766403447, "h1": 0.010334016789295403, "d1": 0.03286483397312161}, "garch_variance": 3.6500802443098645e-06, "prev_return": -0.003721550811376464, "boundary_trend": 1, "trend_ou": 0.25449558943990286, "reversion_strength": {"s1": 0.0011925680738830492, "m1": 0.020956231791063703, "m5": 0.022867711633453934, "h1": 0.013888096527728985, "d1": 0.05}}}