{"AAPL": {"p": 57.911160214429074, "d1_open": 58.881026803928506, "h1_open": 57.95099828715578, "m5_open": 57.911031559082915, "m1_open": 58.030199948866375, "band": {"m1": 0.0020513411041525615, "m5": 0.0051157831587823315, "h1": 0.011514922540105898, "d1": 0.037926912889778557}, "garch_variance": 5.757537555429082e-06, "prev_return": -0.003832391337318323, "boundary_trend": 1, "trend_ou": -0.17589718785904362, "reversion_strength": {"s1": 0.008338960049529932, "m1": 0.001351140996985631, "m5": 0.013839264509730786, "h1": 0.04009322855887123, "d1": 0.05}}, "GOOG": {"p": 115.68410237210647, "d1_open": 119.02146768303125, "h1_open": 116.73471203161151, "m5_open": 115.93167374080431, "m1_open": 115.89560005525517, "band": {"m1": 0.0018248982968108293, "m5": 0.004660075799573531, "h1": 0.010111707785381127, "d1": 0.031911882629692974}, "garch_variance": 3.0240352172993706e-06, "prev_return": -0.0036498006452126207, "boundary_trend": 1, "trend_ou": -0.09864139414569337, "reversion_strength": {"s1": 0.0062823601171641975, "m1": 0.013292119646085305, "m5": 0.03312992683192555, "h1": 0.04623311401955329, "d1": 0.05}}, "AMZN": {"p": 153.4825166350694, "d1_open": 158.98498094367304, "h1_open": 155.272478808972, "m5_open": 153.93296388649821, "m1_open": 153.60176585660278, "band": {"m1": 0.0021285199531554007, "m5": 0.005271102596298319, "h1": 0.011993182375093826, "d1": 0.03997702487010775}, "garch_variance": 5.8787279180275125e-06, "prev_return": 0.0004708418530509141, "boundary_trend": 1, "trend_ou": 0.11326804215087989, "reversion_strength": {"s1": 0.002645480578274048, "m1": 0.009447304871809989, "m5": 0.011715152974709363, "h1": 0.04320287271163793, "d1": 0.05}}, "MSFT": {"p": 132.78642146793456, "d1_open": 137.08846618531726, "h1_open": 133.13886604045118, "m5_open": 133.28232573041242, "m1_open": 133.03320893283293, "band": {"m1": 0.001855081651251401, "m5": 0.004720818628659811, "h1": 0.010298747191910745, "d1": 0.03271364706832644}, "garch_variance": 3.4950058891879753e-06, "prev_return": -0.0037101675584744415, "boundary_trend": 1, "trend_ou": -0.020185275086202017, "reversion_strength": {"s1": 0.00502554902391116, "m1": 0.0038098335627198736, "m5": 0.0032918974962767448, "h1": 0.046518504108642444, "d1": 0.05}}, "NVDA": {"p": 77.31830662579088, "d1_open": 77.58920212535816, "h1_open": 77.04681052606045, "m5_open": 77.31842067613212, "m1_open": 77.4674470926813, "band": {"m1": 0.0019252017781350283, "m5": 0.004861932661932241, "h1": 0.010733265725757526, "d1": 0.03457625727881348}, "garch_variance": 4.595608819757436e-06, "prev_return": -0.0016394257994528118, "boundary_trend": 1, "trend_ou": 0.24372318376746535, "reversion_strength": {"s1": 0.0011925680738830492, "m1": 0.020956231791063703, "m5": 0.022867711633453934, "h1": 0.013888096527728985, "d1": 0.05}}}