{"AAPL": {"p": 57.6615337301786, "d1_open": 58.881026803928506, "h1_open": 57.95099828715578, "m5_open": 57.78763003756043, "m1_open": 57.78962783651585, "band": {"m1": 0.0022165587689823457, "m5": 0.00544827729546119, "h1": 0.012538738963121956, "d1": 0.04231561158645245}, "garch_variance": 8.827937213183756e-06, "prev_return": 0.0, "boundary_trend": 1, "trend_ou": -0.18661358768504824, "reversion_strength": {"s1": 0.008338960049529932, "m1": 0.001351140996985631, "m5": 0.013839264509730786, "h1": 0.04009322855887123, "d1": 0.05}}, "GOOG": {"p": 115.57967153985398, "d1_open": 119.02146768303125, "h1_open": 116.73471203161151, "m5_open": 115.7476917120329, "m1_open": 115.57986502778526, "band": {"m1": 0.001789858821819848, "m5": 0.004589560216395366, "h1": 0.009894576100421252, "d1": 0.030981124418193697}, "garch_variance": 3.53804134623066e-06, "prev_return": 0.0, "boundary_trend": 1, "trend_ou": -0.08786822052794076, "reversion_strength": {"s1": 0.0062823601171641975, "m1": 0.013292119646085305, "m5": 0.03312992683192555, "h1": 0.04623311401955329, "d1": 0.05}}, "AMZN": {"p": 154.59679921139377, "d1_open": 158.98498094367304, "h1_open": 155.272478808972, "m5_open": 154.0679183593806, "m1_open": 154.3066639740867, "band": {"m1": 0.001880250857835916, "m5": 0.0047714706798362505, "h1": 0.010454715060613273, "d1": 0.03338222003385998}, "garch_variance": 3.2631188398466327e-06, "prev_return": 0.0, "boundary_trend": -1, "trend_ou": 0.1097365063770309, "reversion_strength": {"s1": 0.002645480578274048, "m1": 0.009447304871809989, "m5": 0.011715152974709363, "h1": 0.04320287271163793, "d1": 0.05}}, "MSFT": {"p": 133.28519796425596, "d1_open": 137.08846618531726, "h1_open": 133.13886604045118, "m5_open": 132.8288239311095, "m1_open": 133.09232726407012, "band": {"m1": 0.0018251145201278313, "m5": 0.004660510940605154, "h1": 0.010113047672270425, "d1": 0.03191762619827867}, "garch_variance": 3.5530258157890136e-06, "prev_return": 0.0006159081436054745, "boundary_trend": -1, "trend_ou": -0.02079335648946488, "reversion_strength": {"s1": 0.00502554902391116, "m1": 0.0038098335627198736, "m5": 0.0032918974962767448, "h1": 0.046518504108642444, "d1": 0.05}}, "NVDA": {"p": 77.66098322823717, "d1_open": 77.58920212535816, "h1_open": 77.04681052606045, "m5_open": 77.46800173134834, "m1_open": 77.5229064681602, "band": {"m1": 0.0017811091762108037, "m5": 0.004571951894270597, "h1": 0.00984035652965478, "d1": 0.030748706423905186}, "garch_variance": 2.7041530197165465e-06, "prev_return": 0.0, "boundary_trend": -1, "trend_ou": 0.24392939412993733, "reversion_strength": {"s1": 0.0011925680738830492, "m1": 0.020956231791063703, "m5": 0.022867711633453934, "h1": 0.013888096527728985, "d1": 0.05}}}