{"AAPL": {"p": 57.66338304220395, "d1_open": 58.881026803928506, "h1_open": 57.95099828715578, "m5_open": 57.78763003756043, "m1_open": 57.78763003756043, "band": {"m1": 0.0021500621374458263, "m5": 0.005314455405909817, "h1": 0.012126674408690226, "d1": 0.040549252762423625}, "garch_variance": 9.36903232613598e-06, "prev_return": 0.0, "boundary_trend": 1, "trend_ou": -0.1712275443459627, "reversion_strength": {"s1": 0.008338960049529932, "m1": 0.001351140996985631, "m5": 0.013839264509730786, "h1": 0.04009322855887123, "d1": 0.05}}, "GOOG": {"p": 115.55808811270893, "d1_open": 119.02146768303125, "h1_open": 116.73471203161151, "m5_open": 115.7476917120329, "m1_open": 115.7476917120329, "band": {"m1": 0.0018196957959126436, "m5": 0.004649605968478319, "h1": 0.010079469066441445, "d1": 0.03177368790980733}, "garch_variance": 3.264248254858459e-06, "prev_return": -0.0019123539045204647, "boundary_trend": 1, "trend_ou": -0.09248062905598715, "reversion_strength": {"s1": 0.0062823601171641975, "m1": 0.013292119646085305, "m5": 0.03312992683192555, "h1": 0.04623311401955329, "d1": 0.05}}, "AMZN": {"p": 154.09400946824462, "d1_open": 158.98498094367304, "h1_open": 155.272478808972, "m5_open": 154.0679183593806, "m1_open": 154.0679183593806, "band": {"m1": 0.0019959823676485243, "m5": 0.005004375850607959, "h1": 0.011171876996830348, "d1": 0.03645641144554692}, "garch_variance": 4.048433344633869e-06, "prev_return": 0.00216731075481337, "boundary_trend": 0, "trend_ou": 0.10907005859332344, "reversion_strength": {"s1": 0.002645480578274048, "m1": 0.009447304871809989, "m5": 0.011715152974709363, "h1": 0.04320287271163793, "d1": 0.05}}, "MSFT": {"p": 132.84671530736313, "d1_open": 137.08846618531726, "h1_open": 133.13886604045118, "m5_open": 132.8288239311095, "m1_open": 132.8288239311095, "band": {"m1": 0.0018610475638714294, "m5": 0.004732824796209397, "h1": 0.010335716600266422, "d1": 0.03287212039481342}, "garch_variance": 3.76816492855279e-06, "prev_return": 0.001994039697040665, "boundary_trend": 0, "trend_ou": -0.01945689161134274, "reversion_strength": {"s1": 0.00502554902391116, "m1": 0.0038098335627198736, "m5": 0.0032918974962767448, "h1": 0.046518504108642444, "d1": 0.05}}, "NVDA": {"p": 77.5149693688239, "d1_open": 77.58920212535816, "h1_open": 77.04681052606045, "m5_open": 77.46800173134834, "m1_open": 77.46800173134834, "band": {"m1": 0.0018647394211439695, "m5": 0.0047402545156515615, "h1": 0.010358594203039417, "d1": 0.032970187688144297}, "garch_variance": 3.311708108792907e-06, "prev_return": 0.0024725808511731214, "boundary_trend": 0, "trend_ou": 0.24302367324675897, "reversion_strength": {"s1": 0.0011925680738830492, "m1": 0.020956231791063703, "m5": 0.022867711633453934, "h1": 0.013888096527728985, "d1": 0.05}}}