{"AAPL": {"p": 89.94826029835785, "d1_open": 87.95021220263737, "h1_open": 90.36175952352136, "m5_open": 89.86189106115746, "m1_open": 89.86189106115746, "band": {"m1": 0.0038974118669803043, "m5": 0.008818467724294475, "h1": 0.01875783129873767, "d1": 0.06040120253635763}, "garch_variance": 9.551218625523213e-06, "prev_return": 0.0032668770953170473, "boundary_trend": 0, "trend_ou": 0.07591330038857548, "reversion_strength": {"s1": 0.008338960049529932, "m1": 0.001351140996985631, "m5": 0.013839264509730786, "h1": 0.04009322855887123, "d1": 0.05}}, "GOOG": {"p": 176.27591369640228, "d1_open": 175.76656301755804, "h1_open": 175.77288560235982, "m5_open": 176.90452187702715, "m1_open": 176.90452187702715, "band": {"m1": 0.0035533754250884875, "m5": 0.00812610774056794, "h1": 0.016625915442840925, "d1": 0.05126251699873983}, "garch_variance": 9.379955363866327e-06, "prev_return": 0.0, "boundary_trend": 1, "trend_ou": 0.02447712660806962, "reversion_strength": {"s1": 0.0062823601171641975, "m1": 0.013292119646085305, "m5": 0.03312992683192555, "h1": 0.04623311401955329, "d1": 0.05}}, "AMZN": {"p": 170.96501841274477, "d1_open": 169.8941041712876, "h1_open": 168.9021703391811, "m5_open": 170.328470236243, "m1_open": 170.328470236243, "band": {"m1": 0.003737180141516459, "m5": 0.008496007597034156, "h1": 0.017764911611928787, "d1": 0.05614494600692738}, "garch_variance": 1.2253980817277663e-05, "prev_return": 0.0, "boundary_trend": -1, "trend_ou": 0.07184390375974636, "reversion_strength": {"s1": 0.002645480578274048, "m1": 0.009447304871809989, "m5": 0.011715152974709363, "h1": 0.04320287271163793, "d1": 0.05}}, "MSFT": {"p": 160.8679040786693, "d1_open": 164.41906387237157, "h1_open": 160.00715142749434, "m5_open": 160.2649640660283, "m1_open": 160.2649640660283, "band": {"m1": 0.0037621448714927597, "m5": 0.008546248146974399, "h1": 0.01791961238543403, "d1": 0.056808087433255404}, "garch_variance": 9.293984659795388e-06, "prev_return": 0.0, "boundary_trend": -1, "trend_ou": 0.023011565615242483, "reversion_strength": {"s1": 0.00502554902391116, "m1": 0.0038098335627198736, "m5": 0.0032918974962767448, "h1": 0.046518504108642444, "d1": 0.05}}, "NVDA": {"p": 101.68018556545294, "d1_open": 97.6331941946038, "h1_open": 100.4340456706556, "m5_open": 102.0276084895113, "m1_open": 102.0276084895113, "band": {"m1": 0.0034051854120844185, "m5": 0.007827881092170632, "h1": 0.015707615518938498, "d1": 0.047326126071044056}, "garch_variance": 5.273669583892324e-06, "prev_return": -0.0032543259459308343, "boundary_trend": 1, "trend_ou": 0.04243559305469513, "reversion_strength": {"s1": 0.0011925680738830492, "m1": 0.020956231791063703, "m5": 0.022867711633453934, "h1": 0.013888096527728985, "d1": 0.05}}}