{"AAPL": {"p": 57.45136190086133, "d1_open": 58.881026803928506, "h1_open": 57.95099828715578, "m5_open": 57.5644145128643, "m1_open": 57.34172246970067, "band": {"m1": 0.001912035886584997, "m5": 0.004835436816291007, "h1": 0.010651679679819535, "d1": 0.03422652995912461}, "garch_variance": 6.196734834196938e-06, "prev_return": 0.0, "boundary_trend": -1, "trend_ou": -0.19565767435779038, "reversion_strength": {"s1": 0.008338960049529932, "m1": 0.001351140996985631, "m5": 0.013839264509730786, "h1": 0.04009322855887123, "d1": 0.05}}, "GOOG": {"p": 115.97687055238036, "d1_open": 119.02146768303125, "h1_open": 116.73471203161151, "m5_open": 115.61859754809805, "m1_open": 115.78154008154196, "band": {"m1": 0.001687060568557214, "m5": 0.004382682722358227, "h1": 0.009257558623772625, "d1": 0.028250480811900933}, "garch_variance": 2.4325677224767388e-06, "prev_return": 0.0, "boundary_trend": -1, "trend_ou": -0.09384149434675207, "reversion_strength": {"s1": 0.0062823601171641975, "m1": 0.013292119646085305, "m5": 0.03312992683192555, "h1": 0.04623311401955329, "d1": 0.05}}, "AMZN": {"p": 156.4687956868144, "d1_open": 158.98498094367304, "h1_open": 155.272478808972, "m5_open": 155.83652786619996, "m1_open": 156.4250834358787, "band": {"m1": 0.0019042144025364573, "m5": 0.004819696383275289, "h1": 0.010603211715879343, "d1": 0.03401876684320571}, "garch_variance": 4.704599471983234e-06, "prev_return": -0.0006357810450461655, "boundary_trend": -1, "trend_ou": 0.09233114229731254, "reversion_strength": {"s1": 0.002645480578274048, "m1": 0.009447304871809989, "m5": 0.011715152974709363, "h1": 0.04320287271163793, "d1": 0.05}}, "MSFT": {"p": 132.7351633219472, "d1_open": 137.08846618531726, "h1_open": 133.13886604045118, "m5_open": 133.10934659841362, "m1_open": 132.73583514026546, "band": {"m1": 0.001819008365492355, "m5": 0.004648222541443709, "h1": 0.010075209215930317, "d1": 0.031755427604574935}, "garch_variance": 3.7944904633699786e-06, "prev_return": 0.0, "boundary_trend": 1, "trend_ou": -0.03169402667299363, "reversion_strength": {"s1": 0.00502554902391116, "m1": 0.0038098335627198736, "m5": 0.0032918974962767448, "h1": 0.046518504108642444, "d1": 0.05}}, "NVDA": {"p": 77.71088394557495, "d1_open": 77.58920212535816, "h1_open": 77.04681052606045, "m5_open": 77.72310624084193, "m1_open": 77.63788142388155, "band": {"m1": 0.0015840281905873737, "m5": 0.004175334061436614, "h1": 0.00861909032937688, "d1": 0.025513618120025307}, "garch_variance": 1.8949045544927206e-06, "prev_return": 0.0, "boundary_trend": -1, "trend_ou": 0.24471473710741581, "reversion_strength": {"s1": 0.0011925680738830492, "m1": 0.020956231791063703, "m5": 0.022867711633453934, "h1": 0.013888096527728985, "d1": 0.05}}}