{"AAPL": {"p": 54.94423229300257, "d1_open": 55.53712856805172, "h1_open": 55.05670946032792, "m5_open": 55.14980696375372, "m1_open": 55.07057836399907, "band": {"m1": 0.0022942572013933595, "m5": 0.005604642374415769, "h1": 0.013020218538728801, "d1": 0.04437952532961745}, "garch_variance": 5.494299001663184e-06, "prev_return": 0.0, "boundary_trend": 1, "trend_ou": 0.041858610006871695, "reversion_strength": {"s1": 0.008338960049529932, "m1": 0.001351140996985631, "m5": 0.013839264509730786, "h1": 0.04009322855887123, "d1": 0.05}}, "GOOG": {"p": 97.10630481556286, "d1_open": 100.24132710088554, "h1_open": 97.94485073564063, "m5_open": 97.09923733427284, "m1_open": 96.8633551514963, "band": {"m1": 0.002508168994214568, "m5": 0.006035131553359135, "h1": 0.014345781436575063, "d1": 0.05006169259257208}, "garch_variance": 6.883961731888533e-06, "prev_return": 0.005016348507581777, "boundary_trend": -1, "trend_ou": 0.13908245297440425, "reversion_strength": {"s1": 0.0062823601171641975, "m1": 0.013292119646085305, "m5": 0.03312992683192555, "h1": 0.04623311401955329, "d1": 0.05}}, "AMZN": {"p": 131.57508684716655, "d1_open": 136.62257042864903, "h1_open": 132.1599159210106, "m5_open": 130.8403893255706, "m1_open": 131.52066304310577, "band": {"m1": 0.0022995130783723403, "m5": 0.005615219622801509, "h1": 0.013052788017143694, "d1": 0.044519137885401336}, "garch_variance": 3.7019339025281077e-06, "prev_return": 0.0, "boundary_trend": -1, "trend_ou": 0.07828087925204237, "reversion_strength": {"s1": 0.002645480578274048, "m1": 0.009447304871809989, "m5": 0.011715152974709363, "h1": 0.04320287271163793, "d1": 0.05}}, "MSFT": {"p": 152.04524390632227, "d1_open": 151.63091538707712, "h1_open": 153.24572122429387, "m5_open": 152.02622558673258, "m1_open": 151.6618913333749, "band": {"m1": 0.0025276789678477405, "m5": 0.006074394617913837, "h1": 0.014466680321321016, "d1": 0.05057993860424557}, "garch_variance": 7.244195957101704e-06, "prev_return": 0.002641471146922474, "boundary_trend": -1, "trend_ou": -0.09269938296682982, "reversion_strength": {"s1": 0.00502554902391116, "m1": 0.0038098335627198736, "m5": 0.0032918974962767448, "h1": 0.046518504108642444, "d1": 0.05}}, "NVDA": {"p": 74.59746302885279, "d1_open": 75.76416089410631, "h1_open": 74.8079337476142, "m5_open": 74.86616467815547, "m1_open": 74.76910269368818, "band": {"m1": 0.0022955961573935895, "m5": 0.005607336971387623, "h1": 0.013028515745593112, "d1": 0.04441509219505624}, "garch_variance": 5.460104999928389e-06, "prev_return": -0.001359613094179017, "boundary_trend": 1, "trend_ou": 0.047149137548340866, "reversion_strength": {"s1": 0.0011925680738830492, "m1": 0.020956231791063703, "m5": 0.022867711633453934, "h1": 0.013888096527728985, "d1": 0.05}}}