{"AAPL": {"p": 57.34348891392542, "d1_open": 58.881026803928506, "h1_open": 57.95099828715578, "m5_open": 57.6615337301786, "m1_open": 57.47279257461304, "band": {"m1": 0.0022500708135422907, "m5": 0.0055157189841921255, "h1": 0.012746405507886801, "d1": 0.043205796461263705}, "garch_variance": 8.48544961915045e-06, "prev_return": 0.0, "boundary_trend": 1, "trend_ou": -0.19091502622861034, "reversion_strength": {"s1": 0.008338960049529932, "m1": 0.001351140996985631, "m5": 0.013839264509730786, "h1": 0.04009322855887123, "d1": 0.05}}, "GOOG": {"p": 115.79600430654979, "d1_open": 119.02146768303125, "h1_open": 116.73471203161151, "m5_open": 115.57967153985398, "m1_open": 115.59168645204936, "band": {"m1": 0.0017675826071211075, "m5": 0.00454473019908238, "h1": 0.009756535446749632, "d1": 0.03038939837899619}, "garch_variance": 3.200949295748052e-06, "prev_return": 0.0017305599366735124, "boundary_trend": -1, "trend_ou": -0.09770846197418394, "reversion_strength": {"s1": 0.0062823601171641975, "m1": 0.013292119646085305, "m5": 0.03312992683192555, "h1": 0.04623311401955329, "d1": 0.05}}, "AMZN": {"p": 154.86662339316624, "d1_open": 158.98498094367304, "h1_open": 155.272478808972, "m5_open": 154.59679921139377, "m1_open": 155.14219211095718, "band": {"m1": 0.0017762332350819059, "m5": 0.004562139252033945, "h1": 0.009810141427591887, "d1": 0.030619186154389823}, "garch_variance": 3.544561972580103e-06, "prev_return": 0.0, "boundary_trend": 1, "trend_ou": 0.10832582647341503, "reversion_strength": {"s1": 0.002645480578274048, "m1": 0.009447304871809989, "m5": 0.011715152974709363, "h1": 0.04320287271163793, "d1": 0.05}}, "MSFT": {"p": 133.44595369429956, "d1_open": 137.08846618531726, "h1_open": 133.13886604045118, "m5_open": 133.28519796425596, "m1_open": 133.6097179296978, "band": {"m1": 0.001853510853826022, "m5": 0.004717657459819985, "h1": 0.01028901331628073, "d1": 0.03267192176842826}, "garch_variance": 4.206833271662431e-06, "prev_return": 0.0006287879074301426, "boundary_trend": 1, "trend_ou": -0.014038080460583156, "reversion_strength": {"s1": 0.00502554902391116, "m1": 0.0038098335627198736, "m5": 0.0032918974962767448, "h1": 0.046518504108642444, "d1": 0.05}}, "NVDA": {"p": 77.58450323426142, "d1_open": 77.58920212535816, "h1_open": 77.04681052606045, "m5_open": 77.66098322823717, "m1_open": 77.52504242623208, "band": {"m1": 0.0016969832120665466, "m5": 0.0044026516572212545, "h1": 0.009319046996671819, "d1": 0.0285140573046557}, "garch_variance": 2.510269586331906e-06, "prev_return": -0.0009288505510886172, "boundary_trend": -1, "trend_ou": 0.24797832308423556, "reversion_strength": {"s1": 0.0011925680738830492, "m1": 0.020956231791063703, "m5": 0.022867711633453934, "h1": 0.013888096527728985, "d1": 0.05}}}