{"AAPL": {"p": 89.3478041279537, "d1_open": 87.95021220263737, "h1_open": 89.17288531883615, "m5_open": 89.30504890622785, "m1_open": 89.30504890622785, "reversion_strength": {"s1": 0.008338960049529932, "m1": 0.001351140996985631, "m5": 0.013839264509730786, "h1": 0.04009322855887123, "d1": 0.05}, "garch_variance": 1.6519341901868048e-06, "prev_return": 0.00047864024353331045, "boundary_trend": -1}, "GOOG": {"p": 177.81814879491338, "d1_open": 175.76656301755804, "h1_open": 176.0396410021823, "m5_open": 177.53871507312638, "m1_open": 177.53871507312638, "reversion_strength": {"s1": 0.0062823601171641975, "m1": 0.013292119646085305, "m5": 0.03312992683192555, "h1": 0.04623311401955329, "d1": 0.05}, "garch_variance": 2.404430113237104e-06, "prev_return": 0.0015726938623924767, "boundary_trend": -1}, "AMZN": {"p": 165.96331457219887, "d1_open": 169.8941041712876, "h1_open": 162.3870609310141, "m5_open": 165.84370005277407, "m1_open": 165.84370005277407, "reversion_strength": {"s1": 0.002645480578274048, "m1": 0.009447304871809989, "m5": 0.011715152974709363, "h1": 0.04320287271163793, "d1": 0.05}, "garch_variance": 2.0458624366688387e-06, "prev_return": 0.0007209885224491287, "boundary_trend": 0}, "MSFT": {"p": 164.24481884121028, "d1_open": 164.41906387237157, "h1_open": 164.33550431317852, "m5_open": 164.2419127704083, "m1_open": 164.2419127704083, "reversion_strength": {"s1": 0.00502554902391116, "m1": 0.0038098335627198736, "m5": 0.0032918974962767448, "h1": 0.046518504108642444, "d1": 0.05}, "garch_variance": 1.3201519319625897e-06, "prev_return": 1.7693687582326384e-05, "boundary_trend": -1}, "NVDA": {"p": 98.88928207121346, "d1_open": 97.6331941946038, "h1_open": 98.01165686841159, "m5_open": 98.7714903452179, "m1_open": 98.7714903452179, "reversion_strength": {"s1": 0.0011925680738830492, "m1": 0.020956231791063703, "m5": 0.022867711633453934, "h1": 0.013888096527728985, "d1": 0.05}, "garch_variance": 1.117209814254122e-06, "prev_return": 0.0011918575294366796, "boundary_trend": -1}}