{"AAPL": {"p": 90.3794848047644, "d1_open": 87.95021220263737, "h1_open": 89.92327454616381, "m5_open": 90.50176545036396, "m1_open": 90.50176545036396, "reversion_strength": {"s1": 0.008338960049529932, "m1": 0.001351140996985631, "m5": 0.013839264509730786, "h1": 0.04009322855887123, "d1": 0.05}, "garch_variance": 1.4497238589784512e-06, "prev_return": -0.001352054611022704, "boundary_trend": 1}, "GOOG": {"p": 175.73363849785474, "d1_open": 175.76656301755804, "h1_open": 183.39762262224193, "m5_open": 176.28433549074282, "m1_open": 176.28433549074282, "reversion_strength": {"s1": 0.0062823601171641975, "m1": 0.013292119646085305, "m5": 0.03312992683192555, "h1": 0.04623311401955329, "d1": 0.05}, "garch_variance": 5.359844525530797e-06, "prev_return": -0.003128802975018728, "boundary_trend": 0}, "AMZN": {"p": 172.70161093752006, "d1_open": 169.8941041712876, "h1_open": 168.9436681978484, "m5_open": 173.15970156494987, "m1_open": 173.15970156494987, "reversion_strength": {"s1": 0.002645480578274048, "m1": 0.009447304871809989, "m5": 0.011715152974709363, "h1": 0.04320287271163793, "d1": 0.05}, "garch_variance": 3.064257220810404e-06, "prev_return": -0.002648986045814835, "boundary_trend": 1}, "MSFT": {"p": 162.22751145580517, "d1_open": 164.41906387237157, "h1_open": 162.58297699275926, "m5_open": 162.35352657717107, "m1_open": 162.35352657717107, "reversion_strength": {"s1": 0.00502554902391116, "m1": 0.0038098335627198736, "m5": 0.0032918974962767448, "h1": 0.046518504108642444, "d1": 0.05}, "garch_variance": 2.2639037298515374e-06, "prev_return": -0.0007764786782430503, "boundary_trend": 0}, "NVDA": {"p": 97.61043301822936, "d1_open": 97.6331941946038, "h1_open": 98.32781845318762, "m5_open": 97.57066371464782, "m1_open": 97.57066371464782, "reversion_strength": {"s1": 0.0011925680738830492, "m1": 0.020956231791063703, "m5": 0.022867711633453934, "h1": 0.013888096527728985, "d1": 0.05}, "garch_variance": 1.1736235253962977e-06, "prev_return": 0.0004075118420543408, "boundary_trend": -1}}