{"AAPL": {"p": 58.18002329517424, "d1_open": 58.881026803928506, "h1_open": 58.1428595806997, "m5_open": 58.14419521222946, "m1_open": 58.3028750557752, "band": {"m1": 0.0021071304028049175, "m5": 0.005228056956565668, "h1": 0.01186063617942937, "d1": 0.03940885141333897}, "garch_variance": 3.844312266118309e-06, "prev_return": 0.0, "boundary_trend": 1, "trend_ou": -0.1719909993558089, "reversion_strength": {"s1": 0.008338960049529932, "m1": 0.001351140996985631, "m5": 0.013839264509730786, "h1": 0.04009322855887123, "d1": 0.05}}, "GOOG": {"p": 117.8132584785911, "d1_open": 119.02146768303125, "h1_open": 117.50203204488679, "m5_open": 118.2538593325105, "m1_open": 117.7242251124384, "band": {"m1": 0.002227865497692078, "m5": 0.0054710316480594875, "h1": 0.01260880419831056, "d1": 0.04261595371756278}, "garch_variance": 5.3236840075048076e-06, "prev_return": -0.001469385773330542, "boundary_trend": -1, "trend_ou": -0.12968723931348208, "reversion_strength": {"s1": 0.0062823601171641975, "m1": 0.013292119646085305, "m5": 0.03312992683192555, "h1": 0.04623311401955329, "d1": 0.05}}, "AMZN": {"p": 156.39399479459698, "d1_open": 158.98498094367304, "h1_open": 156.14714668241675, "m5_open": 156.82249662204018, "m1_open": 156.12105731119632, "band": {"m1": 0.0017482426016153896, "m5": 0.004505809188785974, "h1": 0.009636689815966906, "d1": 0.02987566725318676}, "garch_variance": 2.6375994393670115e-06, "prev_return": 0.0017798508834420807, "boundary_trend": -1, "trend_ou": 0.09460692205128954, "reversion_strength": {"s1": 0.002645480578274048, "m1": 0.009447304871809989, "m5": 0.011715152974709363, "h1": 0.04320287271163793, "d1": 0.05}}, "MSFT": {"p": 133.29083440032448, "d1_open": 137.08846618531726, "h1_open": 134.15426905759884, "m5_open": 133.05274900565777, "m1_open": 133.0130230185035, "band": {"m1": 0.002088602871482153, "m5": 0.005190771019022006, "h1": 0.011745825267014324, "d1": 0.03891670214677855}, "garch_variance": 3.744822952050891e-06, "prev_return": 0.0014394488512233805, "boundary_trend": -1, "trend_ou": -0.002042821078554787, "reversion_strength": {"s1": 0.00502554902391116, "m1": 0.0038098335627198736, "m5": 0.0032918974962767448, "h1": 0.046518504108642444, "d1": 0.05}}, "NVDA": {"p": 77.08644892077346, "d1_open": 77.58920212535816, "h1_open": 76.70225877457747, "m5_open": 77.35420689851543, "m1_open": 77.22115014356254, "band": {"m1": 0.0017443565984015335, "m5": 0.004497988758173706, "h1": 0.009612609134797985, "d1": 0.02977244283552239}, "garch_variance": 2.449470743911522e-06, "prev_return": -0.0006222228800653995, "boundary_trend": 1, "trend_ou": 0.23841985145595895, "reversion_strength": {"s1": 0.0011925680738830492, "m1": 0.020956231791063703, "m5": 0.022867711633453934, "h1": 0.013888096527728985, "d1": 0.05}}}