{"AAPL": {"p": 58.10986597350929, "d1_open": 58.881026803928506, "h1_open": 57.935104588267784, "m5_open": 58.35640345188377, "m1_open": 58.169363807997144, "band": {"m1": 0.001608551346444207, "m5": 0.004224685960603445, "h1": 0.008771054768144822, "d1": 0.02616502995457759}, "garch_variance": 2.696906913023932e-06, "prev_return": 0.0, "boundary_trend": 1, "trend_ou": -0.17072146763274376, "reversion_strength": {"s1": 0.008338960049529932, "m1": 0.001351140996985631, "m5": 0.013839264509730786, "h1": 0.04009322855887123, "d1": 0.05}}, "GOOG": {"p": 116.24545513629725, "d1_open": 119.02146768303125, "h1_open": 116.09550753836272, "m5_open": 116.18625945513308, "m1_open": 116.1791932482543, "band": {"m1": 0.0015436447557119336, "m5": 0.004094063966444836, "h1": 0.00836884333620051, "d1": 0.02444090759486656}, "garch_variance": 2.662058599786741e-06, "prev_return": 0.0009620316664931899, "boundary_trend": 0, "trend_ou": -0.12404472904646875, "reversion_strength": {"s1": 0.0062823601171641975, "m1": 0.013292119646085305, "m5": 0.03312992683192555, "h1": 0.04623311401955329, "d1": 0.05}}, "AMZN": {"p": 156.64382952261067, "d1_open": 158.98498094367304, "h1_open": 156.28356493298796, "m5_open": 156.18363541362393, "m1_open": 156.9412152910722, "band": {"m1": 0.001894886361813774, "m5": 0.0048009240634377635, "h1": 0.010545407961684627, "d1": 0.03377098486296566}, "garch_variance": 4.278311037516345e-06, "prev_return": -0.0018472750133932362, "boundary_trend": 1, "trend_ou": 0.062181888955609825, "reversion_strength": {"s1": 0.002645480578274048, "m1": 0.009447304871809989, "m5": 0.011715152974709363, "h1": 0.04320287271163793, "d1": 0.05}}, "MSFT": {"p": 134.3164812324416, "d1_open": 137.08846618531726, "h1_open": 133.73171007353216, "m5_open": 134.13750052716398, "m1_open": 134.0773824918578, "band": {"m1": 0.0017832891434787382, "m5": 0.00457633899377044, "h1": 0.00985386529273316, "d1": 0.030806613182951997}, "garch_variance": 3.2821734174371784e-06, "prev_return": 0.0035665820676804684, "boundary_trend": -1, "trend_ou": -0.03669085173259548, "reversion_strength": {"s1": 0.00502554902391116, "m1": 0.0038098335627198736, "m5": 0.0032918974962767448, "h1": 0.046518504108642444, "d1": 0.05}}, "NVDA": {"p": 77.41602174839632, "d1_open": 77.58920212535816, "h1_open": 77.45406808949511, "m5_open": 77.44710105899196, "m1_open": 77.39695180253287, "band": {"m1": 0.0015724450987382034, "m5": 0.004152023538748682, "h1": 0.008547312534449797, "d1": 0.025205934918266705}, "garch_variance": 2.927312198547905e-06, "prev_return": -0.0005660190252568029, "boundary_trend": -1, "trend_ou": 0.23156220356618057, "reversion_strength": {"s1": 0.0011925680738830492, "m1": 0.020956231791063703, "m5": 0.022867711633453934, "h1": 0.013888096527728985, "d1": 0.05}}}