{"AAPL": {"p": 90.61048753928625, "d1_open": 87.95021220263737, "h1_open": 89.92327454616381, "m5_open": 90.69691461941774, "m1_open": 90.62421153789231, "reversion_strength": {"s1": 0.008338960049529932, "m1": 0.001351140996985631, "m5": 0.013839264509730786, "h1": 0.04009322855887123, "d1": 0.05}, "garch_variance": 1.7540695417146574e-06, "prev_return": -0.00015145001152830795, "boundary_trend": 1}, "GOOG": {"p": 174.9185794246328, "d1_open": 175.76656301755804, "h1_open": 183.39762262224193, "m5_open": 176.39020699162538, "m1_open": 174.9185794246328, "reversion_strength": {"s1": 0.0062823601171641975, "m1": 0.013292119646085305, "m5": 0.03312992683192555, "h1": 0.04623311401955329, "d1": 0.05}, "garch_variance": 2.647212535796046e-06, "prev_return": 0.0, "boundary_trend": 1}, "AMZN": {"p": 172.79116175271145, "d1_open": 169.8941041712876, "h1_open": 168.9436681978484, "m5_open": 171.60858643486165, "m1_open": 172.80494800608938, "reversion_strength": {"s1": 0.002645480578274048, "m1": 0.009447304871809989, "m5": 0.011715152974709363, "h1": 0.04320287271163793, "d1": 0.05}, "garch_variance": 1.2427944771875403e-06, "prev_return": -7.978245701236276e-05, "boundary_trend": 0}, "MSFT": {"p": 162.63678164848915, "d1_open": 164.41906387237157, "h1_open": 162.58297699275926, "m5_open": 162.73664888997087, "m1_open": 162.81889509480717, "reversion_strength": {"s1": 0.00502554902391116, "m1": 0.0038098335627198736, "m5": 0.0032918974962767448, "h1": 0.046518504108642444, "d1": 0.05}, "garch_variance": 1.4650195527150599e-06, "prev_return": -0.0011191291370160744, "boundary_trend": 0}, "NVDA": {"p": 97.12603288840201, "d1_open": 97.6331941946038, "h1_open": 98.32781845318762, "m5_open": 98.38976530585748, "m1_open": 97.1898935519494, "reversion_strength": {"s1": 0.0011925680738830492, "m1": 0.020956231791063703, "m5": 0.022867711633453934, "h1": 0.013888096527728985, "d1": 0.05}, "garch_variance": 1.4592383980462102e-06, "prev_return": -0.0006572869966592046, "boundary_trend": 0}}