{"AAPL": {"p": 88.45844734363243, "d1_open": 87.95021220263737, "h1_open": 86.8359256319159, "m5_open": 88.49245837056161, "m1_open": 88.39743388380144, "reversion_strength": {"s1": 0.008338960049529932, "m1": 0.001351140996985631, "m5": 0.013839264509730786, "h1": 0.04009322855887123, "d1": 0.05}, "garch_variance": 1.4146460982470792e-06, "prev_return": 0.0006899794547753047, "boundary_trend": -1}, "GOOG": {"p": 170.02902976874088, "d1_open": 175.76656301755804, "h1_open": 175.75153234700423, "m5_open": 170.18749775387968, "m1_open": 170.02581485006917, "reversion_strength": {"s1": 0.0062823601171641975, "m1": 0.013292119646085305, "m5": 0.03312992683192555, "h1": 0.04623311401955329, "d1": 0.05}, "garch_variance": 1.1699171123404488e-06, "prev_return": 1.890823626056356e-05, "boundary_trend": 0}, "AMZN": {"p": 169.6947666265151, "d1_open": 169.8941041712876, "h1_open": 166.80472498164232, "m5_open": 169.52457644966026, "m1_open": 169.74474340816, "reversion_strength": {"s1": 0.002645480578274048, "m1": 0.009447304871809989, "m5": 0.011715152974709363, "h1": 0.04320287271163793, "d1": 0.05}, "garch_variance": 1.4942500083247636e-06, "prev_return": -0.00029446649861657024, "boundary_trend": 0}, "MSFT": {"p": 164.60155603667562, "d1_open": 164.41906387237157, "h1_open": 164.04525621182805, "m5_open": 164.06148245335197, "m1_open": 164.4803505109286, "reversion_strength": {"s1": 0.00502554902391116, "m1": 0.0038098335627198736, "m5": 0.0032918974962767448, "h1": 0.046518504108642444, "d1": 0.05}, "garch_variance": 1.0427538373030044e-06, "prev_return": 0.0007366283518855156, "boundary_trend": -1}, "NVDA": {"p": 96.67377636282873, "d1_open": 97.6331941946038, "h1_open": 96.51017604046937, "m5_open": 95.8346390185308, "m1_open": 96.55862363102827, "reversion_strength": {"s1": 0.0011925680738830492, "m1": 0.020956231791063703, "m5": 0.022867711633453934, "h1": 0.013888096527728985, "d1": 0.05}, "garch_variance": 1.1489625446929759e-06, "prev_return": 0.0011918575294366796, "boundary_trend": -1}}