{"AAPL": {"p": 90.06288804215102, "d1_open": 87.95021220263737, "h1_open": 90.36175952352136, "m5_open": 90.21449246363383, "m1_open": 89.79423206062356, "band": {"m1": 0.0036859086875122766, "m5": 0.008392825786221412, "h1": 0.01744719403193832, "d1": 0.054783015588672455}, "garch_variance": 1.2973191018787338e-05, "prev_return": -0.0006916923289123801, "boundary_trend": -1, "trend_ou": 0.06589940675230636, "reversion_strength": {"s1": 0.008338960049529932, "m1": 0.001351140996985631, "m5": 0.013839264509730786, "h1": 0.04009322855887123, "d1": 0.05}}, "GOOG": {"p": 177.52803769406495, "d1_open": 175.76656301755804, "h1_open": 175.77288560235982, "m5_open": 176.7190024956771, "m1_open": 178.33070922365394, "band": {"m1": 0.004501028079142103, "m5": 0.010033221918737721, "h1": 0.02249830415826319, "d1": 0.07643513986584922}, "garch_variance": 1.605123930490947e-05, "prev_return": 0.0, "boundary_trend": 1, "trend_ou": 0.01040075295638277, "reversion_strength": {"s1": 0.0062823601171641975, "m1": 0.013292119646085305, "m5": 0.03312992683192555, "h1": 0.04623311401955329, "d1": 0.05}}, "AMZN": {"p": 171.4323824462726, "d1_open": 169.8941041712876, "h1_open": 168.9021703391811, "m5_open": 171.4784683046501, "m1_open": 171.45325118986352, "band": {"m1": 0.0032878219910330345, "m5": 0.007591691763382091, "h1": 0.014980340998640995, "d1": 0.04420858598514556}, "garch_variance": 4.2963760026360566e-06, "prev_return": 0.0016577812774807748, "boundary_trend": -1, "trend_ou": 0.07973110924583593, "reversion_strength": {"s1": 0.002645480578274048, "m1": 0.009447304871809989, "m5": 0.011715152974709363, "h1": 0.04320287271163793, "d1": 0.05}}, "MSFT": {"p": 161.74961474106485, "d1_open": 164.41906387237157, "h1_open": 160.00715142749434, "m5_open": 161.28779684470032, "m1_open": 161.27815652496446, "band": {"m1": 0.0034960436739522667, "m5": 0.00801072981703922, "h1": 0.01627064357506574, "d1": 0.049739606105714027}, "garch_variance": 7.288355716682535e-06, "prev_return": 0.006421166135379886, "boundary_trend": 0, "trend_ou": 0.016586422120413072, "reversion_strength": {"s1": 0.00502554902391116, "m1": 0.0038098335627198736, "m5": 0.0032918974962767448, "h1": 0.046518504108642444, "d1": 0.05}}, "NVDA": {"p": 101.31919428662752, "d1_open": 97.6331941946038, "h1_open": 100.4340456706556, "m5_open": 101.69385709706052, "m1_open": 100.95435856859571, "band": {"m1": 0.0036138679221453763, "m5": 0.00824784654256106, "h1": 0.01700077373671586, "d1": 0.052869387203966556}, "garch_variance": 7.581021597460875e-06, "prev_return": 0.0, "boundary_trend": -1, "trend_ou": 0.0338148643965095, "reversion_strength": {"s1": 0.0011925680738830492, "m1": 0.020956231791063703, "m5": 0.022867711633453934, "h1": 0.013888096527728985, "d1": 0.05}}}