{"AAPL": {"p": 89.94182126049348, "d1_open": 87.95021220263737, "h1_open": 89.92327454616381, "m5_open": 89.92327454616381, "m1_open": 89.87571792272362, "reversion_strength": {"s1": 0.008338960049529932, "m1": 0.001351140996985631, "m5": 0.013839264509730786, "h1": 0.04009322855887123, "d1": 0.05}, "garch_variance": 1.1184870217823031e-06, "prev_return": 0.0007352268421405836, "boundary_trend": 0}, "GOOG": {"p": 180.07328330151472, "d1_open": 175.76656301755804, "h1_open": 183.39762262224193, "m5_open": 183.39762262224193, "m1_open": 180.04482148057073, "reversion_strength": {"s1": 0.0062823601171641975, "m1": 0.013292119646085305, "m5": 0.03312992683192555, "h1": 0.04623311401955329, "d1": 0.05}, "garch_variance": 2.1225355420101775e-06, "prev_return": 0.00015806937016113088, "boundary_trend": 0}, "AMZN": {"p": 169.02047394123272, "d1_open": 169.8941041712876, "h1_open": 168.9436681978484, "m5_open": 168.9436681978484, "m1_open": 169.26461093513123, "reversion_strength": {"s1": 0.002645480578274048, "m1": 0.009447304871809989, "m5": 0.011715152974709363, "h1": 0.04320287271163793, "d1": 0.05}, "garch_variance": 1.598803530636489e-06, "prev_return": -0.0014433804338308933, "boundary_trend": 0}, "MSFT": {"p": 162.9051963721884, "d1_open": 164.41906387237157, "h1_open": 162.58297699275926, "m5_open": 162.58297699275926, "m1_open": 162.9243704494113, "reversion_strength": {"s1": 0.00502554902391116, "m1": 0.0038098335627198736, "m5": 0.0032918974962767448, "h1": 0.046518504108642444, "d1": 0.05}, "garch_variance": 1.3282699445348533e-06, "prev_return": -0.0001176939062470817, "boundary_trend": -1}, "NVDA": {"p": 97.3134505116549, "d1_open": 97.6331941946038, "h1_open": 98.32781845318762, "m5_open": 98.32781845318762, "m1_open": 97.28431955829164, "reversion_strength": {"s1": 0.0011925680738830492, "m1": 0.020956231791063703, "m5": 0.022867711633453934, "h1": 0.013888096527728985, "d1": 0.05}, "garch_variance": 1.1682574397924952e-06, "prev_return": 0.0002993965816812216, "boundary_trend": 0}}