{"AAPL": {"p": 58.04115354617289, "d1_open": 58.881026803928506, "h1_open": 58.18002329517424, "m5_open": 58.278524002763376, "m1_open": 58.1599597922834, "band": {"m1": 0.002042749797882031, "m5": 0.005098493488429549, "h1": 0.011461684162333211, "d1": 0.0376987008842945}, "garch_variance": 5.315523017803339e-06, "prev_return": 0.0, "boundary_trend": 1, "trend_ou": -0.17621724636937613, "reversion_strength": {"s1": 0.008338960049529932, "m1": 0.001351140996985631, "m5": 0.013839264509730786, "h1": 0.04009322855887123, "d1": 0.05}}, "GOOG": {"p": 116.94267591984433, "d1_open": 119.02146768303125, "h1_open": 117.8132584785911, "m5_open": 116.98282257385429, "m1_open": 117.14796403683336, "band": {"m1": 0.0017523831393643852, "m5": 0.0045141418602691165, "h1": 0.009662347789960828, "d1": 0.029985652905394525}, "garch_variance": 2.2453299194434464e-06, "prev_return": -0.003504769866268898, "boundary_trend": 1, "trend_ou": -0.15051006495895494, "reversion_strength": {"s1": 0.0062823601171641975, "m1": 0.013292119646085305, "m5": 0.03312992683192555, "h1": 0.04623311401955329, "d1": 0.05}}, "AMZN": {"p": 155.64863720032892, "d1_open": 158.98498094367304, "h1_open": 156.39399479459698, "m5_open": 156.14031446178467, "m1_open": 155.95060806339043, "band": {"m1": 0.0019363237297462903, "m5": 0.004884315157792962, "h1": 0.010802185939145913, "d1": 0.03487169115140272}, "garch_variance": 3.799070416133047e-06, "prev_return": 0.0, "boundary_trend": 1, "trend_ou": 0.11601855200849738, "reversion_strength": {"s1": 0.002645480578274048, "m1": 0.009447304871809989, "m5": 0.011715152974709363, "h1": 0.04320287271163793, "d1": 0.05}}, "MSFT": {"p": 133.14210764689338, "d1_open": 137.08846618531726, "h1_open": 133.29083440032448, "m5_open": 133.01378541059967, "m1_open": 133.38056127833767, "band": {"m1": 0.001787768990915364, "m5": 0.004585354512827851, "h1": 0.009881625891958123, "d1": 0.030925611963298356}, "garch_variance": 2.8810208498281307e-06, "prev_return": -0.0035755417911182024, "boundary_trend": 1, "trend_ou": -0.010506054070737767, "reversion_strength": {"s1": 0.00502554902391116, "m1": 0.0038098335627198736, "m5": 0.0032918974962767448, "h1": 0.046518504108642444, "d1": 0.05}}, "NVDA": {"p": 77.3563964330834, "d1_open": 77.58920212535816, "h1_open": 77.08644892077346, "m5_open": 77.42771822864486, "m1_open": 77.51266110039613, "band": {"m1": 0.0020159889377340157, "m5": 0.0050446382962449545, "h1": 0.011295853177239691, "d1": 0.03698784861450563}, "garch_variance": 5.612919524077564e-06, "prev_return": -0.0020353024275424677, "boundary_trend": 1, "trend_ou": 0.2275666530855112, "reversion_strength": {"s1": 0.0011925680738830492, "m1": 0.020956231791063703, "m5": 0.022867711633453934, "h1": 0.013888096527728985, "d1": 0.05}}}