{"AAPL": {"p": 88.08860339717693, "d1_open": 87.95021220263737, "h1_open": 87.95021220263737, "m5_open": 88.0361945989306, "m1_open": 88.00550671048555, "reversion_strength": {"s1": 0.008338960049529932, "m1": 0.001351140996985631, "m5": 0.013839264509730786, "h1": 0.04009322855887123, "d1": 0.05}, "garch_variance": 1.1204133553193578e-06, "prev_return": 0.000943775948082745, "boundary_trend": 0}, "GOOG": {"p": 173.2228338469468, "d1_open": 175.76656301755804, "h1_open": 175.76656301755804, "m5_open": 172.3983223447243, "m1_open": 173.15167544892273, "reversion_strength": {"s1": 0.0062823601171641975, "m1": 0.013292119646085305, "m5": 0.03312992683192555, "h1": 0.04623311401955329, "d1": 0.05}, "garch_variance": 1.2302617063680088e-06, "prev_return": 0.000410875495253857, "boundary_trend": 0}, "AMZN": {"p": 169.74601359038533, "d1_open": 169.8941041712876, "h1_open": 169.8941041712876, "m5_open": 169.57527514458832, "m1_open": 169.56014028516023, "reversion_strength": {"s1": 0.002645480578274048, "m1": 0.009447304871809989, "m5": 0.011715152974709363, "h1": 0.04320287271163793, "d1": 0.05}, "garch_variance": 1.145107890059327e-06, "prev_return": 0.0010956083271401874, "boundary_trend": -1}, "MSFT": {"p": 164.15156162501393, "d1_open": 164.41906387237157, "h1_open": 164.41906387237157, "m5_open": 164.17865228138461, "m1_open": 164.06189099546327, "reversion_strength": {"s1": 0.00502554902391116, "m1": 0.0038098335627198736, "m5": 0.0032918974962767448, "h1": 0.046518504108642444, "d1": 0.05}, "garch_variance": 1.3047911477040821e-06, "prev_return": 0.00054641655340945, "boundary_trend": 1}, "NVDA": {"p": 96.42015695688995, "d1_open": 97.6331941946038, "h1_open": 97.6331941946038, "m5_open": 96.37182978620592, "m1_open": 96.46824488418792, "reversion_strength": {"s1": 0.0011925680738830492, "m1": 0.020956231791063703, "m5": 0.022867711633453934, "h1": 0.013888096527728985, "d1": 0.05}, "garch_variance": 1.172004953598936e-06, "prev_return": -0.0004986088104339016, "boundary_trend": 0}}d": 1}}