{"AAPL": {"p": 57.45893584602888, "d1_open": 58.881026803928506, "h1_open": 57.95099828715578, "m5_open": 57.36607864064074, "m1_open": 57.34555642239633, "band": {"m1": 0.001977126576249769, "m5": 0.004966429302404503, "h1": 0.011055031931123241, "d1": 0.03595554256314425}, "garch_variance": 4.2862226665415314e-06, "prev_return": 0.0, "boundary_trend": -1, "trend_ou": -0.1818532175817604, "reversion_strength": {"s1": 0.008338960049529932, "m1": 0.001351140996985631, "m5": 0.013839264509730786, "h1": 0.04009322855887123, "d1": 0.05}}, "GOOG": {"p": 115.7971199061789, "d1_open": 119.02146768303125, "h1_open": 116.73471203161151, "m5_open": 115.8144705098114, "m1_open": 115.80151466908964, "band": {"m1": 0.0017376087873671136, "m5": 0.004484409050418649, "h1": 0.009570794479182528, "d1": 0.02959319983797326}, "garch_variance": 2.749097510613022e-06, "prev_return": -0.0017740524359455459, "boundary_trend": 0, "trend_ou": -0.09727760328257735, "reversion_strength": {"s1": 0.0062823601171641975, "m1": 0.013292119646085305, "m5": 0.03312992683192555, "h1": 0.04623311401955329, "d1": 0.05}}, "AMZN": {"p": 155.90065953745932, "d1_open": 158.98498094367304, "h1_open": 155.272478808972, "m5_open": 155.57368374848565, "m1_open": 155.83723121570165, "band": {"m1": 0.0018379246080780305, "m5": 0.004686290745314112, "h1": 0.010192428883941743, "d1": 0.032257902259856204}, "garch_variance": 4.237520705747072e-06, "prev_return": 0.0006915442413016051, "boundary_trend": 0, "trend_ou": 0.09005405050152936, "reversion_strength": {"s1": 0.002645480578274048, "m1": 0.009447304871809989, "m5": 0.011715152974709363, "h1": 0.04320287271163793, "d1": 0.05}}, "MSFT": {"p": 133.51294943142068, "d1_open": 137.08846618531726, "h1_open": 133.13886604045118, "m5_open": 133.26757568385742, "m1_open": 133.42328262986493, "band": {"m1": 0.0018935113513905827, "m5": 0.004798156908339341, "h1": 0.010536887333732817, "d1": 0.03373446027911811}, "garch_variance": 5.020783741383644e-06, "prev_return": -0.0012198990063603454, "boundary_trend": -1, "trend_ou": -0.02452286849928998, "reversion_strength": {"s1": 0.00502554902391116, "m1": 0.0038098335627198736, "m5": 0.0032918974962767448, "h1": 0.046518504108642444, "d1": 0.05}}, "NVDA": {"p": 77.61915011524692, "d1_open": 77.58920212535816, "h1_open": 77.04681052606045, "m5_open": 77.6806405787841, "m1_open": 77.49101304623117, "band": {"m1": 0.0016535732851924911, "m5": 0.00431529086457144, "h1": 0.009050045518522542, "d1": 0.0273609536719954}, "garch_variance": 2.4031006970276952e-06, "prev_return": 0.0, "boundary_trend": -1, "trend_ou": 0.25152723847157915, "reversion_strength": {"s1": 0.0011925680738830492, "m1": 0.020956231791063703, "m5": 0.022867711633453934, "h1": 0.013888096527728985, "d1": 0.05}}}