{"AAPL": {"p": 58.169363807997144, "d1_open": 58.881026803928506, "h1_open": 57.935104588267784, "m5_open": 58.35640345188377, "m1_open": 58.26273863381784, "band": {"m1": 0.001602650819549737, "m5": 0.004212811379288254, "h1": 0.008734490540311012, "d1": 0.026008293477772105}, "garch_variance": 2.9510305829817412e-06, "prev_return": 0.0, "boundary_trend": 1, "trend_ou": -0.17180086175736145, "reversion_strength": {"s1": 0.008338960049529932, "m1": 0.001351140996985631, "m5": 0.013839264509730786, "h1": 0.04009322855887123, "d1": 0.05}}, "GOOG": {"p": 116.1791932482543, "d1_open": 119.02146768303125, "h1_open": 116.09550753836272, "m5_open": 116.18625945513308, "m1_open": 116.33764782002291, "band": {"m1": 0.0015225419541370852, "m5": 0.00405159539749149, "h1": 0.008238074057708178, "d1": 0.023880351083774842}, "garch_variance": 1.7769676795189602e-06, "prev_return": -0.002884335628023167, "boundary_trend": 1, "trend_ou": -0.12870764454404457, "reversion_strength": {"s1": 0.0062823601171641975, "m1": 0.013292119646085305, "m5": 0.03312992683192555, "h1": 0.04623311401955329, "d1": 0.05}}, "AMZN": {"p": 156.9412152910722, "d1_open": 158.98498094367304, "h1_open": 156.28356493298796, "m5_open": 156.18363541362393, "m1_open": 156.94748875712276, "band": {"m1": 0.0019195563292104382, "m5": 0.004850571415129244, "h1": 0.010698282158290643, "d1": 0.03442629647188031}, "garch_variance": 4.748080724450392e-06, "prev_return": 0.0, "boundary_trend": -1, "trend_ou": 0.05976158827812501, "reversion_strength": {"s1": 0.002645480578274048, "m1": 0.009447304871809989, "m5": 0.011715152974709363, "h1": 0.04320287271163793, "d1": 0.05}}, "MSFT": {"p": 134.0773824918578, "d1_open": 137.08846618531726, "h1_open": 133.73171007353216, "m5_open": 134.13750052716398, "m1_open": 133.89353373035354, "band": {"m1": 0.0018047661039119528, "m5": 0.004619560542901307, "h1": 0.009986953148869155, "d1": 0.03137710852531671}, "garch_variance": 3.530294705345242e-06, "prev_return": 0.0011218591469324885, "boundary_trend": -1, "trend_ou": -0.03482664165690962, "reversion_strength": {"s1": 0.00502554902391116, "m1": 0.0038098335627198736, "m5": 0.0032918974962767448, "h1": 0.046518504108642444, "d1": 0.05}}, "NVDA": {"p": 77.39695180253287, "d1_open": 77.58920212535816, "h1_open": 77.45406808949511, "m5_open": 77.44710105899196, "m1_open": 77.51717361260911, "band": {"m1": 0.0015509054893700434, "m5": 0.004108675911068285, "h1": 0.008413836457063081, "d1": 0.024633775423951742}, "garch_variance": 1.9008665743667195e-06, "prev_return": -0.0031018134656804557, "boundary_trend": 1, "trend_ou": 0.2310915997714443, "reversion_strength": {"s1": 0.0011925680738830492, "m1": 0.020956231791063703, "m5": 0.022867711633453934, "h1": 0.013888096527728985, "d1": 0.05}}}