{"AAPL": {"p": 83.76018974630392, "d1_open": 81.94143766685488, "h1_open": 83.16511765564458, "m5_open": 83.5831272503324, "m1_open": 83.81476064534195, "band": {"m1": 0.0018929671674785594, "m5": 0.004797061759341749, "h1": 0.01053351514936715, "d1": 0.03372000504984279}, "garch_variance": 2.7078038209599437e-06, "prev_return": 0.0012434596813153207, "boundary_trend": 1, "trend_ou": -0.14578096799178925, "reversion_strength": {"s1": 0.008338960049529932, "m1": 0.001351140996985631, "m5": 0.013839264509730786, "h1": 0.04009322855887123, "d1": 0.05}}, "GOOG": {"p": 152.00290609615033, "d1_open": 151.7016903651911, "h1_open": 152.3937591816353, "m5_open": 152.60926836701512, "m1_open": 152.31564950908677, "band": {"m1": 0.0020532585715547363, "m5": 0.005119641987492645, "h1": 0.011526804651010731, "d1": 0.03797784683015057}, "garch_variance": 5.316534853867689e-06, "prev_return": -0.004106522913972358, "boundary_trend": 1, "trend_ou": -0.08600217098876728, "reversion_strength": {"s1": 0.0062823601171641975, "m1": 0.013292119646085305, "m5": 0.03312992683192555, "h1": 0.04623311401955329, "d1": 0.05}}, "AMZN": {"p": 168.65768454036623, "d1_open": 165.13593115049974, "h1_open": 168.6793807914225, "m5_open": 169.21374692190642, "m1_open": 168.95598223725403, "band": {"m1": 0.0021602242805597222, "m5": 0.005334906324429595, "h1": 0.012189646906357259, "d1": 0.040819191114871096}, "garch_variance": 5.154256853945545e-06, "prev_return": -0.003924989725699538, "boundary_trend": 0, "trend_ou": 0.02636726454477084, "reversion_strength": {"s1": 0.002645480578274048, "m1": 0.009447304871809989, "m5": 0.011715152974709363, "h1": 0.04320287271163793, "d1": 0.05}}, "MSFT": {"p": 161.26946320201242, "d1_open": 158.81978513575737, "h1_open": 159.9210688610481, "m5_open": 160.63290979464585, "m1_open": 160.95380336154048, "band": {"m1": 0.001961182860419131, "m5": 0.004934343193234382, "h1": 0.010956232337701285, "d1": 0.03553202752945733}, "garch_variance": 2.924595679689763e-06, "prev_return": 0.0008690973591883568, "boundary_trend": -1, "trend_ou": 0.12907703484431088, "reversion_strength": {"s1": 0.00502554902391116, "m1": 0.0038098335627198736, "m5": 0.0032918974962767448, "h1": 0.046518504108642444, "d1": 0.05}}, "NVDA": {"p": 99.28081555562031, "d1_open": 100.31090827320226, "h1_open": 98.94100541546996, "m5_open": 99.18958752287226, "m1_open": 99.07731422663754, "band": {"m1": 0.0020640574791931368, "m5": 0.0051413743698986315, "h1": 0.011593723034115945, "d1": 0.038264699642935315}, "garch_variance": 5.320468177687271e-06, "prev_return": -1.0071809179629014e-05, "boundary_trend": -1, "trend_ou": -0.09303063370879432, "reversion_strength": {"s1": 0.0011925680738830492, "m1": 0.020956231791063703, "m5": 0.022867711633453934, "h1": 0.013888096527728985, "d1": 0.05}}}