{"AAPL": {"p": 89.42854105101972, "d1_open": 87.95021220263737, "h1_open": 89.17288531883615, "m5_open": 89.41783320460887, "m1_open": 89.42895019977142, "reversion_strength": {"s1": 0.008338960049529932, "m1": 0.001351140996985631, "m5": 0.013839264509730786, "h1": 0.04009322855887123, "d1": 0.05}, "garch_variance": 1.4694559287165031e-06, "prev_return": -4.5751368739800974e-06, "boundary_trend": 0}, "GOOG": {"p": 182.2604095563746, "d1_open": 175.76656301755804, "h1_open": 176.0396410021823, "m5_open": 182.65625418130696, "m1_open": 182.35531867783718, "reversion_strength": {"s1": 0.0062823601171641975, "m1": 0.013292119646085305, "m5": 0.03312992683192555, "h1": 0.04623311401955329, "d1": 0.05}, "garch_variance": 2.2659972655335754e-06, "prev_return": -0.0005205980776843854, "boundary_trend": 0}, "AMZN": {"p": 167.16372558117783, "d1_open": 169.8941041712876, "h1_open": 162.3870609310141, "m5_open": 167.71057554158588, "m1_open": 167.11541137260605, "reversion_strength": {"s1": 0.002645480578274048, "m1": 0.009447304871809989, "m5": 0.011715152974709363, "h1": 0.04320287271163793, "d1": 0.05}, "garch_variance": 1.8933568952266122e-06, "prev_return": 0.0002890650571164701, "boundary_trend": 0}, "MSFT": {"p": 163.7766317058623, "d1_open": 164.41906387237157, "h1_open": 164.33550431317852, "m5_open": 164.0947884242146, "m1_open": 163.91777500541593, "reversion_strength": {"s1": 0.00502554902391116, "m1": 0.0038098335627198736, "m5": 0.0032918974962767448, "h1": 0.046518504108642444, "d1": 0.05}, "garch_variance": 1.456256385620642e-06, "prev_return": -0.0008614325138979174, "boundary_trend": 0}, "NVDA": {"p": 97.6692736751084, "d1_open": 97.6331941946038, "h1_open": 98.01165686841159, "m5_open": 98.4952491601625, "m1_open": 97.7776735659728, "reversion_strength": {"s1": 0.0011925680738830492, "m1": 0.020956231791063703, "m5": 0.022867711633453934, "h1": 0.013888096527728985, "d1": 0.05}, "garch_variance": 1.3656593280036532e-06, "prev_return": -0.00110925142100737, "boundary_trend": 0}}