{"AAPL": {"p": 58.40320011108553, "d1_open": 58.881026803928506, "h1_open": 58.1428595806997, "m5_open": 58.14419521222946, "m1_open": 58.274591346529476, "band": {"m1": 0.0022069440829071865, "m5": 0.005428928112979451, "h1": 0.01247915893264499, "d1": 0.04206021540777839}, "garch_variance": 4.4519384300783535e-06, "prev_return": 0.0022443834127619405, "boundary_trend": -1, "trend_ou": -0.1799922774497309, "reversion_strength": {"s1": 0.008338960049529932, "m1": 0.001351140996985631, "m5": 0.013839264509730786, "h1": 0.04009322855887123, "d1": 0.05}}, "GOOG": {"p": 118.25543930101418, "d1_open": 119.02146768303125, "h1_open": 117.50203204488679, "m5_open": 118.2538593325105, "m1_open": 117.99111712279722, "band": {"m1": 0.002240187097659916, "m5": 0.005495828389667169, "h1": 0.012685158360669066, "d1": 0.042943254008215706}, "garch_variance": 6.7826749949523285e-06, "prev_return": 0.003063411391571261, "boundary_trend": -1, "trend_ou": -0.1266518566060321, "reversion_strength": {"s1": 0.0062823601171641975, "m1": 0.013292119646085305, "m5": 0.03312992683192555, "h1": 0.04623311401955329, "d1": 0.05}}, "AMZN": {"p": 156.55596542211427, "d1_open": 158.98498094367304, "h1_open": 156.14714668241675, "m5_open": 156.82249662204018, "m1_open": 156.8310001508556, "band": {"m1": 0.001753701299339835, "m5": 0.004516794606048409, "h1": 0.009670516128572917, "d1": 0.030020667363274814}, "garch_variance": 2.133559471979396e-06, "prev_return": 0.0, "boundary_trend": 1, "trend_ou": 0.09988508867157758, "reversion_strength": {"s1": 0.002645480578274048, "m1": 0.009447304871809989, "m5": 0.011715152974709363, "h1": 0.04320287271163793, "d1": 0.05}}, "MSFT": {"p": 133.0168295954621, "d1_open": 137.08846618531726, "h1_open": 134.15426905759884, "m5_open": 133.05274900565777, "m1_open": 133.30454996880923, "band": {"m1": 0.002158368738459749, "m5": 0.005331172117986007, "h1": 0.012178148532515046, "d1": 0.04076990210449701}, "garch_variance": 4.43209462729908e-06, "prev_return": -0.002222539038059566, "boundary_trend": 1, "trend_ou": -0.00713172285178384, "reversion_strength": {"s1": 0.00502554902391116, "m1": 0.0038098335627198736, "m5": 0.0032918974962767448, "h1": 0.046518504108642444, "d1": 0.05}}, "NVDA": {"p": 77.4316990609683, "d1_open": 77.58920212535816, "h1_open": 76.70225877457747, "m5_open": 77.35420689851543, "m1_open": 77.46742100390664, "band": {"m1": 0.0017789790237588532, "m5": 0.004567665045154098, "h1": 0.009827156457700721, "d1": 0.03069212290240811}, "garch_variance": 1.8341661997799963e-06, "prev_return": -0.00031409605597319633, "boundary_trend": -1, "trend_ou": 0.23196951388484957, "reversion_strength": {"s1": 0.0011925680738830492, "m1": 0.020956231791063703, "m5": 0.022867711633453934, "h1": 0.013888096527728985, "d1": 0.05}}}