{"AAPL": {"p": 90.30308423014787, "d1_open": 87.95021220263737, "h1_open": 89.92327454616381, "m5_open": 90.15687344452704, "m1_open": 90.30923035140955, "reversion_strength": {"s1": 0.008338960049529932, "m1": 0.001351140996985631, "m5": 0.013839264509730786, "h1": 0.04009322855887123, "d1": 0.05}, "garch_variance": 1.2385556119412157e-06, "prev_return": -6.805871768255425e-05, "boundary_trend": 0}, "GOOG": {"p": 178.3452943311035, "d1_open": 175.76656301755804, "h1_open": 183.39762262224193, "m5_open": 176.21690516150224, "m1_open": 178.3318513545496, "reversion_strength": {"s1": 0.0062823601171641975, "m1": 0.013292119646085305, "m5": 0.03312992683192555, "h1": 0.04623311401955329, "d1": 0.05}, "garch_variance": 1.2207419743056887e-06, "prev_return": 7.537896230737835e-05, "boundary_trend": 0}, "AMZN": {"p": 169.88968277135805, "d1_open": 169.8941041712876, "h1_open": 168.9436681978484, "m5_open": 171.9035592650451, "m1_open": 170.0242269096024, "reversion_strength": {"s1": 0.002645480578274048, "m1": 0.009447304871809989, "m5": 0.011715152974709363, "h1": 0.04320287271163793, "d1": 0.05}, "garch_variance": 1.2790819276154566e-06, "prev_return": -0.0007916365964373883, "boundary_trend": 1}, "MSFT": {"p": 161.9529657940028, "d1_open": 164.41906387237157, "h1_open": 162.58297699275926, "m5_open": 162.17743441135158, "m1_open": 162.09140290738483, "reversion_strength": {"s1": 0.00502554902391116, "m1": 0.0038098335627198736, "m5": 0.0032918974962767448, "h1": 0.046518504108642444, "d1": 0.05}, "garch_variance": 2.0261086704628945e-06, "prev_return": -0.0008544331281488267, "boundary_trend": 1}, "NVDA": {"p": 99.19324145624077, "d1_open": 97.6331941946038, "h1_open": 98.32781845318762, "m5_open": 97.57309042251282, "m1_open": 99.1118977651828, "reversion_strength": {"s1": 0.0011925680738830492, "m1": 0.020956231791063703, "m5": 0.022867711633453934, "h1": 0.013888096527728985, "d1": 0.05}, "garch_variance": 1.3843165255844647e-06, "prev_return": 0.0008203891834535446, "boundary_trend": 0}}