{"AAPL": {"p": 89.97512826654192, "d1_open": 87.95021220263737, "h1_open": 89.17288531883615, "m5_open": 89.82018933575004, "m1_open": 89.92429029472102, "reversion_strength": {"s1": 0.008338960049529932, "m1": 0.001351140996985631, "m5": 0.013839264509730786, "h1": 0.04009322855887123, "d1": 0.05}, "garch_variance": 1.4861849089774571e-06, "prev_return": 0.0005651821843643023, "boundary_trend": 0}, "GOOG": {"p": 181.54623386119016, "d1_open": 175.76656301755804, "h1_open": 176.0396410021823, "m5_open": 183.99557608126725, "m1_open": 181.8969128430464, "reversion_strength": {"s1": 0.0062823601171641975, "m1": 0.013292119646085305, "m5": 0.03312992683192555, "h1": 0.04623311401955329, "d1": 0.05}, "garch_variance": 5.616321600749133e-06, "prev_return": -0.0019297603702967598, "boundary_trend": 0}, "AMZN": {"p": 169.12902966791998, "d1_open": 169.8941041712876, "h1_open": 162.3870609310141, "m5_open": 167.6297422871191, "m1_open": 168.93335431643953, "reversion_strength": {"s1": 0.002645480578274048, "m1": 0.009447304871809989, "m5": 0.011715152974709363, "h1": 0.04320287271163793, "d1": 0.05}, "garch_variance": 2.164624198871788e-06, "prev_return": 0.001157628784524121, "boundary_trend": 0}, "MSFT": {"p": 162.86689223287254, "d1_open": 164.41906387237157, "h1_open": 164.33550431317852, "m5_open": 162.66625910831317, "m1_open": 162.8845759827207, "reversion_strength": {"s1": 0.00502554902391116, "m1": 0.0038098335627198736, "m5": 0.0032918974962767448, "h1": 0.046518504108642444, "d1": 0.05}, "garch_variance": 1.8886212559604682e-06, "prev_return": -0.00010857203476245082, "boundary_trend": -1}, "NVDA": {"p": 97.30757053540522, "d1_open": 97.6331941946038, "h1_open": 98.01165686841159, "m5_open": 96.90487482241885, "m1_open": 97.25808380160889, "reversion_strength": {"s1": 0.0011925680738830492, "m1": 0.020956231791063703, "m5": 0.022867711633453934, "h1": 0.013888096527728985, "d1": 0.05}, "garch_variance": 1.4346556292684047e-06, "prev_return": 0.000508689316540269, "boundary_trend": 0}}