{"AAPL": {"p": 58.37145027344501, "d1_open": 58.881026803928506, "h1_open": 58.18002329517424, "m5_open": 58.33299485332588, "m1_open": 58.255332765595114, "band": {"m1": 0.001993251129765488, "m5": 0.004998879340395686, "h1": 0.011154952134693497, "d1": 0.03638386121219301}, "garch_variance": 5.245939416748016e-06, "prev_return": 0.0, "boundary_trend": -1, "trend_ou": -0.18008438912576233, "reversion_strength": {"s1": 0.008338960049529932, "m1": 0.001351140996985631, "m5": 0.013839264509730786, "h1": 0.04009322855887123, "d1": 0.05}}, "GOOG": {"p": 117.31279434296262, "d1_open": 119.02146768303125, "h1_open": 117.8132584785911, "m5_open": 117.30996457934323, "m1_open": 117.10287368300489, "band": {"m1": 0.00179261749396502, "m5": 0.004595111936995183, "h1": 0.00991167096646269, "d1": 0.031054403391483517}, "garch_variance": 2.6509572379398003e-06, "prev_return": 0.003585238828294787, "boundary_trend": -1, "trend_ou": -0.1393019580178212, "reversion_strength": {"s1": 0.0062823601171641975, "m1": 0.013292119646085305, "m5": 0.03312992683192555, "h1": 0.04623311401955329, "d1": 0.05}}, "AMZN": {"p": 155.81191068453714, "d1_open": 158.98498094367304, "h1_open": 156.39399479459698, "m5_open": 155.6921426442066, "m1_open": 155.6969951315674, "band": {"m1": 0.0019329277732571491, "m5": 0.004877480927190447, "h1": 0.010781141966462895, "d1": 0.0347814839097424}, "garch_variance": 4.605473586660559e-06, "prev_return": 0.0026725977934366012, "boundary_trend": 0, "trend_ou": 0.10282111734280618, "reversion_strength": {"s1": 0.002645480578274048, "m1": 0.009447304871809989, "m5": 0.011715152974709363, "h1": 0.04320287271163793, "d1": 0.05}}, "MSFT": {"p": 132.80943605455923, "d1_open": 137.08846618531726, "h1_open": 133.29083440032448, "m5_open": 133.30866258964755, "m1_open": 132.92764955430758, "band": {"m1": 0.0018949566030561544, "m5": 0.004801065421211271, "h1": 0.010545843230743757, "d1": 0.03377285069038312}, "garch_variance": 3.7791804817036485e-06, "prev_return": -0.000965271952569451, "boundary_trend": 0, "trend_ou": -0.004689153351283451, "reversion_strength": {"s1": 0.00502554902391116, "m1": 0.0038098335627198736, "m5": 0.0032918974962767448, "h1": 0.046518504108642444, "d1": 0.05}}, "NVDA": {"p": 77.4220226445971, "d1_open": 77.58920212535816, "h1_open": 77.08644892077346, "m5_open": 77.34671697777846, "m1_open": 77.34655024385901, "band": {"m1": 0.0020130366915001915, "m5": 0.00503869701530632, "h1": 0.011277558776443684, "d1": 0.03690942770708031}, "garch_variance": 5.175777156940881e-06, "prev_return": -0.001035719552427188, "boundary_trend": -1, "trend_ou": 0.23711787953981361, "reversion_strength": {"s1": 0.0011925680738830492, "m1": 0.020956231791063703, "m5": 0.022867711633453934, "h1": 0.013888096527728985, "d1": 0.05}}}