{"AAPL": {"p": 58.143010154109135, "d1_open": 58.881026803928506, "h1_open": 58.1428595806997, "m5_open": 58.171640801011506, "m1_open": 58.105077737845605, "band": {"m1": 0.0023128588576647132, "m5": 0.005642077485540919, "h1": 0.013135488786650128, "d1": 0.04487364358699733}, "garch_variance": 6.044333137467205e-06, "prev_return": 0.0029681491143336127, "boundary_trend": 0, "trend_ou": -0.1823587077022035, "reversion_strength": {"s1": 0.008338960049529932, "m1": 0.001351140996985631, "m5": 0.013839264509730786, "h1": 0.04009322855887123, "d1": 0.05}}, "GOOG": {"p": 118.25040823399638, "d1_open": 119.02146768303125, "h1_open": 117.50203204488679, "m5_open": 118.24912058124261, "m1_open": 117.99354257223801, "band": {"m1": 0.002176946773177097, "m5": 0.005368559691650714, "h1": 0.012293272403019929, "d1": 0.04126339289941163}, "garch_variance": 5.934898681239162e-06, "prev_return": 0.00021670794956819104, "boundary_trend": -1, "trend_ou": -0.12622887322223666, "reversion_strength": {"s1": 0.0062823601171641975, "m1": 0.013292119646085305, "m5": 0.03312992683192555, "h1": 0.04623311401955329, "d1": 0.05}}, "AMZN": {"p": 156.67239615666122, "d1_open": 158.98498094367304, "h1_open": 156.14714668241675, "m5_open": 156.11384225994, "m1_open": 156.3939592231771, "band": {"m1": 0.0017803560627733784, "m5": 0.00457043628271383, "h1": 0.009835689656373256, "d1": 0.030728701371995744}, "garch_variance": 2.02842031046499e-06, "prev_return": 0.000997056183808978, "boundary_trend": -1, "trend_ou": 0.09249593155141657, "reversion_strength": {"s1": 0.002645480578274048, "m1": 0.009447304871809989, "m5": 0.011715152974709363, "h1": 0.04320287271163793, "d1": 0.05}}, "MSFT": {"p": 132.97549387030108, "d1_open": 137.08846618531726, "h1_open": 134.15426905759884, "m5_open": 132.97560567397798, "m1_open": 132.677879944451, "band": {"m1": 0.0022431314547283684, "m5": 0.005501753793966751, "h1": 0.012703403874095312, "d1": 0.043021465354697155}, "garch_variance": 6.1331824176474305e-06, "prev_return": 0.0, "boundary_trend": -1, "trend_ou": -0.008586942812952096, "reversion_strength": {"s1": 0.00502554902391116, "m1": 0.0038098335627198736, "m5": 0.0032918974962767448, "h1": 0.046518504108642444, "d1": 0.05}}, "NVDA": {"p": 77.49825143436792, "d1_open": 77.58920212535816, "h1_open": 76.70225877457747, "m5_open": 77.5236416323642, "m1_open": 77.50970685701586, "band": {"m1": 0.001867821825123086, "m5": 0.00474645773399984, "h1": 0.01037769516188326, "d1": 0.03305206599298359}, "garch_variance": 2.2994390176612082e-06, "prev_return": 0.0017217640629156204, "boundary_trend": -1, "trend_ou": 0.22850300858344286, "reversion_strength": {"s1": 0.0011925680738830492, "m1": 0.020956231791063703, "m5": 0.022867711633453934, "h1": 0.013888096527728985, "d1": 0.05}}}