{"AAPL": {"p": 90.74791374728042, "d1_open": 87.95021220263737, "h1_open": 89.92327454616381, "m5_open": 90.69691461941774, "m1_open": 90.74682329118724, "reversion_strength": {"s1": 0.008338960049529932, "m1": 0.001351140996985631, "m5": 0.013839264509730786, "h1": 0.04009322855887123, "d1": 0.05}, "garch_variance": 1.231306528404005e-06, "prev_return": 1.2016393543747796e-05, "boundary_trend": 0}, "GOOG": {"p": 175.42104319494058, "d1_open": 175.76656301755804, "h1_open": 183.39762262224193, "m5_open": 176.39020699162538, "m1_open": 175.58853044843195, "reversion_strength": {"s1": 0.0062823601171641975, "m1": 0.013292119646085305, "m5": 0.03312992683192555, "h1": 0.04623311401955329, "d1": 0.05}, "garch_variance": 6.072610855369043e-06, "prev_return": -0.0009543173678375997, "boundary_trend": 0}, "AMZN": {"p": 171.4790614276037, "d1_open": 169.8941041712876, "h1_open": 168.9436681978484, "m5_open": 171.60858643486165, "m1_open": 171.47473599223204, "reversion_strength": {"s1": 0.002645480578274048, "m1": 0.009447304871809989, "m5": 0.011715152974709363, "h1": 0.04320287271163793, "d1": 0.05}, "garch_variance": 2.230190051361584e-06, "prev_return": 2.5224595292150336e-05, "boundary_trend": 0}, "MSFT": {"p": 162.2797875710786, "d1_open": 164.41906387237157, "h1_open": 162.58297699275926, "m5_open": 162.73664888997087, "m1_open": 162.2009365229375, "reversion_strength": {"s1": 0.00502554902391116, "m1": 0.0038098335627198736, "m5": 0.0032918974962767448, "h1": 0.046518504108642444, "d1": 0.05}, "garch_variance": 2.0313800691891384e-06, "prev_return": 0.0004860137680806171, "boundary_trend": 1}, "NVDA": {"p": 97.16316620988944, "d1_open": 97.6331941946038, "h1_open": 98.32781845318762, "m5_open": 98.38976530585748, "m1_open": 97.2791782521265, "reversion_strength": {"s1": 0.0011925680738830492, "m1": 0.020956231791063703, "m5": 0.022867711633453934, "h1": 0.013888096527728985, "d1": 0.05}, "garch_variance": 1.5602982247214603e-06, "prev_return": -0.0011932797490587675, "boundary_trend": 1}}