{"AAPL": {"p": 58.35645036194068, "d1_open": 58.881026803928506, "h1_open": 58.18002329517424, "m5_open": 58.51855199985677, "m1_open": 58.415329436714465, "band": {"m1": 0.0018004527490072214, "m5": 0.004610880083601052, "h1": 0.009960224266129464, "d1": 0.03126253230812958}, "garch_variance": 3.934116775707078e-06, "prev_return": 0.0007936284393248138, "boundary_trend": 1, "trend_ou": -0.18031312773002678, "reversion_strength": {"s1": 0.008338960049529932, "m1": 0.001351140996985631, "m5": 0.013839264509730786, "h1": 0.04009322855887123, "d1": 0.05}}, "GOOG": {"p": 117.82592980811826, "d1_open": 119.02146768303125, "h1_open": 117.8132584785911, "m5_open": 117.82879068469468, "m1_open": 117.59768240192052, "band": {"m1": 0.0019409175549704272, "m5": 0.004893560052723093, "h1": 0.010830652832887467, "d1": 0.03499371753880316}, "garch_variance": 3.24021392247706e-06, "prev_return": 0.0, "boundary_trend": -1, "trend_ou": -0.15147480834140875, "reversion_strength": {"s1": 0.0062823601171641975, "m1": 0.013292119646085305, "m5": 0.03312992683192555, "h1": 0.04623311401955329, "d1": 0.05}}, "AMZN": {"p": 156.37331781112633, "d1_open": 158.98498094367304, "h1_open": 156.39399479459698, "m5_open": 156.01598994934983, "m1_open": 156.10178787408222, "band": {"m1": 0.0017394415576016523, "m5": 0.004488097429367059, "h1": 0.009582151740935794, "d1": 0.029641883956272045}, "garch_variance": 2.3360790591067498e-06, "prev_return": 0.0, "boundary_trend": -1, "trend_ou": 0.09611089850045097, "reversion_strength": {"s1": 0.002645480578274048, "m1": 0.009447304871809989, "m5": 0.011715152974709363, "h1": 0.04320287271163793, "d1": 0.05}}, "MSFT": {"p": 133.5722252706728, "d1_open": 137.08846618531726, "h1_open": 133.29083440032448, "m5_open": 133.5689667792177, "m1_open": 133.31919707596327, "band": {"m1": 0.0018979126806872525, "m5": 0.004807014412688184, "h1": 0.0105641613738403, "d1": 0.0338513733717213}, "garch_variance": 4.476501966684713e-06, "prev_return": 0.0037958299189971996, "boundary_trend": -1, "trend_ou": 0.005256197167633914, "reversion_strength": {"s1": 0.00502554902391116, "m1": 0.0038098335627198736, "m5": 0.0032918974962767448, "h1": 0.046518504108642444, "d1": 0.05}}, "NVDA": {"p": 77.38018812512583, "d1_open": 77.58920212535816, "h1_open": 77.08644892077346, "m5_open": 77.29050824109868, "m1_open": 77.24152367322888, "band": {"m1": 0.0017952060666690214, "m5": 0.004600321339072945, "h1": 0.009927711764819559, "d1": 0.03112316399080562}, "garch_variance": 3.4349864330827762e-06, "prev_return": 0.0, "boundary_trend": -1, "trend_ou": 0.25659346496289853, "reversion_strength": {"s1": 0.0011925680738830492, "m1": 0.020956231791063703, "m5": 0.022867711633453934, "h1": 0.013888096527728985, "d1": 0.05}}}