{"AAPL": {"p": 83.26223825659595, "d1_open": 81.94143766685488, "h1_open": 83.16511765564458, "m5_open": 83.5595708993371, "m1_open": 83.23148477705948, "band": {"m1": 0.0019435292888531348, "m5": 0.0048988160657738805, "h1": 0.010846837155819392, "d1": 0.03506309337158054}, "garch_variance": 2.5856350052030775e-06, "prev_return": -0.0015722179823999907, "boundary_trend": 0, "trend_ou": -0.15802664790236445, "reversion_strength": {"s1": 0.008338960049529932, "m1": 0.001351140996985631, "m5": 0.013839264509730786, "h1": 0.04009322855887123, "d1": 0.05}}, "GOOG": {"p": 152.61403493490062, "d1_open": 151.7016903651911, "h1_open": 152.3937591816353, "m5_open": 152.1051864077733, "m1_open": 152.30210294502393, "band": {"m1": 0.0020481134787041196, "m5": 0.005109287687864571, "h1": 0.011494921676730526, "d1": 0.03784117704783019}, "garch_variance": 3.1863730665363705e-06, "prev_return": 0.0005528114018121269, "boundary_trend": -1, "trend_ou": -0.09282010511988754, "reversion_strength": {"s1": 0.0062823601171641975, "m1": 0.013292119646085305, "m5": 0.03312992683192555, "h1": 0.04623311401955329, "d1": 0.05}}, "AMZN": {"p": 168.78171311963115, "d1_open": 165.13593115049974, "h1_open": 168.6793807914225, "m5_open": 169.16229817128644, "m1_open": 169.1567740001909, "band": {"m1": 0.002217238315027871, "m5": 0.005449644855497662, "h1": 0.012542949955949637, "d1": 0.04233366245799455}, "garch_variance": 3.930754927620357e-06, "prev_return": 0.0, "boundary_trend": 1, "trend_ou": 0.022405661644413315, "reversion_strength": {"s1": 0.002645480578274048, "m1": 0.009447304871809989, "m5": 0.011715152974709363, "h1": 0.04320287271163793, "d1": 0.05}}, "MSFT": {"p": 160.6297965108585, "d1_open": 158.81978513575737, "h1_open": 159.9210688610481, "m5_open": 160.29761981917923, "m1_open": 160.29797963432065, "band": {"m1": 0.002070000366160653, "m5": 0.005153334199216398, "h1": 0.011630549757721674, "d1": 0.03842256133596726}, "garch_variance": 3.4027033438963332e-06, "prev_return": 0.001536139821712145, "boundary_trend": -1, "trend_ou": 0.12790166199785555, "reversion_strength": {"s1": 0.00502554902391116, "m1": 0.0038098335627198736, "m5": 0.0032918974962767448, "h1": 0.046518504108642444, "d1": 0.05}}, "NVDA": {"p": 99.39091955523674, "d1_open": 100.31090827320226, "h1_open": 98.94100541546996, "m5_open": 98.89044186077668, "m1_open": 99.29287138912909, "band": {"m1": 0.002024084805327813, "m5": 0.0050609309154938656, "h1": 0.011346021433821895, "d1": 0.03720290021685061}, "garch_variance": 3.272146329968602e-06, "prev_return": 0.0010919643938543258, "boundary_trend": -1, "trend_ou": -0.09166533659775557, "reversion_strength": {"s1": 0.0011925680738830492, "m1": 0.020956231791063703, "m5": 0.022867711633453934, "h1": 0.013888096527728985, "d1": 0.05}}}