{"AAPL": {"p": 89.96488165997567, "d1_open": 87.95021220263737, "h1_open": 90.06205021135978, "m5_open": 90.10237905744151, "m1_open": 89.8938254423624, "reversion_strength": {"s1": 0.008338960049529932, "m1": 0.001351140996985631, "m5": 0.013839264509730786, "h1": 0.04009322855887123, "d1": 0.05}, "garch_variance": 1.178945364267892e-06, "prev_return": 0.0007901337939632452, "boundary_trend": 0}, "GOOG": {"p": 177.70545319178294, "d1_open": 175.76656301755804, "h1_open": 182.2768621595806, "m5_open": 182.53350207436387, "m1_open": 177.41558297395153, "reversion_strength": {"s1": 0.0062823601171641975, "m1": 0.013292119646085305, "m5": 0.03312992683192555, "h1": 0.04623311401955329, "d1": 0.05}, "garch_variance": 5.5773288196184785e-06, "prev_return": 0.0016325154113035463, "boundary_trend": 0}, "AMZN": {"p": 170.66267079876744, "d1_open": 169.8941041712876, "h1_open": 170.28724881804374, "m5_open": 169.88795825381547, "m1_open": 170.2123772605428, "reversion_strength": {"s1": 0.002645480578274048, "m1": 0.009447304871809989, "m5": 0.011715152974709363, "h1": 0.04320287271163793, "d1": 0.05}, "garch_variance": 2.792051853084354e-06, "prev_return": 0.002641987453834722, "boundary_trend": -1}, "MSFT": {"p": 161.1916395475857, "d1_open": 164.41906387237157, "h1_open": 161.08021439952043, "m5_open": 161.08737284638528, "m1_open": 161.522674467077, "reversion_strength": {"s1": 0.00502554902391116, "m1": 0.0038098335627198736, "m5": 0.0032918974962767448, "h1": 0.046518504108642444, "d1": 0.05}, "garch_variance": 2.3965298626268996e-06, "prev_return": -0.0020515671057884416, "boundary_trend": 0}, "NVDA": {"p": 99.87605243311559, "d1_open": 97.6331941946038, "h1_open": 98.64308364945421, "m5_open": 98.4888237569008, "m1_open": 99.91264350878149, "reversion_strength": {"s1": 0.0011925680738830492, "m1": 0.020956231791063703, "m5": 0.022867711633453934, "h1": 0.013888096527728985, "d1": 0.05}, "garch_variance": 1.2377730866280254e-06, "prev_return": -0.00036629776176790084, "boundary_trend": 0}}