{"AAPL": {"p": 88.85969547717832, "d1_open": 87.95021220263737, "h1_open": 90.36175952352136, "m5_open": 88.962335514306, "m1_open": 88.97188422017913, "band": {"m1": 0.003552870154827827, "m5": 0.00812509090378308, "h1": 0.016622784397553127, "d1": 0.05124909543793569}, "garch_variance": 6.177633181591641e-06, "prev_return": 0.0, "boundary_trend": 1, "trend_ou": 0.06500452732133431, "reversion_strength": {"s1": 0.008338960049529932, "m1": 0.001351140996985631, "m5": 0.013839264509730786, "h1": 0.04009322855887123, "d1": 0.05}}, "GOOG": {"p": 177.3647182700932, "d1_open": 175.76656301755804, "h1_open": 175.77288560235982, "m5_open": 178.19978304755804, "m1_open": 176.5259681651477, "band": {"m1": 0.004751426170685674, "m5": 0.010537138357452598, "h1": 0.024049964379815783, "d1": 0.08308649751056028}, "garch_variance": 2.9142158715333712e-05, "prev_return": 0.0, "boundary_trend": -1, "trend_ou": -0.010956368400919726, "reversion_strength": {"s1": 0.0062823601171641975, "m1": 0.013292119646085305, "m5": 0.03312992683192555, "h1": 0.04623311401955329, "d1": 0.05}}, "AMZN": {"p": 169.24208450393155, "d1_open": 169.8941041712876, "h1_open": 168.9021703391811, "m5_open": 169.7939597233739, "m1_open": 169.19893234763097, "band": {"m1": 0.0035795486034125965, "m5": 0.00817878024589588, "h1": 0.016788104696867475, "d1": 0.051957758598463265}, "garch_variance": 6.530626747985213e-06, "prev_return": -0.0033181517894514236, "boundary_trend": -1, "trend_ou": 0.06517262699979122, "reversion_strength": {"s1": 0.002645480578274048, "m1": 0.009447304871809989, "m5": 0.011715152974709363, "h1": 0.04320287271163793, "d1": 0.05}}, "MSFT": {"p": 161.01591763870977, "d1_open": 164.41906387237157, "h1_open": 160.00715142749434, "m5_open": 159.7271831574236, "m1_open": 161.02577869019146, "band": {"m1": 0.003524674324846693, "m5": 0.008068347890515224, "h1": 0.016448061229634044, "d1": 0.05050012587455804}, "garch_variance": 5.5777391252216545e-06, "prev_return": 0.0012647562956921601, "boundary_trend": -1, "trend_ou": 0.002491660424535557, "reversion_strength": {"s1": 0.00502554902391116, "m1": 0.0038098335627198736, "m5": 0.0032918974962767448, "h1": 0.046518504108642444, "d1": 0.05}}, "NVDA": {"p": 101.40699084849767, "d1_open": 97.6331941946038, "h1_open": 100.4340456706556, "m5_open": 102.27558224212207, "m1_open": 101.40332974120899, "band": {"m1": 0.0037355149937846315, "m5": 0.008492656551865306, "h1": 0.017754593068833837, "d1": 0.0561007144673522}, "garch_variance": 7.861058786697205e-06, "prev_return": -0.0036924515271022206, "boundary_trend": 1, "trend_ou": 0.04269756154561221, "reversion_strength": {"s1": 0.0011925680738830492, "m1": 0.020956231791063703, "m5": 0.022867711633453934, "h1": 0.013888096527728985, "d1": 0.05}}}