{"AAPL": {"p": 57.69821591668303, "d1_open": 58.881026803928506, "h1_open": 57.95099828715578, "m5_open": 57.8043474708804, "m1_open": 57.8043474708804, "band": {"m1": 0.0018360479590368928, "m5": 0.0046825140619708066, "h1": 0.010180799715168939, "d1": 0.03220805258301057}, "garch_variance": 3.517425742993195e-06, "prev_return": -0.0026085575765398186, "boundary_trend": 1, "trend_ou": -0.19504490663112298, "reversion_strength": {"s1": 0.008338960049529932, "m1": 0.001351140996985631, "m5": 0.013839264509730786, "h1": 0.04009322855887123, "d1": 0.05}}, "GOOG": {"p": 116.65206716536666, "d1_open": 119.02146768303125, "h1_open": 116.73471203161151, "m5_open": 116.6080033221347, "m1_open": 116.6080033221347, "band": {"m1": 0.001581428167231976, "m5": 0.004170101615367432, "h1": 0.008602978573928551, "d1": 0.025444553355534708}, "garch_variance": 1.840635515646852e-06, "prev_return": 0.0018243307927548007, "boundary_trend": 0, "trend_ou": -0.10392376236932693, "reversion_strength": {"s1": 0.0062823601171641975, "m1": 0.013292119646085305, "m5": 0.03312992683192555, "h1": 0.04623311401955329, "d1": 0.05}}, "AMZN": {"p": 156.32217724255403, "d1_open": 158.98498094367304, "h1_open": 155.272478808972, "m5_open": 156.60703738012538, "m1_open": 156.60703738012538, "band": {"m1": 0.001818948511744747, "m5": 0.0046481020881001854, "h1": 0.010074838315822007, "d1": 0.031753837701555855}, "garch_variance": 3.932313111404479e-06, "prev_return": -0.0032868105129193726, "boundary_trend": 1, "trend_ou": 0.08013347246436874, "reversion_strength": {"s1": 0.002645480578274048, "m1": 0.009447304871809989, "m5": 0.011715152974709363, "h1": 0.04320287271163793, "d1": 0.05}}, "MSFT": {"p": 133.18177878141574, "d1_open": 137.08846618531726, "h1_open": 133.13886604045118, "m5_open": 133.11544389482313, "m1_open": 133.11544389482313, "band": {"m1": 0.0016963623203210512, "m5": 0.004401402136686619, "h1": 0.009315199471247657, "d1": 0.028497564475047928}, "garch_variance": 2.373241158842999e-06, "prev_return": -0.0011967232467996294, "boundary_trend": 1, "trend_ou": -0.04029623723459376, "reversion_strength": {"s1": 0.00502554902391116, "m1": 0.0038098335627198736, "m5": 0.0032918974962767448, "h1": 0.046518504108642444, "d1": 0.05}}, "NVDA": {"p": 77.26322540825801, "d1_open": 77.58920212535816, "h1_open": 77.04681052606045, "m5_open": 77.26061216455734, "m1_open": 77.26061216455734, "band": {"m1": 0.0016038536362845105, "m5": 0.004215232001273338, "h1": 0.008741944123002719, "d1": 0.026040244057885173}, "garch_variance": 2.133258584638257e-06, "prev_return": -0.0008746159530259987, "boundary_trend": 0, "trend_ou": 0.23773403485334962, "reversion_strength": {"s1": 0.0011925680738830492, "m1": 0.020956231791063703, "m5": 0.022867711633453934, "h1": 0.013888096527728985, "d1": 0.05}}}