{"AAPL": {"p": 57.23282081050859, "d1_open": 58.881026803928506, "h1_open": 57.95099828715578, "m5_open": 57.34348891392542, "m1_open": 57.34391814870843, "band": {"m1": 0.0021930145003302495, "m5": 0.005400895368793246, "h1": 0.012392840466500833, "d1": 0.04169020206227084}, "garch_variance": 7.061803332868499e-06, "prev_return": 0.0, "boundary_trend": 1, "trend_ou": -0.1908328684284148, "reversion_strength": {"s1": 0.008338960049529932, "m1": 0.001351140996985631, "m5": 0.013839264509730786, "h1": 0.04009322855887123, "d1": 0.05}}, "GOOG": {"p": 115.63467901744454, "d1_open": 119.02146768303125, "h1_open": 116.73471203161151, "m5_open": 115.79600430654979, "m1_open": 115.83524403328848, "band": {"m1": 0.0017314679786602442, "m5": 0.004472050911283805, "h1": 0.009532741279416206, "d1": 0.029430080723584814}, "garch_variance": 2.5900192822252994e-06, "prev_return": -0.0034629394179325986, "boundary_trend": 1, "trend_ou": -0.0958744388276177, "reversion_strength": {"s1": 0.0062823601171641975, "m1": 0.013292119646085305, "m5": 0.03312992683192555, "h1": 0.04623311401955329, "d1": 0.05}}, "AMZN": {"p": 155.14682152745303, "d1_open": 158.98498094367304, "h1_open": 155.272478808972, "m5_open": 154.86662339316624, "m1_open": 155.09472284299179, "band": {"m1": 0.0017783327496221214, "m5": 0.004566364443542449, "h1": 0.009823151643350885, "d1": 0.03067495583698269}, "garch_variance": 3.856211942996008e-06, "prev_return": -0.0014408945329639593, "boundary_trend": -1, "trend_ou": 0.10009735038492773, "reversion_strength": {"s1": 0.002645480578274048, "m1": 0.009447304871809989, "m5": 0.011715152974709363, "h1": 0.04320287271163793, "d1": 0.05}}, "MSFT": {"p": 133.56442447601356, "d1_open": 137.08846618531726, "h1_open": 133.13886604045118, "m5_open": 133.44595369429956, "m1_open": 133.31926848837003, "band": {"m1": 0.0018388638823421625, "m5": 0.004688180998307815, "h1": 0.01019824935367375, "d1": 0.03228285232644298}, "garch_variance": 4.0216989467214e-06, "prev_return": 0.0, "boundary_trend": -1, "trend_ou": -0.01532586952422879, "reversion_strength": {"s1": 0.00502554902391116, "m1": 0.0038098335627198736, "m5": 0.0032918974962767448, "h1": 0.046518504108642444, "d1": 0.05}}, "NVDA": {"p": 77.54420253121644, "d1_open": 77.58920212535816, "h1_open": 77.04681052606045, "m5_open": 77.58450323426142, "m1_open": 77.67319967055586, "band": {"m1": 0.0016607676764514888, "m5": 0.004329769297692104, "h1": 0.009094627530574058, "d1": 0.027552059239152847}, "garch_variance": 2.184008203121274e-06, "prev_return": -0.002618557492902376, "boundary_trend": 1, "trend_ou": 0.2502511936488684, "reversion_strength": {"s1": 0.0011925680738830492, "m1": 0.020956231791063703, "m5": 0.022867711633453934, "h1": 0.013888096527728985, "d1": 0.05}}}