{"AAPL": {"p": 90.08372982315959, "d1_open": 87.95021220263737, "h1_open": 89.92327454616381, "m5_open": 89.92327454616381, "m1_open": 90.05554261811746, "reversion_strength": {"s1": 0.008338960049529932, "m1": 0.001351140996985631, "m5": 0.013839264509730786, "h1": 0.04009322855887123, "d1": 0.05}, "garch_variance": 2.1476326905708348e-06, "prev_return": 0.0003129490298276896, "boundary_trend": -1}, "GOOG": {"p": 178.4649208585707, "d1_open": 175.76656301755804, "h1_open": 183.39762262224193, "m5_open": 183.39762262224193, "m1_open": 178.3715094909049, "reversion_strength": {"s1": 0.0062823601171641975, "m1": 0.013292119646085305, "m5": 0.03312992683192555, "h1": 0.04623311401955329, "d1": 0.05}, "garch_variance": 2.8862854654034696e-06, "prev_return": 0.0005235528766389354, "boundary_trend": 0}, "AMZN": {"p": 168.25962453744702, "d1_open": 169.8941041712876, "h1_open": 168.9436681978484, "m5_open": 168.9436681978484, "m1_open": 168.39194351092206, "reversion_strength": {"s1": 0.002645480578274048, "m1": 0.009447304871809989, "m5": 0.011715152974709363, "h1": 0.04320287271163793, "d1": 0.05}, "garch_variance": 1.91967458989742e-06, "prev_return": -0.0007860886022651607, "boundary_trend": 0}, "MSFT": {"p": 162.4825200089167, "d1_open": 164.41906387237157, "h1_open": 162.58297699275926, "m5_open": 162.58297699275926, "m1_open": 162.44840747871442, "reversion_strength": {"s1": 0.00502554902391116, "m1": 0.0038098335627198736, "m5": 0.0032918974962767448, "h1": 0.046518504108642444, "d1": 0.05}, "garch_variance": 1.6184604966800011e-06, "prev_return": 0.00020996788819934448, "boundary_trend": 0}, "NVDA": {"p": 96.98571530410521, "d1_open": 97.6331941946038, "h1_open": 98.32781845318762, "m5_open": 98.32781845318762, "m1_open": 96.96223221914875, "reversion_strength": {"s1": 0.0011925680738830492, "m1": 0.020956231791063703, "m5": 0.022867711633453934, "h1": 0.013888096527728985, "d1": 0.05}, "garch_variance": 1.3544675496377748e-06, "prev_return": 0.00024215863453167606, "boundary_trend": 1}}