{"AAPL": {"p": 58.35640345188377, "d1_open": 58.881026803928506, "h1_open": 57.935104588267784, "m5_open": 58.10992051533566, "m1_open": 58.35769147389666, "band": {"m1": 0.0016169893297481332, "m5": 0.004241667074437973, "h1": 0.008823343038243513, "d1": 0.026389169221808177}, "garch_variance": 2.189723956928892e-06, "prev_return": 0.0, "boundary_trend": -1, "trend_ou": -0.17764554688523834, "reversion_strength": {"s1": 0.008338960049529932, "m1": 0.001351140996985631, "m5": 0.013839264509730786, "h1": 0.04009322855887123, "d1": 0.05}}, "GOOG": {"p": 116.18625945513308, "d1_open": 119.02146768303125, "h1_open": 116.09550753836272, "m5_open": 116.3888914266636, "m1_open": 116.22935380981039, "band": {"m1": 0.0015203069323510912, "m5": 0.004047097502911282, "h1": 0.008224224134259274, "d1": 0.02382098190427861}, "garch_variance": 2.204241919618943e-06, "prev_return": 0.0, "boundary_trend": 1, "trend_ou": -0.1278502793089519, "reversion_strength": {"s1": 0.0062823601171641975, "m1": 0.013292119646085305, "m5": 0.03312992683192555, "h1": 0.04623311401955329, "d1": 0.05}}, "AMZN": {"p": 156.18363541362393, "d1_open": 158.98498094367304, "h1_open": 156.28356493298796, "m5_open": 155.8783458704862, "m1_open": 156.48977082083442, "band": {"m1": 0.0019562646529847896, "m5": 0.004924445491698812, "h1": 0.010925755320923046, "d1": 0.03540138453447672}, "garch_variance": 5.907918239003059e-06, "prev_return": -0.0029557638879654335, "boundary_trend": 1, "trend_ou": 0.06113353950828521, "reversion_strength": {"s1": 0.002645480578274048, "m1": 0.009447304871809989, "m5": 0.011715152974709363, "h1": 0.04320287271163793, "d1": 0.05}}, "MSFT": {"p": 134.13750052716398, "d1_open": 137.08846618531726, "h1_open": 133.73171007353216, "m5_open": 133.94590238791469, "m1_open": 133.88963165684368, "band": {"m1": 0.00185129249556505, "m5": 0.0047131930999370015, "h1": 0.010275266652919666, "d1": 0.03261299522435252}, "garch_variance": 5.330552341350852e-06, "prev_return": 0.0, "boundary_trend": -1, "trend_ou": -0.039642443600058974, "reversion_strength": {"s1": 0.00502554902391116, "m1": 0.0038098335627198736, "m5": 0.0032918974962767448, "h1": 0.046518504108642444, "d1": 0.05}}, "NVDA": {"p": 77.44710105899196, "d1_open": 77.58920212535816, "h1_open": 77.45406808949511, "m5_open": 77.57589801194331, "m1_open": 77.56884370205677, "band": {"m1": 0.001569478636711609, "m5": 0.004146053649078959, "h1": 0.008528930041607945, "d1": 0.02512713639485663}, "garch_variance": 1.9100497061923087e-06, "prev_return": -3.086558625698217e-05, "boundary_trend": 1, "trend_ou": 0.23063531313151478, "reversion_strength": {"s1": 0.0011925680738830492, "m1": 0.020956231791063703, "m5": 0.022867711633453934, "h1": 0.013888096527728985, "d1": 0.05}}}