{"AAPL": {"p": 87.8313790652368, "d1_open": 87.95021220263737, "h1_open": 87.95021220263737, "m5_open": 87.95021220263737, "m1_open": 87.95021220263737, "reversion_strength": {"s1": 0.008338960049529932, "m1": 0.001351140996985631, "m5": 0.013839264509730786, "h1": 0.04009322855887123, "d1": 0.05}, "garch_variance": 8.900000000000001e-06, "prev_return": -0.0013520546110228153, "boundary_trend": 1}, "GOOG": {"p": 175.06312353203285, "d1_open": 175.76656301755804, "h1_open": 175.76656301755804, "m5_open": 175.76656301755804, "m1_open": 175.76656301755804, "reversion_strength": {"s1": 0.0062823601171641975, "m1": 0.013292119646085305, "m5": 0.03312992683192555, "h1": 0.04623311401955329, "d1": 0.05}, "garch_variance": 8.900000000000001e-06, "prev_return": -0.004010153388843284, "boundary_trend": 0}, "AMZN": {"p": 170.343555724236, "d1_open": 169.8941041712876, "h1_open": 169.8941041712876, "m5_open": 169.8941041712876, "m1_open": 169.8941041712876, "reversion_strength": {"s1": 0.002645480578274048, "m1": 0.009447304871809989, "m5": 0.011715152974709363, "h1": 0.04320287271163793, "d1": 0.05}, "garch_variance": 8.900000000000001e-06, "prev_return": 0.002641987453834722, "boundary_trend": -1}, "MSFT": {"p": 163.99797860524885, "d1_open": 164.41906387237157, "h1_open": 164.41906387237157, "m5_open": 164.41906387237157, "m1_open": 164.41906387237157, "reversion_strength": {"s1": 0.00502554902391116, "m1": 0.0038098335627198736, "m5": 0.0032918974962767448, "h1": 0.046518504108642444, "d1": 0.05}, "garch_variance": 8.900000000000001e-06, "prev_return": -0.00256433402294839, "boundary_trend": 0}, "NVDA": {"p": 97.74962842495152, "d1_open": 97.6331941946038, "h1_open": 97.6331941946038, "m5_open": 97.6331941946038, "m1_open": 97.6331941946038, "reversion_strength": {"s1": 0.0011925680738830492, "m1": 0.020956231791063703, "m5": 0.022867711633453934, "h1": 0.013888096527728985, "d1": 0.05}, "garch_variance": 8.900000000000001e-06, "prev_return": 0.0011918575294366796, "boundary_trend": -1}}