{"AAPL": {"p": 88.14389643546815, "d1_open": 87.95021220263737, "h1_open": 86.8359256319159, "m5_open": 88.2189749513441, "m1_open": 88.12070787405246, "reversion_strength": {"s1": 0.008338960049529932, "m1": 0.001351140996985631, "m5": 0.013839264509730786, "h1": 0.04009322855887123, "d1": 0.05}, "garch_variance": 1.2619823374347665e-06, "prev_return": 0.00026311081161532344, "boundary_trend": 0}, "GOOG": {"p": 175.21698745290655, "d1_open": 175.76656301755804, "h1_open": 175.75153234700423, "m5_open": 170.05505931944344, "m1_open": 175.09652893749265, "reversion_strength": {"s1": 0.0062823601171641975, "m1": 0.013292119646085305, "m5": 0.03312992683192555, "h1": 0.04623311401955329, "d1": 0.05}, "garch_variance": 1.1693875428837773e-06, "prev_return": 0.0006877183695492689, "boundary_trend": 0}, "AMZN": {"p": 168.46058059953515, "d1_open": 169.8941041712876, "h1_open": 166.80472498164232, "m5_open": 169.86440773141015, "m1_open": 168.07392077851964, "reversion_strength": {"s1": 0.002645480578274048, "m1": 0.009447304871809989, "m5": 0.011715152974709363, "h1": 0.04320287271163793, "d1": 0.05}, "garch_variance": 1.583084442268871e-06, "prev_return": 0.00229789213036066, "boundary_trend": 0}, "MSFT": {"p": 164.13473799330404, "d1_open": 164.41906387237157, "h1_open": 164.04525621182805, "m5_open": 163.97166299773514, "m1_open": 163.91176190129852, "reversion_strength": {"s1": 0.00502554902391116, "m1": 0.0038098335627198736, "m5": 0.0032918974962767448, "h1": 0.046518504108642444, "d1": 0.05}, "garch_variance": 1.5143814367051425e-06, "prev_return": 0.0013594178045843845, "boundary_trend": -1}, "NVDA": {"p": 96.02056320844147, "d1_open": 97.6331941946038, "h1_open": 96.51017604046937, "m5_open": 96.0122518050491, "m1_open": 96.01170767518707, "reversion_strength": {"s1": 0.0011925680738830492, "m1": 0.020956231791063703, "m5": 0.022867711633453934, "h1": 0.013888096527728985, "d1": 0.05}, "garch_variance": 1.2988571044375376e-06, "prev_return": 9.222963640370227e-05, "boundary_trend": 0}}