{"AAPL": {"p": 82.9972023155528, "d1_open": 81.94143766685488, "h1_open": 83.16511765564458, "m5_open": 83.42034438618171, "m1_open": 83.00335076739168, "band": {"m1": 0.0020297881027807048, "m5": 0.005072408580214377, "h1": 0.011381363475507522, "d1": 0.037354397661897056}, "garch_variance": 5.042069428244722e-06, "prev_return": -0.0021018083524945415, "boundary_trend": 1, "trend_ou": -0.13177875585310128, "reversion_strength": {"s1": 0.008338960049529932, "m1": 0.001351140996985631, "m5": 0.013839264509730786, "h1": 0.04009322855887123, "d1": 0.05}}, "GOOG": {"p": 152.39591662320836, "d1_open": 151.7016903651911, "h1_open": 152.3937591816353, "m5_open": 152.94399833500157, "m1_open": 152.70215857621352, "band": {"m1": 0.0022471309787700186, "m5": 0.005509802680838048, "h1": 0.01272818801810502, "d1": 0.043127705241134184}, "garch_variance": 6.0376689883782396e-06, "prev_return": -0.004252109057042602, "boundary_trend": 0, "trend_ou": -0.07971641242250717, "reversion_strength": {"s1": 0.0062823601171641975, "m1": 0.013292119646085305, "m5": 0.03312992683192555, "h1": 0.04623311401955329, "d1": 0.05}}, "AMZN": {"p": 170.57697509343345, "d1_open": 165.13593115049974, "h1_open": 168.6793807914225, "m5_open": 170.73893533357165, "m1_open": 170.25533892330782, "band": {"m1": 0.002008542791636529, "m5": 0.005029653216285017, "h1": 0.011249711097513307, "d1": 0.03679005565025482}, "garch_variance": 2.630698236663917e-06, "prev_return": 0.0, "boundary_trend": -1, "trend_ou": 0.032887285383036105, "reversion_strength": {"s1": 0.002645480578274048, "m1": 0.009447304871809989, "m5": 0.011715152974709363, "h1": 0.04320287271163793, "d1": 0.05}}, "MSFT": {"p": 161.20531397343515, "d1_open": 158.81978513575737, "h1_open": 159.9210688610481, "m5_open": 161.55036964922772, "m1_open": 161.48962215750498, "band": {"m1": 0.001760535322774607, "m5": 0.004530547812912389, "h1": 0.009712865022893657, "d1": 0.03020220043222433}, "garch_variance": 1.7801520487916415e-06, "prev_return": 0.0, "boundary_trend": 1, "trend_ou": 0.11604040274355132, "reversion_strength": {"s1": 0.00502554902391116, "m1": 0.0038098335627198736, "m5": 0.0032918974962767448, "h1": 0.046518504108642444, "d1": 0.05}}, "NVDA": {"p": 100.01737755867914, "d1_open": 100.31090827320226, "h1_open": 98.94100541546996, "m5_open": 99.59185296574145, "m1_open": 100.03514319099929, "band": {"m1": 0.0019487080391808837, "m5": 0.00490923809976809, "h1": 0.01087892869785705, "d1": 0.03520065720192038}, "garch_variance": 2.5273756671456715e-06, "prev_return": 0.0, "boundary_trend": -1, "trend_ou": -0.07634751253426758, "reversion_strength": {"s1": 0.0011925680738830492, "m1": 0.020956231791063703, "m5": 0.022867711633453934, "h1": 0.013888096527728985, "d1": 0.05}}}