{"AAPL": {"p": 55.07131912224494, "d1_open": 55.53712856805172, "h1_open": 55.05670946032792, "m5_open": 55.14980696375372, "m1_open": 54.94423229300257, "band": {"m1": 0.0023130149232887826, "m5": 0.005642391561550851, "h1": 0.013136455889950823, "d1": 0.04487778917882405}, "garch_variance": 4.934983121463602e-06, "prev_return": 0.004234181038033282, "boundary_trend": -1, "trend_ou": 0.039972537212828306, "reversion_strength": {"s1": 0.008338960049529932, "m1": 0.001351140996985631, "m5": 0.013839264509730786, "h1": 0.04009322855887123, "d1": 0.05}}, "GOOG": {"p": 96.85843386112379, "d1_open": 100.24132710088554, "h1_open": 97.94485073564063, "m5_open": 97.09923733427284, "m1_open": 97.10630481556286, "band": {"m1": 0.002552573233116767, "m5": 0.0061244933603661475, "h1": 0.014620944441005833, "d1": 0.05124120826722859}, "garch_variance": 7.667711465032985e-06, "prev_return": 0.0, "boundary_trend": 1, "trend_ou": 0.13648746556881644, "reversion_strength": {"s1": 0.0062823601171641975, "m1": 0.013292119646085305, "m5": 0.03312992683192555, "h1": 0.04623311401955329, "d1": 0.05}}, "AMZN": {"p": 131.27659585600577, "d1_open": 136.62257042864903, "h1_open": 132.1599159210106, "m5_open": 130.8403893255706, "m1_open": 131.57508684716655, "band": {"m1": 0.0022685980934026863, "m5": 0.005553004415677531, "h1": 0.012861214862046538, "d1": 0.04369793904819592}, "garch_variance": 3.3577018342247345e-06, "prev_return": 0.0, "boundary_trend": 1, "trend_ou": 0.07999760033452322, "reversion_strength": {"s1": 0.002645480578274048, "m1": 0.009447304871809989, "m5": 0.011715152974709363, "h1": 0.04320287271163793, "d1": 0.05}}, "MSFT": {"p": 151.65749090496686, "d1_open": 151.63091538707712, "h1_open": 153.24572122429387, "m5_open": 152.02622558673258, "m1_open": 152.04524390632227, "band": {"m1": 0.002550247488137779, "m5": 0.006119812888881936, "h1": 0.014606532326491999, "d1": 0.05117942919555003}, "garch_variance": 6.893534631450935e-06, "prev_return": -0.005100506033787733, "boundary_trend": 1, "trend_ou": -0.09145712139058017, "reversion_strength": {"s1": 0.00502554902391116, "m1": 0.0038098335627198736, "m5": 0.0032918974962767448, "h1": 0.046518504108642444, "d1": 0.05}}, "NVDA": {"p": 74.44277429999924, "d1_open": 75.76416089410631, "h1_open": 74.8079337476142, "m5_open": 74.86616467815547, "m1_open": 74.59746302885279, "band": {"m1": 0.002319427565420532, "m5": 0.0056552967549006235, "h1": 0.013176193579841148, "d1": 0.04504812904045349}, "garch_variance": 5.126718131840547e-06, "prev_return": -0.004392540799705431, "boundary_trend": 1, "trend_ou": 0.047554571603617986, "reversion_strength": {"s1": 0.0011925680738830492, "m1": 0.020956231791063703, "m5": 0.022867711633453934, "h1": 0.013888096527728985, "d1": 0.05}}}