{"AAPL": {"p": 89.19248441655348, "d1_open": 87.95021220263737, "h1_open": 89.17288531883615, "m5_open": 89.1300427860902, "m1_open": 89.28226824324794, "reversion_strength": {"s1": 0.008338960049529932, "m1": 0.001351140996985631, "m5": 0.013839264509730786, "h1": 0.04009322855887123, "d1": 0.05}, "garch_variance": 1.0764879193596384e-06, "prev_return": -0.001006123644160418, "boundary_trend": 0}, "GOOG": {"p": 175.66789047538427, "d1_open": 175.76656301755804, "h1_open": 176.0396410021823, "m5_open": 179.9022585626633, "m1_open": 175.3908813974645, "reversion_strength": {"s1": 0.0062823601171641975, "m1": 0.013292119646085305, "m5": 0.03312992683192555, "h1": 0.04623311401955329, "d1": 0.05}, "garch_variance": 2.6632902702417034e-06, "prev_return": 0.0015781353870358433, "boundary_trend": 0}, "AMZN": {"p": 165.6888110597331, "d1_open": 169.8941041712876, "h1_open": 162.3870609310141, "m5_open": 164.5280104645708, "m1_open": 166.0486770080379, "reversion_strength": {"s1": 0.002645480578274048, "m1": 0.009447304871809989, "m5": 0.011715152974709363, "h1": 0.04320287271163793, "d1": 0.05}, "garch_variance": 1.4091719388086916e-06, "prev_return": -0.002169583495438324, "boundary_trend": 0}, "MSFT": {"p": 163.4688176820278, "d1_open": 164.41906387237157, "h1_open": 164.33550431317852, "m5_open": 163.9342715067504, "m1_open": 163.618553314507, "reversion_strength": {"s1": 0.00502554902391116, "m1": 0.0038098335627198736, "m5": 0.0032918974962767448, "h1": 0.046518504108642444, "d1": 0.05}, "garch_variance": 1.4281432486978458e-06, "prev_return": -0.0009155696992083906, "boundary_trend": 1}, "NVDA": {"p": 98.8579179471259, "d1_open": 97.6331941946038, "h1_open": 98.01165686841159, "m5_open": 98.73150272086158, "m1_open": 98.93826827245528, "reversion_strength": {"s1": 0.0011925680738830492, "m1": 0.020956231791063703, "m5": 0.022867711633453934, "h1": 0.013888096527728985, "d1": 0.05}, "garch_variance": 1.1360710004405286e-06, "prev_return": -0.0008124558039760676, "boundary_trend": 0}}