{"AAPL": {"p": 89.09062626592065, "d1_open": 87.95021220263737, "h1_open": 88.46025421232386, "m5_open": 89.17606890278775, "m1_open": 89.17606890278775, "reversion_strength": {"s1": 0.008338960049529932, "m1": 0.001351140996985631, "m5": 0.013839264509730786, "h1": 0.04009322855887123, "d1": 0.05}, "garch_variance": 1.1785179426471483e-06, "prev_return": -0.0009585934526808027, "boundary_trend": 0}, "GOOG": {"p": 179.17096090168124, "d1_open": 175.76656301755804, "h1_open": 171.25338368742615, "m5_open": 179.17096090168124, "m1_open": 179.17096090168124, "reversion_strength": {"s1": 0.0062823601171641975, "m1": 0.013292119646085305, "m5": 0.03312992683192555, "h1": 0.04623311401955329, "d1": 0.05}, "garch_variance": 2.82158409419907e-06, "prev_return": 0.0, "boundary_trend": -1}, "AMZN": {"p": 163.4320395265772, "d1_open": 169.8941041712876, "h1_open": 168.5021874081404, "m5_open": 163.46781265744556, "m1_open": 163.46781265744556, "reversion_strength": {"s1": 0.002645480578274048, "m1": 0.009447304871809989, "m5": 0.011715152974709363, "h1": 0.04320287271163793, "d1": 0.05}, "garch_variance": 1.5792148233527542e-06, "prev_return": -0.00021886293782128895, "boundary_trend": 0}, "MSFT": {"p": 164.8526162462363, "d1_open": 164.41906387237157, "h1_open": 164.11163536945244, "m5_open": 164.80931298466675, "m1_open": 164.80931298466675, "reversion_strength": {"s1": 0.00502554902391116, "m1": 0.0038098335627198736, "m5": 0.0032918974962767448, "h1": 0.046518504108642444, "d1": 0.05}, "garch_variance": 1.27057004960579e-06, "prev_return": 0.0002627131493140283, "boundary_trend": 0}, "NVDA": {"p": 96.8505445940282, "d1_open": 97.6331941946038, "h1_open": 97.10451824378742, "m5_open": 96.83362729746081, "m1_open": 96.83362729746081, "reversion_strength": {"s1": 0.0011925680738830492, "m1": 0.020956231791063703, "m5": 0.022867711633453934, "h1": 0.013888096527728985, "d1": 0.05}, "garch_variance": 1.2151955769492724e-06, "prev_return": 0.0001746895107141938, "boundary_trend": 0}}