{"AAPL": {"p": 83.42317836277076, "d1_open": 81.94143766685488, "h1_open": 83.16511765564458, "m5_open": 83.5595708993371, "m1_open": 83.26223825659595, "band": {"m1": 0.001932930336064561, "m5": 0.004877486084740874, "h1": 0.010781157847599575, "d1": 0.03478155198593485}, "garch_variance": 2.6719831306805355e-06, "prev_return": 0.0005800636800736962, "boundary_trend": -1, "trend_ou": -0.15455194391727373, "reversion_strength": {"s1": 0.008338960049529932, "m1": 0.001351140996985631, "m5": 0.013839264509730786, "h1": 0.04009322855887123, "d1": 0.05}}, "GOOG": {"p": 152.30502889396803, "d1_open": 151.7016903651911, "h1_open": 152.3937591816353, "m5_open": 152.1051864077733, "m1_open": 152.61403493490062, "band": {"m1": 0.0020247550696395594, "m5": 0.005062279796401428, "h1": 0.011350174909849018, "d1": 0.037220704536469945}, "garch_variance": 2.9223443253104153e-06, "prev_return": 0.0, "boundary_trend": 1, "trend_ou": -0.08964882300466966, "reversion_strength": {"s1": 0.0062823601171641975, "m1": 0.013292119646085305, "m5": 0.03312992683192555, "h1": 0.04623311401955329, "d1": 0.05}}, "AMZN": {"p": 169.1495471138321, "d1_open": 165.13593115049974, "h1_open": 168.6793807914225, "m5_open": 169.16229817128644, "m1_open": 168.78171311963115, "band": {"m1": 0.0021793474387846903, "m5": 0.005373390937991556, "h1": 0.012308148783688765, "d1": 0.041327162097663225}, "garch_variance": 3.559064336305914e-06, "prev_return": 0.0, "boundary_trend": -1, "trend_ou": 0.026409817965375667, "reversion_strength": {"s1": 0.002645480578274048, "m1": 0.009447304871809989, "m5": 0.011715152974709363, "h1": 0.04320287271163793, "d1": 0.05}}, "MSFT": {"p": 160.9594095939727, "d1_open": 158.81978513575737, "h1_open": 159.9210688610481, "m5_open": 160.29761981917923, "m1_open": 160.6297965108585, "band": {"m1": 0.0020520046110616866, "m5": 0.005117118440679443, "h1": 0.011519034142040517, "d1": 0.03794453771161776}, "garch_variance": 3.2359624757397625e-06, "prev_return": 0.00026965129301376964, "boundary_trend": -1, "trend_ou": 0.12827707045420533, "reversion_strength": {"s1": 0.00502554902391116, "m1": 0.0038098335627198736, "m5": 0.0032918974962767448, "h1": 0.046518504108642444, "d1": 0.05}}, "NVDA": {"p": 99.3880347174745, "d1_open": 100.31090827320226, "h1_open": 98.94100541546996, "m5_open": 98.89044186077668, "m1_open": 99.39091955523674, "band": {"m1": 0.002009589092880759, "m5": 0.005031758856921354, "h1": 0.011256194789183733, "d1": 0.036817848688678455}, "garch_variance": 3.051031944619108e-06, "prev_return": 0.001982585440872976, "boundary_trend": -1, "trend_ou": -0.08822490481687402, "reversion_strength": {"s1": 0.0011925680738830492, "m1": 0.020956231791063703, "m5": 0.022867711633453934, "h1": 0.013888096527728985, "d1": 0.05}}}