{"AAPL": {"p": 58.617460593188014, "d1_open": 58.881026803928506, "h1_open": 58.18002329517424, "m5_open": 58.78480421930434, "m1_open": 58.51337851414797, "band": {"m1": 0.0017787740459197171, "m5": 0.004567252535210127, "h1": 0.009825886256489016, "d1": 0.030686678048939264}, "garch_variance": 1.9993669521715185e-06, "prev_return": 0.0017269389807818317, "boundary_trend": -1, "trend_ou": -0.1750835493066202, "reversion_strength": {"s1": 0.008338960049529932, "m1": 0.001351140996985631, "m5": 0.013839264509730786, "h1": 0.04009322855887123, "d1": 0.05}}, "GOOG": {"p": 118.0645273248257, "d1_open": 119.02146768303125, "h1_open": 117.8132584785911, "m5_open": 117.8819951074477, "m1_open": 117.82528143276836, "band": {"m1": 0.0020305140726005347, "m5": 0.005073869566294454, "h1": 0.011385862145942801, "d1": 0.03737368169429996}, "garch_variance": 3.555057871467729e-06, "prev_return": 0.0, "boundary_trend": -1, "trend_ou": -0.14878661200209828, "reversion_strength": {"s1": 0.0062823601171641975, "m1": 0.013292119646085305, "m5": 0.03312992683192555, "h1": 0.04623311401955329, "d1": 0.05}}, "AMZN": {"p": 156.28859307878707, "d1_open": 158.98498094367304, "h1_open": 156.39399479459698, "m5_open": 156.28493624312551, "m1_open": 156.56081427293591, "band": {"m1": 0.001738756887622532, "m5": 0.00448671955761314, "h1": 0.009577908996252946, "d1": 0.029623696977003743}, "garch_variance": 2.7239632913643775e-06, "prev_return": -0.0006897753747477854, "boundary_trend": 1, "trend_ou": 0.09464531439791878, "reversion_strength": {"s1": 0.002645480578274048, "m1": 0.009447304871809989, "m5": 0.011715152974709363, "h1": 0.04320287271163793, "d1": 0.05}}, "MSFT": {"p": 133.564853667797, "d1_open": 137.08846618531726, "h1_open": 133.29083440032448, "m5_open": 134.2087558528954, "m1_open": 133.8048875169532, "band": {"m1": 0.0018933170310748665, "m5": 0.004797765846247524, "h1": 0.01053568317477826, "d1": 0.033729298522854334}, "garch_variance": 2.962208181011847e-06, "prev_return": -0.001288444811071465, "boundary_trend": 1, "trend_ou": 0.004117874366866135, "reversion_strength": {"s1": 0.00502554902391116, "m1": 0.0038098335627198736, "m5": 0.0032918974962767448, "h1": 0.046518504108642444, "d1": 0.05}}, "NVDA": {"p": 77.4249237934792, "d1_open": 77.58920212535816, "h1_open": 77.08644892077346, "m5_open": 77.42569195581346, "m1_open": 77.29101068714849, "band": {"m1": 0.0017325831961593134, "m5": 0.004474295243207659, "h1": 0.009539652029498276, "d1": 0.029459704393606505}, "garch_variance": 1.8496608323702318e-06, "prev_return": 0.003465169859621629, "boundary_trend": -1, "trend_ou": 0.25462645531885914, "reversion_strength": {"s1": 0.0011925680738830492, "m1": 0.020956231791063703, "m5": 0.022867711633453934, "h1": 0.013888096527728985, "d1": 0.05}}}