{"AAPL": {"p": 57.35288537332397, "d1_open": 58.881026803928506, "h1_open": 57.95099828715578, "m5_open": 57.5644145128643, "m1_open": 57.458489461013464, "band": {"m1": 0.0018586745220168436, "m5": 0.004728049141599122, "h1": 0.01032101139773416, "d1": 0.03280908496996885}, "garch_variance": 5.223754801676231e-06, "prev_return": -0.003696560035377291, "boundary_trend": 1, "trend_ou": -0.19386498206935615, "reversion_strength": {"s1": 0.008338960049529932, "m1": 0.001351140996985631, "m5": 0.013839264509730786, "h1": 0.04009322855887123, "d1": 0.05}}, "GOOG": {"p": 115.63267635543137, "d1_open": 119.02146768303125, "h1_open": 116.73471203161151, "m5_open": 115.61859754809805, "m1_open": 115.62493603051368, "band": {"m1": 0.0017165848557092406, "m5": 0.004442099204111466, "h1": 0.009440513939690136, "d1": 0.029034738358924228}, "garch_variance": 2.7877457239378916e-06, "prev_return": 0.0, "boundary_trend": 1, "trend_ou": -0.09493317684171865, "reversion_strength": {"s1": 0.0062823601171641975, "m1": 0.013292119646085305, "m5": 0.03312992683192555, "h1": 0.04623311401955329, "d1": 0.05}}, "AMZN": {"p": 156.39793112029488, "d1_open": 158.98498094367304, "h1_open": 155.272478808972, "m5_open": 155.83652786619996, "m1_open": 156.13287230919215, "band": {"m1": 0.0019132174118005837, "m5": 0.004837814589920271, "h1": 0.010659001323792482, "d1": 0.03425791496979569}, "garch_variance": 5.653777609975431e-06, "prev_return": -0.00021517994165599056, "boundary_trend": -1, "trend_ou": 0.09018756361105976, "reversion_strength": {"s1": 0.002645480578274048, "m1": 0.009447304871809989, "m5": 0.011715152974709363, "h1": 0.04320287271163793, "d1": 0.05}}, "MSFT": {"p": 132.70013472207484, "d1_open": 137.08846618531726, "h1_open": 133.13886604045118, "m5_open": 133.10934659841362, "m1_open": 132.863055424383, "band": {"m1": 0.001828627645683296, "m5": 0.004667580969405115, "h1": 0.010134817715101547, "d1": 0.03201094581735454}, "garch_variance": 3.3805265093878924e-06, "prev_return": -0.003053940462038541, "boundary_trend": 1, "trend_ou": -0.035480617621799417, "reversion_strength": {"s1": 0.00502554902391116, "m1": 0.0038098335627198736, "m5": 0.0032918974962767448, "h1": 0.046518504108642444, "d1": 0.05}}, "NVDA": {"p": 77.69275494112861, "d1_open": 77.58920212535816, "h1_open": 77.04681052606045, "m5_open": 77.72310624084193, "m1_open": 77.71995035958746, "band": {"m1": 0.0015976039500608977, "m5": 0.004202654750362702, "h1": 0.008703216233941801, "d1": 0.02587423281561004}, "garch_variance": 2.036945882507322e-06, "prev_return": 0.001248904704590914, "boundary_trend": 0, "trend_ou": 0.2447899552591828, "reversion_strength": {"s1": 0.0011925680738830492, "m1": 0.020956231791063703, "m5": 0.022867711633453934, "h1": 0.013888096527728985, "d1": 0.05}}}