{"AAPL": {"p": 57.34391814870843, "d1_open": 58.881026803928506, "h1_open": 57.95099828715578, "m5_open": 57.34348891392542, "m1_open": 57.471289244896575, "band": {"m1": 0.002216256114342404, "m5": 0.005447668214747436, "h1": 0.01253686348091372, "d1": 0.04230757213119673}, "garch_variance": 7.91114015098693e-06, "prev_return": 0.0, "boundary_trend": 1, "trend_ou": -0.18822275636211677, "reversion_strength": {"s1": 0.008338960049529932, "m1": 0.001351140996985631, "m5": 0.013839264509730786, "h1": 0.04009322855887123, "d1": 0.05}}, "GOOG": {"p": 115.83524403328848, "d1_open": 119.02146768303125, "h1_open": 116.73471203161151, "m5_open": 115.79600430654979, "m1_open": 115.63314219661432, "band": {"m1": 0.0017477846993944216, "m5": 0.004504887678342156, "h1": 0.009633852299685303, "d1": 0.02986350393588993}, "garch_variance": 2.829567366165113e-06, "prev_return": 0.0, "boundary_trend": -1, "trend_ou": -0.09591674652404557, "reversion_strength": {"s1": 0.0062823601171641975, "m1": 0.013292119646085305, "m5": 0.03312992683192555, "h1": 0.04623311401955329, "d1": 0.05}}, "AMZN": {"p": 155.09472284299179, "d1_open": 158.98498094367304, "h1_open": 155.272478808972, "m5_open": 154.86662339316624, "m1_open": 154.82555639483382, "band": {"m1": 0.0017696922621891343, "m5": 0.004548975798009446, "h1": 0.009769608501061167, "d1": 0.03044543742577136}, "garch_variance": 3.429246131142482e-06, "prev_return": 0.0035082648788031584, "boundary_trend": 0, "trend_ou": 0.1034811803269996, "reversion_strength": {"s1": 0.002645480578274048, "m1": 0.009447304871809989, "m5": 0.011715152974709363, "h1": 0.04320287271163793, "d1": 0.05}}, "MSFT": {"p": 133.31926848837003, "d1_open": 137.08846618531726, "h1_open": 133.13886604045118, "m5_open": 133.44595369429956, "m1_open": 133.1996967926563, "band": {"m1": 0.0018410413730747502, "m5": 0.004692563113876413, "h1": 0.010211742770223882, "d1": 0.03234069330095362}, "garch_variance": 3.944585686782803e-06, "prev_return": 0.0027400229389323684, "boundary_trend": 0, "trend_ou": -0.014546307363957497, "reversion_strength": {"s1": 0.00502554902391116, "m1": 0.0038098335627198736, "m5": 0.0032918974962767448, "h1": 0.046518504108642444, "d1": 0.05}}, "NVDA": {"p": 77.67319967055586, "d1_open": 77.58920212535816, "h1_open": 77.04681052606045, "m5_open": 77.58450323426142, "m1_open": 77.71536323995338, "band": {"m1": 0.0016730196309819804, "m5": 0.004354425880560778, "h1": 0.009170550115942193, "d1": 0.027877509528836296}, "garch_variance": 2.2230605770202335e-06, "prev_return": -0.0010316447036305193, "boundary_trend": -1, "trend_ou": 0.2513970412895542, "reversion_strength": {"s1": 0.0011925680738830492, "m1": 0.020956231791063703, "m5": 0.022867711633453934, "h1": 0.013888096527728985, "d1": 0.05}}}