{"AAPL": {"p": 83.75605672383873, "d1_open": 81.94143766685488, "h1_open": 83.16511765564458, "m5_open": 83.58864617814717, "m1_open": 83.58864617814717, "band": {"m1": 0.0020027904906459028, "m5": 0.005018076933847146, "h1": 0.011214065392010796, "d1": 0.03663725651775015}, "garch_variance": 3.219907431611365e-06, "prev_return": 0.0, "boundary_trend": -1, "trend_ou": -0.14485995410323907, "reversion_strength": {"s1": 0.008338960049529932, "m1": 0.001351140996985631, "m5": 0.013839264509730786, "h1": 0.04009322855887123, "d1": 0.05}}, "GOOG": {"p": 151.68027343120175, "d1_open": 151.7016903651911, "h1_open": 152.3937591816353, "m5_open": 151.3456365239431, "m1_open": 151.3456365239431, "band": {"m1": 0.0022110773388944187, "m5": 0.005437246130199723, "h1": 0.012504771783211648, "d1": 0.042170007633584715}, "garch_variance": 4.552789518376299e-06, "prev_return": 0.004422161884246126, "boundary_trend": -1, "trend_ou": -0.07873774365352088, "reversion_strength": {"s1": 0.0062823601171641975, "m1": 0.013292119646085305, "m5": 0.03312992683192555, "h1": 0.04623311401955329, "d1": 0.05}}, "AMZN": {"p": 170.42997652560683, "d1_open": 165.13593115049974, "h1_open": 168.6793807914225, "m5_open": 170.40640269154596, "m1_open": 170.40640269154596, "band": {"m1": 0.002002614558803376, "m5": 0.005017722877843779, "h1": 0.011212975182256918, "d1": 0.03663258321693334}, "garch_variance": 3.984553542245234e-06, "prev_return": 0.002142951803150987, "boundary_trend": 0, "trend_ou": 0.025312659839178055, "reversion_strength": {"s1": 0.002645480578274048, "m1": 0.009447304871809989, "m5": 0.011715152974709363, "h1": 0.04320287271163793, "d1": 0.05}}, "MSFT": {"p": 161.23716613698681, "d1_open": 158.81978513575737, "h1_open": 159.9210688610481, "m5_open": 160.96181329992777, "m1_open": 160.96181329992777, "band": {"m1": 0.0017106718134812864, "m5": 0.004430199436173487, "h1": 0.009403872157171275, "d1": 0.02887766943565906}, "garch_variance": 2.378903565605062e-06, "prev_return": 0.0018863822806553133, "boundary_trend": -1, "trend_ou": 0.12663984199989142, "reversion_strength": {"s1": 0.00502554902391116, "m1": 0.0038098335627198736, "m5": 0.0032918974962767448, "h1": 0.046518504108642444, "d1": 0.05}}, "NVDA": {"p": 99.81685182338218, "d1_open": 100.31090827320226, "h1_open": 98.94100541546996, "m5_open": 99.63721065145782, "m1_open": 99.63721065145782, "band": {"m1": 0.001802952639378528, "m5": 0.004615911015926937, "h1": 0.009975715520170125, "d1": 0.03132893722691163}, "garch_variance": 2.160468934517834e-06, "prev_return": 0.0022396569350574985, "boundary_trend": -1, "trend_ou": -0.06446515462798622, "reversion_strength": {"s1": 0.0011925680738830492, "m1": 0.020956231791063703, "m5": 0.022867711633453934, "h1": 0.013888096527728985, "d1": 0.05}}}