{"AAPL": {"p": 84.00156816642209, "d1_open": 81.94143766685488, "h1_open": 83.16511765564458, "m5_open": 83.58864617814717, "m1_open": 83.9167249158196, "band": {"m1": 0.0019639585352026496, "m5": 0.0049399291309838245, "h1": 0.010973432565238974, "d1": 0.035605758146079775}, "garch_variance": 3.980965440744738e-06, "prev_return": 0.0029764198862737927, "boundary_trend": -1, "trend_ou": -0.15196196825650526, "reversion_strength": {"s1": 0.008338960049529932, "m1": 0.001351140996985631, "m5": 0.013839264509730786, "h1": 0.04009322855887123, "d1": 0.05}}, "GOOG": {"p": 151.78209401164045, "d1_open": 151.7016903651911, "h1_open": 152.3937591816353, "m5_open": 151.3456365239431, "m1_open": 151.45187601757928, "band": {"m1": 0.0021803493145429163, "m5": 0.005375407174061918, "h1": 0.012314357180691288, "d1": 0.04135377505602263}, "garch_variance": 4.942863565610381e-06, "prev_return": 0.0, "boundary_trend": -1, "trend_ou": -0.07747687893187359, "reversion_strength": {"s1": 0.0062823601171641975, "m1": 0.013292119646085305, "m5": 0.03312992683192555, "h1": 0.04623311401955329, "d1": 0.05}}, "AMZN": {"p": 170.27739001094693, "d1_open": 165.13593115049974, "h1_open": 168.6793807914225, "m5_open": 170.40640269154596, "m1_open": 170.13288010455818, "band": {"m1": 0.001963689366924555, "m5": 0.0049393874402733386, "h1": 0.010971764590425554, "d1": 0.035598608193485565}, "garch_variance": 2.9859072219871702e-06, "prev_return": -0.0011127300347692987, "boundary_trend": -1, "trend_ou": 0.025710563734016666, "reversion_strength": {"s1": 0.002645480578274048, "m1": 0.009447304871809989, "m5": 0.011715152974709363, "h1": 0.04320287271163793, "d1": 0.05}}, "MSFT": {"p": 160.6748953010412, "d1_open": 158.81978513575737, "h1_open": 159.9210688610481, "m5_open": 160.96181329992777, "m1_open": 160.3854980625347, "band": {"m1": 0.0018043853216308959, "m5": 0.004618794233342743, "h1": 0.009984593527376252, "d1": 0.031366993755190205}, "garch_variance": 2.7435719366408204e-06, "prev_return": 0.0, "boundary_trend": -1, "trend_ou": 0.12421521876192702, "reversion_strength": {"s1": 0.00502554902391116, "m1": 0.0038098335627198736, "m5": 0.0032918974962767448, "h1": 0.046518504108642444, "d1": 0.05}}, "NVDA": {"p": 99.94635487698208, "d1_open": 100.31090827320226, "h1_open": 98.94100541546996, "m5_open": 99.63721065145782, "m1_open": 99.9412973066542, "band": {"m1": 0.0018328689497404058, "m5": 0.004676116429171563, "h1": 0.010161100115068567, "d1": 0.032123608138340684}, "garch_variance": 2.860177646329939e-06, "prev_return": 0.00188515483891812, "boundary_trend": -1, "trend_ou": -0.059106599387704926, "reversion_strength": {"s1": 0.0011925680738830492, "m1": 0.020956231791063703, "m5": 0.022867711633453934, "h1": 0.013888096527728985, "d1": 0.05}}}