{"AAPL": {"p": 89.59503732120861, "d1_open": 87.95021220263737, "h1_open": 89.17288531883615, "m5_open": 89.59307540712173, "m1_open": 89.59307540712173, "reversion_strength": {"s1": 0.008338960049529932, "m1": 0.001351140996985631, "m5": 0.013839264509730786, "h1": 0.04009322855887123, "d1": 0.05}, "garch_variance": 1.178142535148467e-06, "prev_return": 2.1897815174006988e-05, "boundary_trend": -1}, "GOOG": {"p": 174.85448491114656, "d1_open": 175.76656301755804, "h1_open": 176.0396410021823, "m5_open": 175.18765561019197, "m1_open": 175.18765561019197, "reversion_strength": {"s1": 0.0062823601171641975, "m1": 0.013292119646085305, "m5": 0.03312992683192555, "h1": 0.04623311401955329, "d1": 0.05}, "garch_variance": 1.9353644630130342e-06, "prev_return": -0.0019036039441344907, "boundary_trend": 0}, "AMZN": {"p": 167.51095952557606, "d1_open": 169.8941041712876, "h1_open": 162.3870609310141, "m5_open": 167.42766266799555, "m1_open": 167.42766266799555, "reversion_strength": {"s1": 0.002645480578274048, "m1": 0.009447304871809989, "m5": 0.011715152974709363, "h1": 0.04320287271163793, "d1": 0.05}, "garch_variance": 1.4807797898156706e-06, "prev_return": 0.0004973858120765238, "boundary_trend": 0}, "MSFT": {"p": 164.5096790537016, "d1_open": 164.41906387237157, "h1_open": 164.33550431317852, "m5_open": 164.15736081413894, "m1_open": 164.15736081413894, "reversion_strength": {"s1": 0.00502554902391116, "m1": 0.0038098335627198736, "m5": 0.0032918974962767448, "h1": 0.046518504108642444, "d1": 0.05}, "garch_variance": 2.687371579085495e-06, "prev_return": 0.002143922765447253, "boundary_trend": 0}, "NVDA": {"p": 98.38050391470505, "d1_open": 97.6331941946038, "h1_open": 98.01165686841159, "m5_open": 98.49327490530693, "m1_open": 98.49327490530693, "reversion_strength": {"s1": 0.0011925680738830492, "m1": 0.020956231791063703, "m5": 0.022867711633453934, "h1": 0.013888096527728985, "d1": 0.05}, "garch_variance": 1.4880860893982095e-06, "prev_return": -0.00114561729460927, "boundary_trend": 0}}