{"AAPL": {"p": 89.48301816065192, "d1_open": 87.95021220263737, "h1_open": 90.36175952352136, "m5_open": 89.17259750189662, "m1_open": 89.17259750189662, "band": {"m1": 0.0034811216388385942, "m5": 0.007980699800650089, "h1": 0.016178175105486896, "d1": 0.04934323011212662}, "garch_variance": 4.971959135824566e-06, "prev_return": 0.0, "boundary_trend": -1, "trend_ou": 0.07170663747801667, "reversion_strength": {"s1": 0.008338960049529932, "m1": 0.001351140996985631, "m5": 0.013839264509730786, "h1": 0.04009322855887123, "d1": 0.05}}, "GOOG": {"p": 176.2547932386902, "d1_open": 175.76656301755804, "h1_open": 175.77288560235982, "m5_open": 177.10766678773925, "m1_open": 177.10766678773925, "band": {"m1": 0.004815565381882542, "m5": 0.010666216030086067, "h1": 0.024447420534702738, "d1": 0.08479023586611315}, "garch_variance": 2.3434694353760988e-05, "prev_return": 0.0, "boundary_trend": 1, "trend_ou": -0.010614992505465333, "reversion_strength": {"s1": 0.0062823601171641975, "m1": 0.013292119646085305, "m5": 0.03312992683192555, "h1": 0.04623311401955329, "d1": 0.05}}, "AMZN": {"p": 169.93304921561295, "d1_open": 169.8941041712876, "h1_open": 168.9021703391811, "m5_open": 169.84815979716566, "m1_open": 169.84815979716566, "band": {"m1": 0.003564690274896964, "m5": 0.0081488784365622, "h1": 0.016696031002637834, "d1": 0.051563074851670866}, "garch_variance": 6.40798721869162e-06, "prev_return": -0.0030586807546741195, "boundary_trend": -1, "trend_ou": 0.070142136237482, "reversion_strength": {"s1": 0.002645480578274048, "m1": 0.009447304871809989, "m5": 0.011715152974709363, "h1": 0.04320287271163793, "d1": 0.05}}, "MSFT": {"p": 161.16465472949938, "d1_open": 164.41906387237157, "h1_open": 160.00715142749434, "m5_open": 161.00401406120514, "m1_open": 161.00401406120514, "band": {"m1": 0.0034438976411153618, "m5": 0.00790578795027699, "h1": 0.015947506428268747, "d1": 0.048354444134179}, "garch_variance": 4.591860506711277e-06, "prev_return": 0.004447087342528058, "boundary_trend": 0, "trend_ou": -0.0021085925160567454, "reversion_strength": {"s1": 0.00502554902391116, "m1": 0.0038098335627198736, "m5": 0.0032918974962767448, "h1": 0.046518504108642444, "d1": 0.05}}, "NVDA": {"p": 101.84406931483602, "d1_open": 97.6331941946038, "h1_open": 100.4340456706556, "m5_open": 101.78597305952917, "m1_open": 101.78597305952917, "band": {"m1": 0.0037361283476911593, "m5": 0.008493890902791642, "h1": 0.01775839388397834, "d1": 0.056117007068345874}, "garch_variance": 8.55183917298168e-06, "prev_return": -0.0031585604054408752, "boundary_trend": -1, "trend_ou": 0.042788635056634175, "reversion_strength": {"s1": 0.0011925680738830492, "m1": 0.020956231791063703, "m5": 0.022867711633453934, "h1": 0.013888096527728985, "d1": 0.05}}}