{"AAPL": {"p": 90.03319963449411, "d1_open": 87.95021220263737, "h1_open": 90.06205021135978, "m5_open": 90.06205021135978, "m1_open": 90.02569364187018, "reversion_strength": {"s1": 0.008338960049529932, "m1": 0.001351140996985631, "m5": 0.013839264509730786, "h1": 0.04009322855887123, "d1": 0.05}, "garch_variance": 1.4411593980042125e-06, "prev_return": 8.33726398257385e-05, "boundary_trend": 0}, "GOOG": {"p": 182.03858692048718, "d1_open": 175.76656301755804, "h1_open": 182.2768621595806, "m5_open": 182.2768621595806, "m1_open": 182.13798161383997, "reversion_strength": {"s1": 0.0062823601171641975, "m1": 0.013292119646085305, "m5": 0.03312992683192555, "h1": 0.04623311401955329, "d1": 0.05}, "garch_variance": 4.96910975655844e-06, "prev_return": -0.0005458599174615543, "boundary_trend": 0}, "AMZN": {"p": 170.04399953942297, "d1_open": 169.8941041712876, "h1_open": 170.28724881804374, "m5_open": 170.28724881804374, "m1_open": 170.01684623095753, "reversion_strength": {"s1": 0.002645480578274048, "m1": 0.009447304871809989, "m5": 0.011715152974709363, "h1": 0.04320287271163793, "d1": 0.05}, "garch_variance": 2.6311721887754364e-06, "prev_return": 0.00015969676521649284, "boundary_trend": 0}, "MSFT": {"p": 161.1520478070324, "d1_open": 164.41906387237157, "h1_open": 161.08021439952043, "m5_open": 161.08021439952043, "m1_open": 161.28454331833942, "reversion_strength": {"s1": 0.00502554902391116, "m1": 0.0038098335627198736, "m5": 0.0032918974962767448, "h1": 0.046518504108642444, "d1": 0.05}, "garch_variance": 3.0340686851190366e-06, "prev_return": -0.0008218392230365966, "boundary_trend": 0}, "NVDA": {"p": 98.43234550485352, "d1_open": 97.6331941946038, "h1_open": 98.64308364945421, "m5_open": 98.64308364945421, "m1_open": 98.32009927438324, "reversion_strength": {"s1": 0.0011925680738830492, "m1": 0.020956231791063703, "m5": 0.022867711633453934, "h1": 0.013888096527728985, "d1": 0.05}, "garch_variance": 1.5181909654846412e-06, "prev_return": 0.0011409895594802547, "boundary_trend": 0}}