{"AAPL": {"p": 58.29100294546649, "d1_open": 58.881026803928506, "h1_open": 58.1428595806997, "m5_open": 58.14419521222946, "m1_open": 58.40320011108553, "band": {"m1": 0.0021747601343890793, "m5": 0.0053641591659756935, "h1": 0.012279722298043668, "d1": 0.04120530892389391}, "garch_variance": 4.319941232677807e-06, "prev_return": 0.00025420164575805913, "boundary_trend": 1, "trend_ou": -0.17619274193297194, "reversion_strength": {"s1": 0.008338960049529932, "m1": 0.001351140996985631, "m5": 0.013839264509730786, "h1": 0.04009322855887123, "d1": 0.05}}, "GOOG": {"p": 117.98920394338295, "d1_open": 119.02146768303125, "h1_open": 117.50203204488679, "m5_open": 118.2538593325105, "m1_open": 118.25543930101418, "band": {"m1": 0.0022513582394594308, "m5": 0.005518309878872173, "h1": 0.012754383394505294, "d1": 0.043239994526285616}, "garch_variance": 6.631823356798563e-06, "prev_return": 0.0, "boundary_trend": 1, "trend_ou": -0.12946392957055156, "reversion_strength": {"s1": 0.0062823601171641975, "m1": 0.013292119646085305, "m5": 0.03312992683192555, "h1": 0.04623311401955329, "d1": 0.05}}, "AMZN": {"p": 156.282852588253, "d1_open": 158.98498094367304, "h1_open": 156.14714668241675, "m5_open": 156.82249662204018, "m1_open": 156.55596542211427, "band": {"m1": 0.0017445060820574653, "m5": 0.004498289588228275, "h1": 0.009613535451133914, "d1": 0.029776413589658386}, "garch_variance": 1.9775323353418686e-06, "prev_return": 0.0, "boundary_trend": 1, "trend_ou": 0.09772624417849161, "reversion_strength": {"s1": 0.002645480578274048, "m1": 0.009447304871809989, "m5": 0.011715152974709363, "h1": 0.04320287271163793, "d1": 0.05}}, "MSFT": {"p": 132.73185294650463, "d1_open": 137.08846618531726, "h1_open": 134.15426905759884, "m5_open": 133.05274900565777, "m1_open": 133.0168295954621, "band": {"m1": 0.0021424104741042623, "m5": 0.005299056730474405, "h1": 0.012079258785181965, "d1": 0.04034600061641911}, "garch_variance": 4.593004845107039e-06, "prev_return": 0.0, "boundary_trend": 1, "trend_ou": -0.0083666225690762, "reversion_strength": {"s1": 0.00502554902391116, "m1": 0.0038098335627198736, "m5": 0.0032918974962767448, "h1": 0.046518504108642444, "d1": 0.05}}, "NVDA": {"p": 77.29577416612418, "d1_open": 77.58920212535816, "h1_open": 76.70225877457747, "m5_open": 77.35420689851543, "m1_open": 77.4316990609683, "band": {"m1": 0.0017554166638795148, "m5": 0.004520246710593635, "h1": 0.009681145853844683, "d1": 0.03006623281856296}, "garch_variance": 1.7259050156917468e-06, "prev_return": -0.000694393343783836, "boundary_trend": 1, "trend_ou": 0.23443236038640639, "reversion_strength": {"s1": 0.0011925680738830492, "m1": 0.020956231791063703, "m5": 0.022867711633453934, "h1": 0.013888096527728985, "d1": 0.05}}}