{"AAPL": {"p": 88.95511446275567, "d1_open": 87.95021220263737, "h1_open": 88.46025421232386, "m5_open": 88.78974935634513, "m1_open": 88.95051413280851, "reversion_strength": {"s1": 0.008338960049529932, "m1": 0.001351140996985631, "m5": 0.013839264509730786, "h1": 0.04009322855887123, "d1": 0.05}, "garch_variance": 1.2287587124743718e-06, "prev_return": 5.171651942116082e-05, "boundary_trend": 0}, "GOOG": {"p": 176.3587507436229, "d1_open": 175.76656301755804, "h1_open": 171.25338368742615, "m5_open": 173.84821750877873, "m1_open": 176.66638202248586, "reversion_strength": {"s1": 0.0062823601171641975, "m1": 0.013292119646085305, "m5": 0.03312992683192555, "h1": 0.04623311401955329, "d1": 0.05}, "garch_variance": 1.3218277786993853e-06, "prev_return": -0.001742829777135475, "boundary_trend": 0}, "AMZN": {"p": 166.50640652028272, "d1_open": 169.8941041712876, "h1_open": 168.5021874081404, "m5_open": 166.64707079229854, "m1_open": 166.34691262141064, "reversion_strength": {"s1": 0.002645480578274048, "m1": 0.009447304871809989, "m5": 0.011715152974709363, "h1": 0.04320287271163793, "d1": 0.05}, "garch_variance": 2.227077612463314e-06, "prev_return": 0.0009583435219468867, "boundary_trend": 0}, "MSFT": {"p": 164.77404611158846, "d1_open": 164.41906387237157, "h1_open": 164.11163536945244, "m5_open": 164.98286172730414, "m1_open": 164.68143169073852, "reversion_strength": {"s1": 0.00502554902391116, "m1": 0.0038098335627198736, "m5": 0.0032918974962767448, "h1": 0.046518504108642444, "d1": 0.05}, "garch_variance": 1.1783221307869724e-06, "prev_return": 0.0005622272478657231, "boundary_trend": 1}, "NVDA": {"p": 96.01162253439173, "d1_open": 97.6331941946038, "h1_open": 97.10451824378742, "m5_open": 96.14276652925055, "m1_open": 96.12625964270342, "reversion_strength": {"s1": 0.0011925680738830492, "m1": 0.020956231791063703, "m5": 0.022867711633453934, "h1": 0.013888096527728985, "d1": 0.05}, "garch_variance": 1.3138766830030682e-06, "prev_return": -0.0011932797490588785, "boundary_trend": 1}}