{"AAPL": {"p": 87.96655935635725, "d1_open": 87.95021220263737, "h1_open": 87.95021220263737, "m5_open": 88.00591679345318, "m1_open": 87.98051690086939, "reversion_strength": {"s1": 0.008338960049529932, "m1": 0.001351140996985631, "m5": 0.013839264509730786, "h1": 0.04009322855887123, "d1": 0.05}, "garch_variance": 1.230234614634979e-06, "prev_return": -0.00015865616909726583, "boundary_trend": 1}, "GOOG": {"p": 177.56869921633844, "d1_open": 175.76656301755804, "h1_open": 175.76656301755804, "m5_open": 177.30819034043165, "m1_open": 177.7337135813278, "reversion_strength": {"s1": 0.0062823601171641975, "m1": 0.013292119646085305, "m5": 0.03312992683192555, "h1": 0.04623311401955329, "d1": 0.05}, "garch_variance": 1.1457502839157238e-06, "prev_return": -0.0009288671898087787, "boundary_trend": 0}, "AMZN": {"p": 172.3220773475959, "d1_open": 169.8941041712876, "h1_open": 169.8941041712876, "m5_open": 172.37023541192366, "m1_open": 172.31954233370416, "reversion_strength": {"s1": 0.002645480578274048, "m1": 0.009447304871809989, "m5": 0.011715152974709363, "h1": 0.04320287271163793, "d1": 0.05}, "garch_variance": 1.4167486857778086e-06, "prev_return": 1.4711014265364796e-05, "boundary_trend": 0}, "MSFT": {"p": 164.63986101739079, "d1_open": 164.41906387237157, "h1_open": 164.41906387237157, "m5_open": 164.54421881432395, "m1_open": 164.71893807389145, "reversion_strength": {"s1": 0.00502554902391116, "m1": 0.0038098335627198736, "m5": 0.0032918974962767448, "h1": 0.046518504108642444, "d1": 0.05}, "garch_variance": 1.0847942157499497e-06, "prev_return": -0.00048018791809000243, "boundary_trend": -1}, "NVDA": {"p": 98.48020650376924, "d1_open": 97.6331941946038, "h1_open": 97.6331941946038, "m5_open": 98.40190257995818, "m1_open": 98.4155614352879, "reversion_strength": {"s1": 0.0011925680738830492, "m1": 0.020956231791063703, "m5": 0.022867711633453934, "h1": 0.013888096527728985, "d1": 0.05}, "garch_variance": 1.1058565098024993e-06, "prev_return": 0.0006566425625171694, "boundary_trend": 0}}