{"AAPL": {"p": 57.5644145128643, "d1_open": 58.881026803928506, "h1_open": 57.95099828715578, "m5_open": 57.45893584602888, "m1_open": 57.45800138965498, "band": {"m1": 0.0018520157442942393, "m5": 0.004714648609927798, "h1": 0.01027974846137297, "d1": 0.03263220697606461}, "garch_variance": 3.4977450279215222e-06, "prev_return": 0.0036397268394833646, "boundary_trend": -1, "trend_ou": -0.1903343451686647, "reversion_strength": {"s1": 0.008338960049529932, "m1": 0.001351140996985631, "m5": 0.013839264509730786, "h1": 0.04009322855887123, "d1": 0.05}}, "GOOG": {"p": 115.61859754809805, "d1_open": 119.02146768303125, "h1_open": 116.73471203161151, "m5_open": 115.7971199061789, "m1_open": 115.77082169354962, "band": {"m1": 0.0017360474279336975, "m5": 0.004481266875171263, "h1": 0.009561119088649624, "d1": 0.029551725240704665}, "garch_variance": 3.218611390856076e-06, "prev_return": 0.0, "boundary_trend": 1, "trend_ou": -0.08908697777232899, "reversion_strength": {"s1": 0.0062823601171641975, "m1": 0.013292119646085305, "m5": 0.03312992683192555, "h1": 0.04623311401955329, "d1": 0.05}}, "AMZN": {"p": 155.83652786619996, "d1_open": 158.98498094367304, "h1_open": 155.272478808972, "m5_open": 155.90065953745932, "m1_open": 155.542943820652, "band": {"m1": 0.0018874790352847945, "m5": 0.004786017106352461, "h1": 0.010499506438025972, "d1": 0.03357422306805067}, "garch_variance": 6.271969156307373e-06, "prev_return": 0.0, "boundary_trend": -1, "trend_ou": 0.09251352784858707, "reversion_strength": {"s1": 0.002645480578274048, "m1": 0.009447304871809989, "m5": 0.011715152974709363, "h1": 0.04320287271163793, "d1": 0.05}}, "MSFT": {"p": 133.10934659841362, "d1_open": 137.08846618531726, "h1_open": 133.13886604045118, "m5_open": 133.51294943142068, "m1_open": 132.95453598230452, "band": {"m1": 0.0018677394243378446, "m5": 0.004746291905618361, "h1": 0.010377184542892935, "d1": 0.033049877170019865}, "garch_variance": 4.085385282377498e-06, "prev_return": -0.0005222705628881007, "boundary_trend": -1, "trend_ou": -0.039597277798853116, "reversion_strength": {"s1": 0.00502554902391116, "m1": 0.0038098335627198736, "m5": 0.0032918974962767448, "h1": 0.046518504108642444, "d1": 0.05}}, "NVDA": {"p": 77.72310624084193, "d1_open": 77.58920212535816, "h1_open": 77.04681052606045, "m5_open": 77.61915011524692, "m1_open": 77.72697185130649, "band": {"m1": 0.0016096277501809746, "m5": 0.004226852181337427, "h1": 0.008777724998138897, "d1": 0.026193622609494448}, "garch_variance": 2.0319555690010108e-06, "prev_return": 0.0015611901633591993, "boundary_trend": -1, "trend_ou": 0.2496299054241706, "reversion_strength": {"s1": 0.0011925680738830492, "m1": 0.020956231791063703, "m5": 0.022867711633453934, "h1": 0.013888096527728985, "d1": 0.05}}}