{"AAPL": {"p": 83.5831272503324, "d1_open": 81.94143766685488, "h1_open": 83.16511765564458, "m5_open": 83.5595708993371, "m1_open": 83.42317836277076, "band": {"m1": 0.0019173195112045468, "m5": 0.004846069905726223, "h1": 0.010684421104074141, "d1": 0.03436687957915721}, "garch_variance": 2.4715335873753096e-06, "prev_return": 0.0007258962064070992, "boundary_trend": -1, "trend_ou": -0.15434064247649873, "reversion_strength": {"s1": 0.008338960049529932, "m1": 0.001351140996985631, "m5": 0.013839264509730786, "h1": 0.04009322855887123, "d1": 0.05}}, "GOOG": {"p": 152.60926836701512, "d1_open": 151.7016903651911, "h1_open": 152.3937591816353, "m5_open": 152.1051864077733, "m1_open": 152.30502889396803, "band": {"m1": 0.001997566825314151, "m5": 0.00500756451015099, "h1": 0.011181695521873139, "d1": 0.03649849960421466}, "garch_variance": 2.671663006273165e-06, "prev_return": 0.0009643123563621306, "boundary_trend": -1, "trend_ou": -0.09087783896368277, "reversion_strength": {"s1": 0.0062823601171641975, "m1": 0.013292119646085305, "m5": 0.03312992683192555, "h1": 0.04623311401955329, "d1": 0.05}}, "AMZN": {"p": 169.21374692190642, "d1_open": 165.13593115049974, "h1_open": 168.6793807914225, "m5_open": 169.16229817128644, "m1_open": 169.1495471138321, "band": {"m1": 0.002138994748326144, "m5": 0.005292182714945272, "h1": 0.012058092306695785, "d1": 0.040255268240519324}, "garch_variance": 3.2319766159492043e-06, "prev_return": 0.002520758320449684, "boundary_trend": 0, "trend_ou": 0.022160733937322586, "reversion_strength": {"s1": 0.002645480578274048, "m1": 0.009447304871809989, "m5": 0.011715152974709363, "h1": 0.04320287271163793, "d1": 0.05}}, "MSFT": {"p": 160.63290979464585, "d1_open": 158.81978513575737, "h1_open": 159.9210688610481, "m5_open": 160.29761981917923, "m1_open": 160.9594095939727, "band": {"m1": 0.002028460468079885, "m5": 0.005069736766918088, "h1": 0.011373136424169728, "d1": 0.03731913152563281}, "garch_variance": 2.9520096878404307e-06, "prev_return": 0.0, "boundary_trend": 1, "trend_ou": 0.13029141545104278, "reversion_strength": {"s1": 0.00502554902391116, "m1": 0.0038098335627198736, "m5": 0.0032918974962767448, "h1": 0.046518504108642444, "d1": 0.05}}, "NVDA": {"p": 99.18958752287226, "d1_open": 100.31090827320226, "h1_open": 98.94100541546996, "m5_open": 98.89044186077668, "m1_open": 99.3880347174745, "band": {"m1": 0.0019966910017525093, "m5": 0.005005801949232876, "h1": 0.01117626824176361, "d1": 0.036475234987035546}, "garch_variance": 3.020746813086505e-06, "prev_return": -0.0019728597604512983, "boundary_trend": 1, "trend_ou": -0.09068659633475463, "reversion_strength": {"s1": 0.0011925680738830492, "m1": 0.020956231791063703, "m5": 0.022867711633453934, "h1": 0.013888096527728985, "d1": 0.05}}}