{"AAPL": {"p": 57.297247025052236, "d1_open": 58.881026803928506, "h1_open": 57.95099828715578, "m5_open": 57.36607864064074, "m1_open": 57.41612526002383, "band": {"m1": 0.0020704677376472734, "m5": 0.005154274766189743, "h1": 0.011633445952896353, "d1": 0.038434976186620846}, "garch_variance": 5.362144614025997e-06, "prev_return": -0.0016408842647551564, "boundary_trend": 1, "trend_ou": -0.1834217522341257, "reversion_strength": {"s1": 0.008338960049529932, "m1": 0.001351140996985631, "m5": 0.013839264509730786, "h1": 0.04009322855887123, "d1": 0.05}}, "GOOG": {"p": 115.71290518061964, "d1_open": 119.02146768303125, "h1_open": 116.73471203161151, "m5_open": 115.8144705098114, "m1_open": 115.91780589138051, "band": {"m1": 0.0017676379326301303, "m5": 0.0045448415395215385, "h1": 0.009756878286389738, "d1": 0.030390867997814448}, "garch_variance": 3.644548140808459e-06, "prev_return": 0.0, "boundary_trend": 1, "trend_ou": -0.10011945243907239, "reversion_strength": {"s1": 0.0062823601171641975, "m1": 0.013292119646085305, "m5": 0.03312992683192555, "h1": 0.04623311401955329, "d1": 0.05}}, "AMZN": {"p": 155.57680515835256, "d1_open": 158.98498094367304, "h1_open": 155.272478808972, "m5_open": 155.57368374848565, "m1_open": 155.2971939856048, "band": {"m1": 0.001800490823895259, "m5": 0.004610956707835152, "h1": 0.009960460207581108, "d1": 0.03126354369641956}, "garch_variance": 4.730209814911391e-06, "prev_return": 0.003600985538979501, "boundary_trend": -1, "trend_ou": 0.09402651078762637, "reversion_strength": {"s1": 0.002645480578274048, "m1": 0.009447304871809989, "m5": 0.011715152974709363, "h1": 0.04320287271163793, "d1": 0.05}}, "MSFT": {"p": 133.26617634733384, "d1_open": 137.08846618531726, "h1_open": 133.13886604045118, "m5_open": 133.26757568385742, "m1_open": 133.5137288743464, "band": {"m1": 0.0018541353694461415, "m5": 0.004718914273261623, "h1": 0.0102928832980346, "d1": 0.03268851085949727}, "garch_variance": 4.613330254387561e-06, "prev_return": -0.002987491515028721, "boundary_trend": 1, "trend_ou": -0.020208412649656483, "reversion_strength": {"s1": 0.00502554902391116, "m1": 0.0038098335627198736, "m5": 0.0032918974962767448, "h1": 0.046518504108642444, "d1": 0.05}}, "NVDA": {"p": 77.748742213781, "d1_open": 77.58920212535816, "h1_open": 77.04681052606045, "m5_open": 77.6806405787841, "m1_open": 77.75007910888161, "band": {"m1": 0.0016633222161269378, "m5": 0.004334910209621076, "h1": 0.009110457433966442, "d1": 0.02761991581463341}, "garch_variance": 2.519440390803993e-06, "prev_return": 0.0014870172962901179, "boundary_trend": -1, "trend_ou": 0.25054452175522596, "reversion_strength": {"s1": 0.0011925680738830492, "m1": 0.020956231791063703, "m5": 0.022867711633453934, "h1": 0.013888096527728985, "d1": 0.05}}}