{"AAPL": {"p": 58.0726975028649, "d1_open": 58.881026803928506, "h1_open": 57.95099828715578, "m5_open": 58.06760777946594, "m1_open": 58.06760777946594, "band": {"m1": 0.0017484997286746108, "m5": 0.004506326647010921, "h1": 0.009638283174076062, "d1": 0.02988249735329045}, "garch_variance": 2.7394950415196152e-06, "prev_return": -0.0016593250433374993, "boundary_trend": -1, "trend_ou": -0.19112673444366599, "reversion_strength": {"s1": 0.008338960049529932, "m1": 0.001351140996985631, "m5": 0.013839264509730786, "h1": 0.04009322855887123, "d1": 0.05}}, "GOOG": {"p": 116.09541593288259, "d1_open": 119.02146768303125, "h1_open": 116.73471203161151, "m5_open": 116.28318749453915, "m1_open": 116.28318749453915, "band": {"m1": 0.0016147782469876815, "m5": 0.00423721735621735, "h1": 0.008809641459510208, "d1": 0.026330435937815633}, "garch_variance": 2.7680562803396768e-06, "prev_return": 0.0, "boundary_trend": 1, "trend_ou": -0.10867629799895617, "reversion_strength": {"s1": 0.0062823601171641975, "m1": 0.013292119646085305, "m5": 0.03312992683192555, "h1": 0.04623311401955329, "d1": 0.05}}, "AMZN": {"p": 156.86091262165675, "d1_open": 158.98498094367304, "h1_open": 155.272478808972, "m5_open": 156.67397767554195, "m1_open": 156.67397767554195, "band": {"m1": 0.0018439838320695595, "m5": 0.004698484698376472, "h1": 0.010229976521717954, "d1": 0.0324188542286537}, "garch_variance": 4.340547682574615e-06, "prev_return": 0.0030381209343748375, "boundary_trend": -1, "trend_ou": 0.06668769080686665, "reversion_strength": {"s1": 0.002645480578274048, "m1": 0.009447304871809989, "m5": 0.011715152974709363, "h1": 0.04320287271163793, "d1": 0.05}}, "MSFT": {"p": 133.6468128221265, "d1_open": 137.08846618531726, "h1_open": 133.13886604045118, "m5_open": 133.6837640603729, "m1_open": 133.6837640603729, "band": {"m1": 0.0016168639395590777, "m5": 0.004241414731550178, "h1": 0.008822566023661129, "d1": 0.026385838465621477}, "garch_variance": 2.023498853324669e-06, "prev_return": -0.0018920042533873242, "boundary_trend": 0, "trend_ou": -0.043906472369081406, "reversion_strength": {"s1": 0.00502554902391116, "m1": 0.0038098335627198736, "m5": 0.0032918974962767448, "h1": 0.046518504108642444, "d1": 0.05}}, "NVDA": {"p": 77.35661017914397, "d1_open": 77.58920212535816, "h1_open": 77.04681052606045, "m5_open": 77.47707182694458, "m1_open": 77.47707182694458, "band": {"m1": 0.001554803827249513, "m5": 0.004116521164716265, "h1": 0.008437993573359202, "d1": 0.02473732748897123}, "garch_variance": 1.6349177314080127e-06, "prev_return": 0.0, "boundary_trend": 1, "trend_ou": 0.23092399785120174, "reversion_strength": {"s1": 0.0011925680738830492, "m1": 0.020956231791063703, "m5": 0.022867711633453934, "h1": 0.013888096527728985, "d1": 0.05}}}