{"AAPL": {"p": 89.06985738062446, "d1_open": 87.95021220263737, "h1_open": 89.17288531883615, "m5_open": 89.1300427860902, "m1_open": 89.04149047428123, "reversion_strength": {"s1": 0.008338960049529932, "m1": 0.001351140996985631, "m5": 0.013839264509730786, "h1": 0.04009322855887123, "d1": 0.05}, "garch_variance": 1.4159949500640761e-06, "prev_return": 0.00031853003106988904, "boundary_trend": 0}, "GOOG": {"p": 178.31563713752456, "d1_open": 175.76656301755804, "h1_open": 176.0396410021823, "m5_open": 179.9022585626633, "m1_open": 178.0862182340081, "reversion_strength": {"s1": 0.0062823601171641975, "m1": 0.013292119646085305, "m5": 0.03312992683192555, "h1": 0.04623311401955329, "d1": 0.05}, "garch_variance": 2.162389800294445e-06, "prev_return": 0.0012874171766849817, "boundary_trend": 0}, "AMZN": {"p": 164.79788763008835, "d1_open": 169.8941041712876, "h1_open": 162.3870609310141, "m5_open": 164.5280104645708, "m1_open": 164.48536335012338, "reversion_strength": {"s1": 0.002645480578274048, "m1": 0.009447304871809989, "m5": 0.011715152974709363, "h1": 0.04320287271163793, "d1": 0.05}, "garch_variance": 1.4368826066730693e-06, "prev_return": 0.0018982099628530216, "boundary_trend": 0}, "MSFT": {"p": 163.87656270651988, "d1_open": 164.41906387237157, "h1_open": 164.33550431317852, "m5_open": 163.9342715067504, "m1_open": 163.6823956381579, "reversion_strength": {"s1": 0.00502554902391116, "m1": 0.0038098335627198736, "m5": 0.0032918974962767448, "h1": 0.046518504108642444, "d1": 0.05}, "garch_variance": 2.1616429197970713e-06, "prev_return": 0.0011855398007436014, "boundary_trend": 0}, "NVDA": {"p": 98.7474840214763, "d1_open": 97.6331941946038, "h1_open": 98.01165686841159, "m5_open": 98.73150272086158, "m1_open": 98.86538772649098, "reversion_strength": {"s1": 0.0011925680738830492, "m1": 0.020956231791063703, "m5": 0.022867711633453934, "h1": 0.013888096527728985, "d1": 0.05}, "garch_variance": 1.270468224892207e-06, "prev_return": -0.0011932797490587675, "boundary_trend": 1}}