{"AAPL": {"p": 90.31317501087884, "d1_open": 87.95021220263737, "h1_open": 90.00052714134381, "m5_open": 90.3060943161685, "m1_open": 89.96416188018131, "band": {"m1": 0.0038794684839320945, "m5": 0.008782357362476572, "h1": 0.018646640220785132, "d1": 0.05992457007772356}, "garch_variance": 1.665175682792033e-05, "prev_return": 0.0015446320572223967, "boundary_trend": -1, "trend_ou": 0.07362538457018673, "reversion_strength": {"s1": 0.008338960049529932, "m1": 0.001351140996985631, "m5": 0.013839264509730786, "h1": 0.04009322855887123, "d1": 0.05}}, "GOOG": {"p": 173.20921219318546, "d1_open": 175.76656301755804, "h1_open": 176.08648575624287, "m5_open": 173.89624531506882, "m1_open": 173.33392182388334, "band": {"m1": 0.003507254701448025, "m5": 0.008033291574659542, "h1": 0.01634011577152165, "d1": 0.05003740611281194}, "garch_variance": 6.6616655704572465e-06, "prev_return": -0.0025055664267678865, "boundary_trend": 1, "trend_ou": 0.013875446174869376, "reversion_strength": {"s1": 0.0062823601171641975, "m1": 0.013292119646085305, "m5": 0.03312992683192555, "h1": 0.04623311401955329, "d1": 0.05}}, "AMZN": {"p": 168.14199078777625, "d1_open": 169.8941041712876, "h1_open": 171.4747272210238, "m5_open": 169.42244265706864, "m1_open": 168.8858795943382, "band": {"m1": 0.0044046832591853385, "m5": 0.009839331708704746, "h1": 0.021901277145165744, "d1": 0.07387591966254255}, "garch_variance": 2.37895511020509e-05, "prev_return": 0.0, "boundary_trend": 1, "trend_ou": 0.06382459895115536, "reversion_strength": {"s1": 0.002645480578274048, "m1": 0.009447304871809989, "m5": 0.011715152974709363, "h1": 0.04320287271163793, "d1": 0.05}}, "MSFT": {"p": 162.14093279396332, "d1_open": 164.41906387237157, "h1_open": 160.99657128302283, "m5_open": 161.44720687590916, "m1_open": 161.46635044079898, "band": {"m1": 0.004177850996958584, "m5": 0.009382840586658572, "h1": 0.0204956490267869, "d1": 0.0678505442608035}, "garch_variance": 1.7747882152677185e-05, "prev_return": 0.0, "boundary_trend": -1, "trend_ou": 0.012003487650641862, "reversion_strength": {"s1": 0.00502554902391116, "m1": 0.0038098335627198736, "m5": 0.0032918974962767448, "h1": 0.046518504108642444, "d1": 0.05}}, "NVDA": {"p": 101.18501157005922, "d1_open": 97.6331941946038, "h1_open": 102.01551314508438, "m5_open": 101.39832577312721, "m1_open": 101.0899996736051, "band": {"m1": 0.003015590682273403, "m5": 0.007043836822590849, "h1": 0.013293385278413313, "d1": 0.03697726970199811}, "garch_variance": 2.749217259614574e-06, "prev_return": -0.0004404999195490797, "boundary_trend": -1, "trend_ou": 0.04505460598317212, "reversion_strength": {"s1": 0.0011925680738830492, "m1": 0.020956231791063703, "m5": 0.022867711633453934, "h1": 0.013888096527728985, "d1": 0.05}}}