{"AAPL": {"p": 57.955179397386466, "d1_open": 58.881026803928506, "h1_open": 58.18002329517424, "m5_open": 58.12557576963788, "m1_open": 58.080331570826054, "band": {"m1": 0.0021548116213312442, "m5": 0.005324013557853067, "h1": 0.012156105883876311, "d1": 0.04067541393144441}, "garch_variance": 7.4415387197064324e-06, "prev_return": 0.0, "boundary_trend": 1, "trend_ou": -0.18606843414902793, "reversion_strength": {"s1": 0.008338960049529932, "m1": 0.001351140996985631, "m5": 0.013839264509730786, "h1": 0.04009322855887123, "d1": 0.05}}, "GOOG": {"p": 116.68618226495147, "d1_open": 119.02146768303125, "h1_open": 117.8132584785911, "m5_open": 116.91395482631673, "m1_open": 116.91930243950512, "band": {"m1": 0.0019938553317513526, "m5": 0.005000095273436967, "h1": 0.011158696237459898, "d1": 0.0363999107095069}, "garch_variance": 6.655201458645494e-06, "prev_return": 0.0, "boundary_trend": 1, "trend_ou": -0.14665995505486892, "reversion_strength": {"s1": 0.0062823601171641975, "m1": 0.013292119646085305, "m5": 0.03312992683192555, "h1": 0.04623311401955329, "d1": 0.05}}, "AMZN": {"p": 154.52498389478674, "d1_open": 158.98498094367304, "h1_open": 156.39399479459698, "m5_open": 155.02523920679062, "m1_open": 154.7497621827096, "band": {"m1": 0.002121657358589482, "m5": 0.0052572918911420454, "h1": 0.011950656431948904, "d1": 0.039794732862420336}, "garch_variance": 6.961244626793128e-06, "prev_return": -0.003572993280463817, "boundary_trend": 1, "trend_ou": 0.1070694260512204, "reversion_strength": {"s1": 0.002645480578274048, "m1": 0.009447304871809989, "m5": 0.011715152974709363, "h1": 0.04320287271163793, "d1": 0.05}}, "MSFT": {"p": 132.90427676411332, "d1_open": 137.08846618531726, "h1_open": 133.29083440032448, "m5_open": 133.14182717659855, "m1_open": 133.1438080816767, "band": {"m1": 0.001799042111041686, "m5": 0.004608041229456732, "h1": 0.00995148286237259, "d1": 0.031225061345159604}, "garch_variance": 3.4110842707800802e-06, "prev_return": 0.0, "boundary_trend": 1, "trend_ou": -0.016555270553064435, "reversion_strength": {"s1": 0.00502554902391116, "m1": 0.0038098335627198736, "m5": 0.0032918974962767448, "h1": 0.046518504108642444, "d1": 0.05}}, "NVDA": {"p": 77.21317240174726, "d1_open": 77.58920212535816, "h1_open": 77.08644892077346, "m5_open": 77.05683058553053, "m1_open": 77.3491563776761, "band": {"m1": 0.0018686345177146972, "m5": 0.004748093246291527, "h1": 0.010382731233679894, "d1": 0.03307365365385069}, "garch_variance": 3.4474535015110605e-06, "prev_return": -0.00270999633870106, "boundary_trend": 0, "trend_ou": 0.2411977309247251, "reversion_strength": {"s1": 0.0011925680738830492, "m1": 0.020956231791063703, "m5": 0.022867711633453934, "h1": 0.013888096527728985, "d1": 0.05}}}