{"AAPL": {"p": 89.67433784446224, "d1_open": 87.95021220263737, "h1_open": 89.17288531883615, "m5_open": 89.59307540712173, "m1_open": 89.55333865718559, "reversion_strength": {"s1": 0.008338960049529932, "m1": 0.001351140996985631, "m5": 0.013839264509730786, "h1": 0.04009322855887123, "d1": 0.05}, "garch_variance": 1.4522955519847894e-06, "prev_return": 0.0013502290273625923, "boundary_trend": -1}, "GOOG": {"p": 173.72289401657574, "d1_open": 175.76656301755804, "h1_open": 176.0396410021823, "m5_open": 175.18765561019197, "m1_open": 173.88083828824807, "reversion_strength": {"s1": 0.0062823601171641975, "m1": 0.013292119646085305, "m5": 0.03312992683192555, "h1": 0.04623311401955329, "d1": 0.05}, "garch_variance": 2.609871975779772e-06, "prev_return": -0.0009087605676433529, "boundary_trend": 0}, "AMZN": {"p": 167.0644383032813, "d1_open": 169.8941041712876, "h1_open": 162.3870609310141, "m5_open": 167.42766266799555, "m1_open": 166.65369855560456, "reversion_strength": {"s1": 0.002645480578274048, "m1": 0.009447304871809989, "m5": 0.011715152974709363, "h1": 0.04320287271163793, "d1": 0.05}, "garch_variance": 2.0311283754481474e-06, "prev_return": 0.002461598035683935, "boundary_trend": 0}, "MSFT": {"p": 163.6170628026432, "d1_open": 164.41906387237157, "h1_open": 164.33550431317852, "m5_open": 164.15736081413894, "m1_open": 163.61697160907949, "reversion_strength": {"s1": 0.00502554902391116, "m1": 0.0038098335627198736, "m5": 0.0032918974962767448, "h1": 0.046518504108642444, "d1": 0.05}, "garch_variance": 2.263152837217394e-06, "prev_return": 5.573598961201879e-07, "boundary_trend": 1}, "NVDA": {"p": 98.36084821384992, "d1_open": 97.6331941946038, "h1_open": 98.01165686841159, "m5_open": 98.49327490530693, "m1_open": 98.43797772017572, "reversion_strength": {"s1": 0.0011925680738830492, "m1": 0.020956231791063703, "m5": 0.022867711633453934, "h1": 0.013888096527728985, "d1": 0.05}, "garch_variance": 1.2090552816257584e-06, "prev_return": -0.0007838411627591675, "boundary_trend": 0}}