{"AAPL": {"p": 83.57319231310296, "d1_open": 81.94143766685488, "h1_open": 83.16511765564458, "m5_open": 83.50409740403565, "m1_open": 83.65624508574078, "band": {"m1": 0.0018352311008009103, "m5": 0.004680870166481534, "h1": 0.010175737829818263, "d1": 0.032186354269580726}, "garch_variance": 2.5155797913577153e-06, "prev_return": -0.00012294321130238776, "boundary_trend": 1, "trend_ou": -0.13917814249930766, "reversion_strength": {"s1": 0.008338960049529932, "m1": 0.001351140996985631, "m5": 0.013839264509730786, "h1": 0.04009322855887123, "d1": 0.05}}, "GOOG": {"p": 152.72773958780576, "d1_open": 151.7016903651911, "h1_open": 152.3937591816353, "m5_open": 152.12070985565288, "m1_open": 152.45689402235536, "band": {"m1": 0.002186918507018908, "m5": 0.005388627418902156, "h1": 0.012355064977583366, "d1": 0.04152827338516491}, "garch_variance": 5.131869200302488e-06, "prev_return": 0.003964275782098594, "boundary_trend": 0, "trend_ou": -0.08424966218750427, "reversion_strength": {"s1": 0.0062823601171641975, "m1": 0.013292119646085305, "m5": 0.03312992683192555, "h1": 0.04623311401955329, "d1": 0.05}}, "AMZN": {"p": 170.72850911861008, "d1_open": 165.13593115049974, "h1_open": 168.6793807914225, "m5_open": 169.9678702520369, "m1_open": 170.35431280503192, "band": {"m1": 0.002196576696044148, "m5": 0.0054080641493821375, "h1": 0.01241491458598221, "d1": 0.041784825138459394}, "garch_variance": 4.218353940087686e-06, "prev_return": 0.0, "boundary_trend": -1, "trend_ou": 0.024361770278710233, "reversion_strength": {"s1": 0.002645480578274048, "m1": 0.009447304871809989, "m5": 0.011715152974709363, "h1": 0.04320287271163793, "d1": 0.05}}, "MSFT": {"p": 161.5663225736723, "d1_open": 158.81978513575737, "h1_open": 159.9210688610481, "m5_open": 161.3247589834966, "m1_open": 161.57804780219945, "band": {"m1": 0.0018533329573594405, "m5": 0.004717299450086975, "h1": 0.01028791093219686, "d1": 0.03266719628104267}, "garch_variance": 2.3198955804070176e-06, "prev_return": 0.0, "boundary_trend": -1, "trend_ou": 0.12245936221463367, "reversion_strength": {"s1": 0.00502554902391116, "m1": 0.0038098335627198736, "m5": 0.0032918974962767448, "h1": 0.046518504108642444, "d1": 0.05}}, "NVDA": {"p": 99.38845355333075, "d1_open": 100.31090827320226, "h1_open": 98.94100541546996, "m5_open": 99.80477227516637, "m1_open": 99.59554392933528, "band": {"m1": 0.002079313670413429, "m5": 0.005172076862480309, "h1": 0.01168826219335234, "d1": 0.03866995186940688}, "garch_variance": 3.299659645133429e-06, "prev_return": 0.0, "boundary_trend": 1, "trend_ou": -0.08391524860248797, "reversion_strength": {"s1": 0.0011925680738830492, "m1": 0.020956231791063703, "m5": 0.022867711633453934, "h1": 0.013888096527728985, "d1": 0.05}}}