{"AAPL": {"p": 89.55967152842227, "d1_open": 87.95021220263737, "h1_open": 90.06205021135978, "m5_open": 89.77236620943135, "m1_open": 89.51787773623809, "reversion_strength": {"s1": 0.008338960049529932, "m1": 0.001351140996985631, "m5": 0.013839264509730786, "h1": 0.04009322855887123, "d1": 0.05}, "garch_variance": 2.3145430802639922e-06, "prev_return": 0.00046676753300020087, "boundary_trend": 0}, "GOOG": {"p": 177.79441128653514, "d1_open": 175.76656301755804, "h1_open": 182.2768621595806, "m5_open": 176.91621236945232, "m1_open": 178.90356689277746, "reversion_strength": {"s1": 0.0062823601171641975, "m1": 0.013292119646085305, "m5": 0.03312992683192555, "h1": 0.04623311401955329, "d1": 0.05}, "garch_variance": 7.844762639350488e-06, "prev_return": -0.0062190382280849325, "boundary_trend": 0}, "AMZN": {"p": 169.65940302227548, "d1_open": 169.8941041712876, "h1_open": 170.28724881804374, "m5_open": 169.1257669447712, "m1_open": 169.48131584891613, "reversion_strength": {"s1": 0.002645480578274048, "m1": 0.009447304871809989, "m5": 0.011715152974709363, "h1": 0.04320287271163793, "d1": 0.05}, "garch_variance": 2.8459975016061415e-06, "prev_return": 0.001050225937604333, "boundary_trend": 0}, "MSFT": {"p": 161.51319684828692, "d1_open": 164.41906387237157, "h1_open": 161.08021439952043, "m5_open": 160.98325646937292, "m1_open": 161.3703656043673, "reversion_strength": {"s1": 0.00502554902391116, "m1": 0.0038098335627198736, "m5": 0.0032918974962767448, "h1": 0.046518504108642444, "d1": 0.05}, "garch_variance": 2.3929419284702223e-06, "prev_return": 0.0008847229766127409, "boundary_trend": -1}, "NVDA": {"p": 99.48016368473179, "d1_open": 97.6331941946038, "h1_open": 98.64308364945421, "m5_open": 99.97600710832901, "m1_open": 99.36677210720033, "reversion_strength": {"s1": 0.0011925680738830492, "m1": 0.020956231791063703, "m5": 0.022867711633453934, "h1": 0.013888096527728985, "d1": 0.05}, "garch_variance": 1.4168255653352832e-06, "prev_return": 0.0011404911961127371, "boundary_trend": 0}}