{"AAPL": {"p": 58.51337851414797, "d1_open": 58.881026803928506, "h1_open": 58.18002329517424, "m5_open": 58.78480421930434, "m1_open": 58.590864797087555, "band": {"m1": 0.0018036312390536985, "m5": 0.004617276671429808, "h1": 0.00997992064855521, "d1": 0.031346962959892734}, "garch_variance": 2.1583715365585437e-06, "prev_return": 0.0, "boundary_trend": 1, "trend_ou": -0.1751857015087154, "reversion_strength": {"s1": 0.008338960049529932, "m1": 0.001351140996985631, "m5": 0.013839264509730786, "h1": 0.04009322855887123, "d1": 0.05}}, "GOOG": {"p": 117.82528143276836, "d1_open": 119.02146768303125, "h1_open": 117.8132584785911, "m5_open": 117.8819951074477, "m1_open": 118.0687006232561, "band": {"m1": 0.002061674171078321, "m5": 0.00513657805483818, "h1": 0.011578954213895841, "d1": 0.038201391514061545}, "garch_variance": 3.926202126667874e-06, "prev_return": 0.0, "boundary_trend": 1, "trend_ou": -0.15202244621975392, "reversion_strength": {"s1": 0.0062823601171641975, "m1": 0.013292119646085305, "m5": 0.03312992683192555, "h1": 0.04623311401955329, "d1": 0.05}}, "AMZN": {"p": 156.56081427293591, "d1_open": 158.98498094367304, "h1_open": 156.39399479459698, "m5_open": 156.28493624312551, "m1_open": 156.83138118461565, "band": {"m1": 0.0017252090087840144, "m5": 0.004459454977382669, "h1": 0.009493955861664122, "d1": 0.02926382287841656}, "garch_variance": 1.9980612840510373e-06, "prev_return": -0.0026858725481667105, "boundary_trend": 1, "trend_ou": 0.09398083254898354, "reversion_strength": {"s1": 0.002645480578274048, "m1": 0.009447304871809989, "m5": 0.011715152974709363, "h1": 0.04320287271163793, "d1": 0.05}}, "MSFT": {"p": 133.8048875169532, "d1_open": 137.08846618531726, "h1_open": 133.29083440032448, "m5_open": 134.2087558528954, "m1_open": 133.89922278061368, "band": {"m1": 0.0019099217172299948, "m5": 0.004831182132536649, "h1": 0.01063857865149476, "d1": 0.03417037099874708}, "garch_variance": 3.15318274934957e-06, "prev_return": 0.0012069752937558813, "boundary_trend": 1, "trend_ou": 0.008127851662661133, "reversion_strength": {"s1": 0.00502554902391116, "m1": 0.0038098335627198736, "m5": 0.0032918974962767448, "h1": 0.046518504108642444, "d1": 0.05}}, "NVDA": {"p": 77.29101068714849, "d1_open": 77.58920212535816, "h1_open": 77.08644892077346, "m5_open": 77.42569195581346, "m1_open": 77.4266912677381, "band": {"m1": 0.0017523747737124419, "m5": 0.0045141250247193385, "h1": 0.009662295949911779, "d1": 0.029985430687474793}, "garch_variance": 1.9882509458752636e-06, "prev_return": 0.0, "boundary_trend": 1, "trend_ou": 0.24937115620208744, "reversion_strength": {"s1": 0.0011925680738830492, "m1": 0.020956231791063703, "m5": 0.022867711633453934, "h1": 0.013888096527728985, "d1": 0.05}}}