{"AAPL": {"p": 58.12557576963788, "d1_open": 58.881026803928506, "h1_open": 58.18002329517424, "m5_open": 58.15911105778575, "m1_open": 58.1586631931047, "band": {"m1": 0.002087935223853409, "m5": 0.005189427404087406, "h1": 0.011741688005978706, "d1": 0.03889896733445613}, "garch_variance": 7.512133387431225e-06, "prev_return": 0.0015210395988990149, "boundary_trend": 1, "trend_ou": -0.17685073890219677, "reversion_strength": {"s1": 0.008338960049529932, "m1": 0.001351140996985631, "m5": 0.013839264509730786, "h1": 0.04009322855887123, "d1": 0.05}}, "GOOG": {"p": 116.91395482631673, "d1_open": 119.02146768303125, "h1_open": 117.8132584785911, "m5_open": 117.14997706907036, "m1_open": 117.13300641907531, "band": {"m1": 0.0018701098815382742, "m5": 0.004751062358712484, "h1": 0.010391873728909191, "d1": 0.033112843938354015}, "garch_variance": 4.222324577783886e-06, "prev_return": -0.0037402241233228262, "boundary_trend": 1, "trend_ou": -0.14373003092758826, "reversion_strength": {"s1": 0.0062823601171641975, "m1": 0.013292119646085305, "m5": 0.03312992683192555, "h1": 0.04623311401955329, "d1": 0.05}}, "AMZN": {"p": 155.02523920679062, "d1_open": 158.98498094367304, "h1_open": 156.39399479459698, "m5_open": 155.38367279067052, "m1_open": 154.81266379731366, "band": {"m1": 0.0020661439820166094, "m5": 0.005145573375832307, "h1": 0.011606652619215339, "d1": 0.03832012369357429}, "garch_variance": 8.053810584560528e-06, "prev_return": -0.0006918404723503927, "boundary_trend": -1, "trend_ou": 0.10719861812460678, "reversion_strength": {"s1": 0.002645480578274048, "m1": 0.009447304871809989, "m5": 0.011715152974709363, "h1": 0.04320287271163793, "d1": 0.05}}, "MSFT": {"p": 133.14182717659855, "d1_open": 137.08846618531726, "h1_open": 133.29083440032448, "m5_open": 133.3837984241093, "m1_open": 133.3811440033414, "band": {"m1": 0.001794232824520316, "m5": 0.00459836272703018, "h1": 0.009921680803805538, "d1": 0.03109731163080543}, "garch_variance": 2.6626923423392065e-06, "prev_return": 0.0, "boundary_trend": 1, "trend_ou": -0.017018172753673597, "reversion_strength": {"s1": 0.00502554902391116, "m1": 0.0038098335627198736, "m5": 0.0032918974962767448, "h1": 0.046518504108642444, "d1": 0.05}}, "NVDA": {"p": 77.05683058553053, "d1_open": 77.58920212535816, "h1_open": 77.08644892077346, "m5_open": 77.22169770620975, "m1_open": 77.20671524544936, "band": {"m1": 0.0019413422711006254, "m5": 0.0048944147774475305, "h1": 0.010833284702486064, "d1": 0.03500499932957885}, "garch_variance": 3.4257224234464785e-06, "prev_return": 0.0, "boundary_trend": 1, "trend_ou": 0.24012196487326723, "reversion_strength": {"s1": 0.0011925680738830492, "m1": 0.020956231791063703, "m5": 0.022867711633453934, "h1": 0.013888096527728985, "d1": 0.05}}}