{"AAPL": {"p": 58.177628193433485, "d1_open": 58.881026803928506, "h1_open": 58.18002329517424, "m5_open": 58.18002329517424, "m1_open": 58.05945496212371, "band": {"m1": 0.0020353830635660374, "m5": 0.005083668221597081, "h1": 0.011416034179418368, "d1": 0.03750301734570525}, "garch_variance": 3.1650354188820185e-06, "prev_return": 0.004070771748581072, "boundary_trend": -1, "trend_ou": -0.1768008337497718, "reversion_strength": {"s1": 0.008338960049529932, "m1": 0.001351140996985631, "m5": 0.013839264509730786, "h1": 0.04009322855887123, "d1": 0.05}}, "GOOG": {"p": 117.81303802265774, "d1_open": 119.02146768303125, "h1_open": 117.8132584785911, "m5_open": 117.8132584785911, "m1_open": 118.07325813474577, "band": {"m1": 0.0022038869444178082, "m5": 0.005422775740448456, "h1": 0.012460214538314729, "d1": 0.04197900823348677}, "garch_variance": 5.707541106586742e-06, "prev_return": -0.004407781025215261, "boundary_trend": 1, "trend_ou": -0.12853729175124767, "reversion_strength": {"s1": 0.0062823601171641975, "m1": 0.013292119646085305, "m5": 0.03312992683192555, "h1": 0.04623311401955329, "d1": 0.05}}, "AMZN": {"p": 156.40047886114095, "d1_open": 158.98498094367304, "h1_open": 156.39399479459698, "m5_open": 156.39399479459698, "m1_open": 156.11871244463308, "band": {"m1": 0.0018048215495486829, "m5": 0.004619672125092813, "h1": 0.009987296732913438, "d1": 0.03137858133510315}, "garch_variance": 3.884984013334041e-06, "prev_return": 0.0016130191266805732, "boundary_trend": -1, "trend_ou": 0.09845425039247324, "reversion_strength": {"s1": 0.002645480578274048, "m1": 0.009447304871809989, "m5": 0.011715152974709363, "h1": 0.04320287271163793, "d1": 0.05}}, "MSFT": {"p": 132.91773276653308, "d1_open": 137.08846618531726, "h1_open": 133.29083440032448, "m5_open": 133.29083440032448, "m1_open": 133.0164561955191, "band": {"m1": 0.002075016528074717, "m5": 0.00516342903033979, "h1": 0.011661633776209757, "d1": 0.03855580630875659}, "garch_variance": 5.2313471091170175e-06, "prev_return": -0.0028153318030675056, "boundary_trend": 0, "trend_ou": -0.0014741282263747578, "reversion_strength": {"s1": 0.00502554902391116, "m1": 0.0038098335627198736, "m5": 0.0032918974962767448, "h1": 0.046518504108642444, "d1": 0.05}}, "NVDA": {"p": 77.08591467391265, "d1_open": 77.58920212535816, "h1_open": 77.08644892077346, "m5_open": 77.08644892077346, "m1_open": 76.95176282192173, "band": {"m1": 0.0017433239612895002, "m5": 0.00449591061607297, "h1": 0.009606210116657857, "d1": 0.029745012759250667}, "garch_variance": 2.127963447555315e-06, "prev_return": 0.0, "boundary_trend": -1, "trend_ou": 0.23859282215125893, "reversion_strength": {"s1": 0.0011925680738830492, "m1": 0.020956231791063703, "m5": 0.022867711633453934, "h1": 0.013888096527728985, "d1": 0.05}}}