{"AAPL": {"p": 87.99539982031702, "d1_open": 87.95021220263737, "h1_open": 86.8359256319159, "m5_open": 87.8551567812688, "m1_open": 88.11445487272259, "reversion_strength": {"s1": 0.008338960049529932, "m1": 0.001351140996985631, "m5": 0.013839264509730786, "h1": 0.04009322855887123, "d1": 0.05}, "garch_variance": 1.3718027433311368e-06, "prev_return": -0.001352054611022704, "boundary_trend": 1}, "GOOG": {"p": 172.08315588653969, "d1_open": 175.76656301755804, "h1_open": 175.75153234700423, "m5_open": 175.5295790680507, "m1_open": 172.04162083349624, "reversion_strength": {"s1": 0.0062823601171641975, "m1": 0.013292119646085305, "m5": 0.03312992683192555, "h1": 0.04623311401955329, "d1": 0.05}, "garch_variance": 1.5479631109999654e-06, "prev_return": 0.00024139530806835743, "boundary_trend": 0}, "AMZN": {"p": 168.2190711748882, "d1_open": 169.8941041712876, "h1_open": 166.80472498164232, "m5_open": 168.84608244383088, "m1_open": 168.3108510105594, "reversion_strength": {"s1": 0.002645480578274048, "m1": 0.009447304871809989, "m5": 0.011715152974709363, "h1": 0.04320287271163793, "d1": 0.05}, "garch_variance": 1.3184841786002056e-06, "prev_return": -0.0005454483057592023, "boundary_trend": 0}, "MSFT": {"p": 164.578621769971, "d1_open": 164.41906387237157, "h1_open": 164.04525621182805, "m5_open": 164.48548909166684, "m1_open": 164.48321312095624, "reversion_strength": {"s1": 0.00502554902391116, "m1": 0.0038098335627198736, "m5": 0.0032918974962767448, "h1": 0.046518504108642444, "d1": 0.05}, "garch_variance": 1.5072965112031571e-06, "prev_return": 0.000579882815762765, "boundary_trend": 0}, "NVDA": {"p": 95.92063247575803, "d1_open": 97.6331941946038, "h1_open": 96.51017604046937, "m5_open": 95.77286922788304, "m1_open": 95.80637684945296, "reversion_strength": {"s1": 0.0011925680738830492, "m1": 0.020956231791063703, "m5": 0.022867711633453934, "h1": 0.013888096527728985, "d1": 0.05}, "garch_variance": 1.2843451568106392e-06, "prev_return": 0.0011918575294366796, "boundary_trend": -1}}