{"AAPL": {"p": 88.97188422017913, "d1_open": 87.95021220263737, "h1_open": 90.36175952352136, "m5_open": 88.962335514306, "m1_open": 88.8453359891108, "band": {"m1": 0.0035722296992263666, "m5": 0.008164051235342784, "h1": 0.01674275110642626, "d1": 0.05176334557794103}, "garch_variance": 6.77585043277677e-06, "prev_return": 0.0013837437187336082, "boundary_trend": 1, "trend_ou": 0.06430140864818454, "reversion_strength": {"s1": 0.008338960049529932, "m1": 0.001351140996985631, "m5": 0.013839264509730786, "h1": 0.04009322855887123, "d1": 0.05}}, "GOOG": {"p": 176.5259681651477, "d1_open": 175.76656301755804, "h1_open": 175.77288560235982, "m5_open": 178.19978304755804, "m1_open": 177.20718722258547, "band": {"m1": 0.004638141633491265, "m5": 0.010309157624082925, "h1": 0.02334796577831696, "d1": 0.08007730535637615}, "garch_variance": 2.3198751331901896e-05, "prev_return": -0.008479021928294582, "boundary_trend": 0, "trend_ou": -0.010770367348781758, "reversion_strength": {"s1": 0.0062823601171641975, "m1": 0.013292119646085305, "m5": 0.03312992683192555, "h1": 0.04623311401955329, "d1": 0.05}}, "AMZN": {"p": 169.19893234763097, "d1_open": 169.8941041712876, "h1_open": 168.9021703391811, "m5_open": 169.7939597233739, "m1_open": 169.8094287893496, "band": {"m1": 0.003595185768370751, "m5": 0.008210249433335511, "h1": 0.016885004664011202, "d1": 0.0523731306807538}, "garch_variance": 7.3075303954377426e-06, "prev_return": 0.0, "boundary_trend": 1, "trend_ou": 0.06390678142372017, "reversion_strength": {"s1": 0.002645480578274048, "m1": 0.009447304871809989, "m5": 0.011715152974709363, "h1": 0.04320287271163793, "d1": 0.05}}, "MSFT": {"p": 161.02577869019146, "d1_open": 164.41906387237157, "h1_open": 160.00715142749434, "m5_open": 159.7271831574236, "m1_open": 160.87093263693623, "band": {"m1": 0.003555351607068227, "m5": 0.00813008473008629, "h1": 0.016638161394675492, "d1": 0.051315010582206264}, "garch_variance": 6.224703551388244e-06, "prev_return": 0.0, "boundary_trend": -1, "trend_ou": 0.0009612890726771318, "reversion_strength": {"s1": 0.00502554902391116, "m1": 0.0038098335627198736, "m5": 0.0032918974962767448, "h1": 0.046518504108642444, "d1": 0.05}}, "NVDA": {"p": 101.40332974120899, "d1_open": 97.6331941946038, "h1_open": 100.4340456706556, "m5_open": 102.27558224212207, "m1_open": 101.75127293051317, "band": {"m1": 0.003753302414770054, "m5": 0.008528453046086336, "h1": 0.01786481768523147, "d1": 0.05657320408507157}, "garch_variance": 8.819384984883187e-06, "prev_return": 0.0, "boundary_trend": 1, "trend_ou": 0.03777323767107135, "reversion_strength": {"s1": 0.0011925680738830492, "m1": 0.020956231791063703, "m5": 0.022867711633453934, "h1": 0.013888096527728985, "d1": 0.05}}}