{"AAPL": {"p": 87.96792403951703, "d1_open": 87.95021220263737, "h1_open": 87.95021220263737, "m5_open": 87.97942335740295, "m1_open": 88.05362265672578, "reversion_strength": {"s1": 0.008338960049529932, "m1": 0.001351140996985631, "m5": 0.013839264509730786, "h1": 0.04009322855887123, "d1": 0.05}, "garch_variance": 1.2070957390949276e-06, "prev_return": -0.0009737287915994234, "boundary_trend": 0}, "GOOG": {"p": 169.11305296622285, "d1_open": 175.76656301755804, "h1_open": 175.76656301755804, "m5_open": 170.90600287017574, "m1_open": 168.9638919197098, "reversion_strength": {"s1": 0.0062823601171641975, "m1": 0.013292119646085305, "m5": 0.03312992683192555, "h1": 0.04623311401955329, "d1": 0.05}, "garch_variance": 1.795563534444978e-06, "prev_return": 0.0008824089216849973, "boundary_trend": 0}, "AMZN": {"p": 172.35717473748915, "d1_open": 169.8941041712876, "h1_open": 169.8941041712876, "m5_open": 173.36934743965492, "m1_open": 172.3427380350232, "reversion_strength": {"s1": 0.002645480578274048, "m1": 0.009447304871809989, "m5": 0.011715152974709363, "h1": 0.04320287271163793, "d1": 0.05}, "garch_variance": 2.1986481282959238e-06, "prev_return": 8.37638881790978e-05, "boundary_trend": 0}, "MSFT": {"p": 163.6418676334251, "d1_open": 164.41906387237157, "h1_open": 164.41906387237157, "m5_open": 164.18233906432383, "m1_open": 163.86017763234076, "reversion_strength": {"s1": 0.00502554902391116, "m1": 0.0038098335627198736, "m5": 0.0032918974962767448, "h1": 0.046518504108642444, "d1": 0.05}, "garch_variance": 1.2669966165481797e-06, "prev_return": -0.0013331827046968046, "boundary_trend": 1}, "NVDA": {"p": 97.33883587351677, "d1_open": 97.6331941946038, "h1_open": 97.6331941946038, "m5_open": 97.46465901565448, "m1_open": 97.43066445210525, "reversion_strength": {"s1": 0.0011925680738830492, "m1": 0.020956231791063703, "m5": 0.022867711633453934, "h1": 0.013888096527728985, "d1": 0.05}, "garch_variance": 1.2625025583040121e-06, "prev_return": -0.0009429462543062952, "boundary_trend": 0}}