{"AAPL": {"p": 90.02144231014054, "d1_open": 87.95021220263737, "h1_open": 89.92327454616381, "m5_open": 89.92327454616381, "m1_open": 89.92327454616381, "reversion_strength": {"s1": 0.008338960049529932, "m1": 0.001351140996985631, "m5": 0.013839264509730786, "h1": 0.04009322855887123, "d1": 0.05}, "garch_variance": 1.4907161998016135e-06, "prev_return": 0.0010910881456326444, "boundary_trend": 0}, "GOOG": {"p": 183.05693916898778, "d1_open": 175.76656301755804, "h1_open": 183.39762262224193, "m5_open": 183.39762262224193, "m1_open": 183.39762262224193, "reversion_strength": {"s1": 0.0062823601171641975, "m1": 0.013292119646085305, "m5": 0.03312992683192555, "h1": 0.04623311401955329, "d1": 0.05}, "garch_variance": 2.2927736953506503e-06, "prev_return": -0.001859349490639365, "boundary_trend": 0}, "AMZN": {"p": 168.67445793008753, "d1_open": 169.8941041712876, "h1_open": 168.9436681978484, "m5_open": 168.9436681978484, "m1_open": 168.9436681978484, "reversion_strength": {"s1": 0.002645480578274048, "m1": 0.009447304871809989, "m5": 0.011715152974709363, "h1": 0.04320287271163793, "d1": 0.05}, "garch_variance": 2.666424551311402e-06, "prev_return": -0.0015947622712353191, "boundary_trend": 0}, "MSFT": {"p": 163.11818348765894, "d1_open": 164.41906387237157, "h1_open": 162.58297699275926, "m5_open": 162.58297699275926, "m1_open": 162.58297699275926, "reversion_strength": {"s1": 0.00502554902391116, "m1": 0.0038098335627198736, "m5": 0.0032918974962767448, "h1": 0.046518504108642444, "d1": 0.05}, "garch_variance": 2.7435204700237326e-06, "prev_return": 0.00328649106341318, "boundary_trend": -1}, "NVDA": {"p": 98.34179617764522, "d1_open": 97.6331941946038, "h1_open": 98.32781845318762, "m5_open": 98.32781845318762, "m1_open": 98.32781845318762, "reversion_strength": {"s1": 0.0011925680738830492, "m1": 0.020956231791063703, "m5": 0.022867711633453934, "h1": 0.013888096527728985, "d1": 0.05}, "garch_variance": 1.3760512401122895e-06, "prev_return": 0.00014214421996375367, "boundary_trend": 0}}