{"AAPL": {"p": 58.676025138281574, "d1_open": 58.881026803928506, "h1_open": 58.18002329517424, "m5_open": 58.78480421930434, "m1_open": 58.78480421930434, "band": {"m1": 0.0018504625892255535, "m5": 0.004711522945645936, "h1": 0.010270123911428813, "d1": 0.032590950312422165}, "garch_variance": 2.533376444792159e-06, "prev_return": 0.0, "boundary_trend": 1, "trend_ou": -0.1821324985830789, "reversion_strength": {"s1": 0.008338960049529932, "m1": 0.001351140996985631, "m5": 0.013839264509730786, "h1": 0.04009322855887123, "d1": 0.05}}, "GOOG": {"p": 118.11558078172183, "d1_open": 119.02146768303125, "h1_open": 117.8132584785911, "m5_open": 117.8819951074477, "m1_open": 117.8819951074477, "band": {"m1": 0.002109582224714087, "m5": 0.00523299115297753, "h1": 0.011875829564104693, "d1": 0.039473979483199605}, "garch_variance": 4.80703221080912e-06, "prev_return": -0.00012779958835361702, "boundary_trend": -1, "trend_ou": -0.1413006674312511, "reversion_strength": {"s1": 0.0062823601171641975, "m1": 0.013292119646085305, "m5": 0.03312992683192555, "h1": 0.04623311401955329, "d1": 0.05}}, "AMZN": {"p": 156.5595391205494, "d1_open": 158.98498094367304, "h1_open": 156.39399479459698, "m5_open": 156.28493624312551, "m1_open": 156.28493624312551, "band": {"m1": 0.001757065549789878, "m5": 0.004523565029478077, "h1": 0.009691363626117696, "d1": 0.030110032393222436}, "garch_variance": 1.969931826675998e-06, "prev_return": 0.0, "boundary_trend": -1, "trend_ou": 0.09604032422801118, "reversion_strength": {"s1": 0.002645480578274048, "m1": 0.009447304871809989, "m5": 0.011715152974709363, "h1": 0.04320287271163793, "d1": 0.05}}, "MSFT": {"p": 134.15729301295355, "d1_open": 137.08846618531726, "h1_open": 133.29083440032448, "m5_open": 134.2087558528954, "m1_open": 134.2087558528954, "band": {"m1": 0.0019298167839594449, "m5": 0.0048712201819982, "h1": 0.010761863870878513, "d1": 0.034698846289302324}, "garch_variance": 3.1004212484590796e-06, "prev_return": -0.002311484286646447, "boundary_trend": 0, "trend_ou": 0.01841140076902536, "reversion_strength": {"s1": 0.00502554902391116, "m1": 0.0038098335627198736, "m5": 0.0032918974962767448, "h1": 0.046518504108642444, "d1": 0.05}}, "NVDA": {"p": 77.56403583546098, "d1_open": 77.58920212535816, "h1_open": 77.08644892077346, "m5_open": 77.42569195581346, "m1_open": 77.42569195581346, "band": {"m1": 0.0017867955216528074, "m5": 0.004583395443727277, "h1": 0.009875593523571041, "d1": 0.03089975357044287}, "garch_variance": 2.321313500511844e-06, "prev_return": 0.0, "boundary_trend": -1, "trend_ou": 0.2505636881929388, "reversion_strength": {"s1": 0.0011925680738830492, "m1": 0.020956231791063703, "m5": 0.022867711633453934, "h1": 0.013888096527728985, "d1": 0.05}}}