{"AAPL": {"p": 89.96747730311922, "d1_open": 87.95021220263737, "h1_open": 90.36175952352136, "m5_open": 89.48440483604766, "m1_open": 89.6512819198438, "band": {"m1": 0.003526947707876972, "m5": 0.008072922985610359, "h1": 0.01646214886901936, "d1": 0.050560514048863144}, "garch_variance": 8.526773204354817e-06, "prev_return": 0.0036590082425116788, "boundary_trend": -1, "trend_ou": 0.06284744624722499, "reversion_strength": {"s1": 0.008338960049529932, "m1": 0.001351140996985631, "m5": 0.013839264509730786, "h1": 0.04009322855887123, "d1": 0.05}}, "GOOG": {"p": 177.4723425483492, "d1_open": 175.76656301755804, "h1_open": 175.77288560235982, "m5_open": 176.8341347890509, "m1_open": 176.99422199529363, "band": {"m1": 0.004774045757939942, "m5": 0.010582659398703773, "h1": 0.02419013283538996, "d1": 0.08368734460039402}, "garch_variance": 1.848882163700719e-05, "prev_return": 0.0004790229657412373, "boundary_trend": 0, "trend_ou": -0.004661426386231654, "reversion_strength": {"s1": 0.0062823601171641975, "m1": 0.013292119646085305, "m5": 0.03312992683192555, "h1": 0.04623311401955329, "d1": 0.05}}, "AMZN": {"p": 171.49703166142518, "d1_open": 169.8941041712876, "h1_open": 168.9021703391811, "m5_open": 170.61850811236462, "m1_open": 171.30036218843793, "band": {"m1": 0.003365372873509903, "m5": 0.007747759903822127, "h1": 0.015460906240747554, "d1": 0.046268580339882286}, "garch_variance": 4.721554888951381e-06, "prev_return": -9.631946113958891e-05, "boundary_trend": -1, "trend_ou": 0.07300551910867657, "reversion_strength": {"s1": 0.002645480578274048, "m1": 0.009447304871809989, "m5": 0.011715152974709363, "h1": 0.04320287271163793, "d1": 0.05}}, "MSFT": {"p": 161.2685394044094, "d1_open": 164.41906387237157, "h1_open": 160.00715142749434, "m5_open": 162.01285140092668, "m1_open": 160.9767191254146, "band": {"m1": 0.003409761354014582, "m5": 0.007837089997665877, "h1": 0.01573597159396047, "d1": 0.04744767742213992}, "garch_variance": 6.707322515464062e-06, "prev_return": 0.0032632217841229954, "boundary_trend": 0, "trend_ou": 0.00441878618161351, "reversion_strength": {"s1": 0.00502554902391116, "m1": 0.0038098335627198736, "m5": 0.0032918974962767448, "h1": 0.046518504108642444, "d1": 0.05}}, "NVDA": {"p": 100.93906335173874, "d1_open": 97.6331941946038, "h1_open": 100.4340456706556, "m5_open": 101.08184029740295, "m1_open": 100.65658188839933, "band": {"m1": 0.003769321856605973, "m5": 0.008560691550902381, "h1": 0.017964086535545154, "d1": 0.05699873063865874}, "garch_variance": 8.982089193598126e-06, "prev_return": -0.0009597779242855916, "boundary_trend": -1, "trend_ou": 0.031104648420743612, "reversion_strength": {"s1": 0.0011925680738830492, "m1": 0.020956231791063703, "m5": 0.022867711633453934, "h1": 0.013888096527728985, "d1": 0.05}}}