{"AAPL": {"p": 58.690106619150505, "d1_open": 58.881026803928506, "h1_open": 58.18002329517424, "m5_open": 58.70070751042904, "m1_open": 58.70070751042904, "band": {"m1": 0.0019361517124806707, "m5": 0.004883968979723657, "h1": 0.010801119987137908, "d1": 0.034867121834010376}, "garch_variance": 3.531234018398548e-06, "prev_return": -0.001219833912975693, "boundary_trend": 0, "trend_ou": -0.1759806438118994, "reversion_strength": {"s1": 0.008338960049529932, "m1": 0.001351140996985631, "m5": 0.013839264509730786, "h1": 0.04009322855887123, "d1": 0.05}}, "GOOG": {"p": 117.38245056043591, "d1_open": 119.02146768303125, "h1_open": 117.8132584785911, "m5_open": 117.53485842152293, "m1_open": 117.53485842152293, "band": {"m1": 0.0022399853842761733, "m5": 0.00549542244931295, "h1": 0.012683908388547558, "d1": 0.042937895868907505}, "garch_variance": 5.382889222369374e-06, "prev_return": 0.0009449529670007864, "boundary_trend": 1, "trend_ou": -0.14472452857344248, "reversion_strength": {"s1": 0.0062823601171641975, "m1": 0.013292119646085305, "m5": 0.03312992683192555, "h1": 0.04623311401955329, "d1": 0.05}}, "AMZN": {"p": 155.86312045917614, "d1_open": 158.98498094367304, "h1_open": 156.39399479459698, "m5_open": 155.57506190724217, "m1_open": 155.57506190724217, "band": {"m1": 0.001851572793239326, "m5": 0.004713757188125256, "h1": 0.010277003594078786, "d1": 0.03262044080857041}, "garch_variance": 2.7089355560890526e-06, "prev_return": 0.0, "boundary_trend": -1, "trend_ou": 0.09886974367639405, "reversion_strength": {"s1": 0.002645480578274048, "m1": 0.009447304871809989, "m5": 0.011715152974709363, "h1": 0.04320287271163793, "d1": 0.05}}, "MSFT": {"p": 133.8208642570747, "d1_open": 137.08846618531726, "h1_open": 133.29083440032448, "m5_open": 133.55293932181672, "m1_open": 133.55293932181672, "band": {"m1": 0.0020061328235716006, "m5": 0.005024803249109911, "h1": 0.011234777071624728, "d1": 0.0367260393495979}, "garch_variance": 3.96643259823341e-06, "prev_return": 0.0004552543214508244, "boundary_trend": -1, "trend_ou": 0.014783404927213284, "reversion_strength": {"s1": 0.00502554902391116, "m1": 0.0038098335627198736, "m5": 0.0032918974962767448, "h1": 0.046518504108642444, "d1": 0.05}}, "NVDA": {"p": 77.20882693006982, "d1_open": 77.58920212535816, "h1_open": 77.08644892077346, "m5_open": 77.07051393030584, "m1_open": 77.07051393030584, "band": {"m1": 0.001794629264948997, "m5": 0.004599160548002984, "h1": 0.009924137455290413, "d1": 0.031107842330379564}, "garch_variance": 2.6343770445417194e-06, "prev_return": 0.0035892623832066246, "boundary_trend": -1, "trend_ou": 0.24716198082605004, "reversion_strength": {"s1": 0.0011925680738830492, "m1": 0.020956231791063703, "m5": 0.022867711633453934, "h1": 0.013888096527728985, "d1": 0.05}}}