{"AAPL": {"p": 58.278524002763376, "d1_open": 58.881026803928506, "h1_open": 58.18002329517424, "m5_open": 58.56801790457984, "m1_open": 58.39592627549459, "band": {"m1": 0.0020104531295101176, "m5": 0.005033497697095819, "h1": 0.011261549028345362, "d1": 0.036840800208015397}, "garch_variance": 5.616293287421087e-06, "prev_return": 0.0, "boundary_trend": 1, "trend_ou": -0.1719143660549482, "reversion_strength": {"s1": 0.008338960049529932, "m1": 0.001351140996985631, "m5": 0.013839264509730786, "h1": 0.04009322855887123, "d1": 0.05}}, "GOOG": {"p": 116.98282257385429, "d1_open": 119.02146768303125, "h1_open": 117.8132584785911, "m5_open": 116.88775361734564, "m1_open": 116.7697500158428, "band": {"m1": 0.0018247239373431383, "m5": 0.004659724907913481, "h1": 0.010110627319277735, "d1": 0.031907251096077026}, "garch_variance": 2.8046464888258434e-06, "prev_return": 0.0, "boundary_trend": -1, "trend_ou": -0.14337433051748044, "reversion_strength": {"s1": 0.0062823601171641975, "m1": 0.013292119646085305, "m5": 0.03312992683192555, "h1": 0.04623311401955329, "d1": 0.05}}, "AMZN": {"p": 156.14031446178467, "d1_open": 158.98498094367304, "h1_open": 156.39399479459698, "m5_open": 155.8316152576379, "m1_open": 156.45005754162506, "band": {"m1": 0.0019798208112385795, "m5": 0.004971851345728608, "h1": 0.011071727494711133, "d1": 0.036027109883721674}, "garch_variance": 4.402725510381493e-06, "prev_return": -0.0021601486188111874, "boundary_trend": 1, "trend_ou": 0.1093167361328674, "reversion_strength": {"s1": 0.002645480578274048, "m1": 0.009447304871809989, "m5": 0.011715152974709363, "h1": 0.04320287271163793, "d1": 0.05}}, "MSFT": {"p": 133.01378541059967, "d1_open": 137.08846618531726, "h1_open": 133.29083440032448, "m5_open": 132.67300009600453, "m1_open": 132.8783489569631, "band": {"m1": 0.001816857213905752, "m5": 0.004643893432383913, "h1": 0.010061879017098187, "d1": 0.031698286280284954}, "garch_variance": 2.7454288180842736e-06, "prev_return": 0.0020378690897250805, "boundary_trend": 0, "trend_ou": -0.01422907818436967, "reversion_strength": {"s1": 0.00502554902391116, "m1": 0.0038098335627198736, "m5": 0.0032918974962767448, "h1": 0.046518504108642444, "d1": 0.05}}, "NVDA": {"p": 77.42771822864486, "d1_open": 77.58920212535816, "h1_open": 77.08644892077346, "m5_open": 77.73335286764028, "m1_open": 77.34727979478974, "band": {"m1": 0.0019777930232706777, "m5": 0.004967770501162443, "h1": 0.01105916175226422, "d1": 0.03597324548356186}, "garch_variance": 4.5734970627434e-06, "prev_return": 0.0010405669212253852, "boundary_trend": 0, "trend_ou": 0.2338230792612949, "reversion_strength": {"s1": 0.0011925680738830492, "m1": 0.020956231791063703, "m5": 0.022867711633453934, "h1": 0.013888096527728985, "d1": 0.05}}}