{"AAPL": {"p": 57.41612526002383, "d1_open": 58.881026803928506, "h1_open": 57.95099828715578, "m5_open": 57.36607864064074, "m1_open": 57.36607864064074, "band": {"m1": 0.0021002441249696733, "m5": 0.005214198589749267, "h1": 0.011817963476432155, "d1": 0.039225930303834075}, "garch_variance": 5.513201075887405e-06, "prev_return": 0.0026157461244199535, "boundary_trend": 0, "trend_ou": -0.18167905467528359, "reversion_strength": {"s1": 0.008338960049529932, "m1": 0.001351140996985631, "m5": 0.013839264509730786, "h1": 0.04009322855887123, "d1": 0.05}}, "GOOG": {"p": 115.91780589138051, "d1_open": 119.02146768303125, "h1_open": 116.73471203161151, "m5_open": 115.8144705098114, "m1_open": 115.8144705098114, "band": {"m1": 0.0017634650764685332, "m5": 0.004536443828487644, "h1": 0.009731020042517764, "d1": 0.030280023867335564}, "garch_variance": 3.5466018127816423e-06, "prev_return": 0.002656873305098225, "boundary_trend": 0, "trend_ou": -0.10058022399911866, "reversion_strength": {"s1": 0.0062823601171641975, "m1": 0.013292119646085305, "m5": 0.03312992683192555, "h1": 0.04623311401955329, "d1": 0.05}}, "AMZN": {"p": 155.2971939856048, "d1_open": 158.98498094367304, "h1_open": 155.272478808972, "m5_open": 155.57368374848565, "m1_open": 155.57368374848565, "band": {"m1": 0.0017772270747786008, "m5": 0.004564139315842438, "h1": 0.009816300026942445, "d1": 0.030645585649783254}, "garch_variance": 3.5387605753579537e-06, "prev_return": -0.003554457891854949, "boundary_trend": 1, "trend_ou": 0.09222778574256493, "reversion_strength": {"s1": 0.002645480578274048, "m1": 0.009447304871809989, "m5": 0.011715152974709363, "h1": 0.04320287271163793, "d1": 0.05}}, "MSFT": {"p": 133.5137288743464, "d1_open": 137.08846618531726, "h1_open": 133.13886604045118, "m5_open": 133.26757568385742, "m1_open": 133.26757568385742, "band": {"m1": 0.0018470598660315942, "m5": 0.004704675097312659, "h1": 0.01024903800700968, "d1": 0.03250056332588622}, "garch_variance": 5.128784379985865e-06, "prev_return": 0.0, "boundary_trend": -1, "trend_ou": -0.01807956023212951, "reversion_strength": {"s1": 0.00502554902391116, "m1": 0.0038098335627198736, "m5": 0.0032918974962767448, "h1": 0.046518504108642444, "d1": 0.05}}, "NVDA": {"p": 77.75007910888161, "d1_open": 77.58920212535816, "h1_open": 77.04681052606045, "m5_open": 77.6806405787841, "m1_open": 77.6806405787841, "band": {"m1": 0.0016661223387758072, "m5": 0.004340545347750463, "h1": 0.009127809159384697, "d1": 0.027694295843138723}, "garch_variance": 2.5768718852196787e-06, "prev_return": 0.0015905613883713929, "boundary_trend": -1, "trend_ou": 0.25253216370725307, "reversion_strength": {"s1": 0.0011925680738830492, "m1": 0.020956231791063703, "m5": 0.022867711633453934, "h1": 0.013888096527728985, "d1": 0.05}}}