{"AAPL": {"p": 89.75138842675248, "d1_open": 87.95021220263737, "h1_open": 90.00052714134381, "m5_open": 90.00052714134381, "m1_open": 89.42548881788287, "band": {"m1": 0.0036443704493840457, "m5": 0.008309231694513145, "h1": 0.01718979098473603, "d1": 0.05367962987187695}, "garch_variance": 7.312229906800713e-06, "prev_return": 0.005475174647299105, "boundary_trend": -1, "trend_ou": 0.07624442487510907, "reversion_strength": {"s1": 0.008338960049529932, "m1": 0.001351140996985631, "m5": 0.013839264509730786, "h1": 0.04009322855887123, "d1": 0.05}}, "GOOG": {"p": 175.58543138871795, "d1_open": 175.76656301755804, "h1_open": 176.08648575624287, "m5_open": 176.08648575624287, "m1_open": 176.1950213116907, "band": {"m1": 0.0034597454481667435, "m5": 0.007937681046752059, "h1": 0.01604571169672301, "d1": 0.04877541153026944}, "garch_variance": 7.64952614692343e-06, "prev_return": 0.0, "boundary_trend": 1, "trend_ou": 0.024781437762241943, "reversion_strength": {"s1": 0.0062823601171641975, "m1": 0.013292119646085305, "m5": 0.03312992683192555, "h1": 0.04623311401955329, "d1": 0.05}}, "AMZN": {"p": 169.97947469382527, "d1_open": 169.8941041712876, "h1_open": 171.4747272210238, "m5_open": 171.4747272210238, "m1_open": 170.4048585656549, "band": {"m1": 0.0038484623037300875, "m5": 0.008719958628487704, "h1": 0.018454501949502117, "d1": 0.05910094880949187}, "garch_variance": 1.326139692338134e-05, "prev_return": -0.006340509949604396, "boundary_trend": 1, "trend_ou": 0.07691792960607913, "reversion_strength": {"s1": 0.002645480578274048, "m1": 0.009447304871809989, "m5": 0.011715152974709363, "h1": 0.04320287271163793, "d1": 0.05}}, "MSFT": {"p": 160.53696705363967, "d1_open": 164.41906387237157, "h1_open": 160.99657128302283, "m5_open": 160.99657128302283, "m1_open": 160.62478272658606, "band": {"m1": 0.0036080186360251897, "m5": 0.008236075081314935, "h1": 0.016964527036346762, "d1": 0.05271401184262984}, "garch_variance": 9.199190680995405e-06, "prev_return": -0.0037938157731608278, "boundary_trend": 0, "trend_ou": 0.02678311942064189, "reversion_strength": {"s1": 0.00502554902391116, "m1": 0.0038098335627198736, "m5": 0.0032918974962767448, "h1": 0.046518504108642444, "d1": 0.05}}, "NVDA": {"p": 102.07329166862279, "d1_open": 97.6331941946038, "h1_open": 102.01551314508438, "m5_open": 102.01551314508438, "m1_open": 101.88656906278419, "band": {"m1": 0.0033355855206550263, "m5": 0.007687814012554179, "h1": 0.015276320766292286, "d1": 0.04547733494377864}, "garch_variance": 4.563525477395848e-06, "prev_return": 0.0, "boundary_trend": -1, "trend_ou": 0.04124788187382726, "reversion_strength": {"s1": 0.0011925680738830492, "m1": 0.020956231791063703, "m5": 0.022867711633453934, "h1": 0.013888096527728985, "d1": 0.05}}}