{"AAPL": {"p": 88.80570869315129, "d1_open": 87.95021220263737, "h1_open": 88.46025421232386, "m5_open": 88.67954470103834, "m1_open": 88.79936326947792, "reversion_strength": {"s1": 0.008338960049529932, "m1": 0.001351140996985631, "m5": 0.013839264509730786, "h1": 0.04009322855887123, "d1": 0.05}, "garch_variance": 1.0897372611968258e-06, "prev_return": 7.145543318041593e-05, "boundary_trend": -1}, "GOOG": {"p": 175.50528508159, "d1_open": 175.76656301755804, "h1_open": 171.25338368742615, "m5_open": 174.28904531343082, "m1_open": 175.80116013132144, "reversion_strength": {"s1": 0.0062823601171641975, "m1": 0.013292119646085305, "m5": 0.03312992683192555, "h1": 0.04623311401955329, "d1": 0.05}, "garch_variance": 1.6176801908226697e-06, "prev_return": -0.0016844275060721673, "boundary_trend": 0}, "AMZN": {"p": 167.25821786001083, "d1_open": 169.8941041712876, "h1_open": 168.5021874081404, "m5_open": 167.2568774362557, "m1_open": 167.3834481446311, "reversion_strength": {"s1": 0.002645480578274048, "m1": 0.009447304871809989, "m5": 0.011715152974709363, "h1": 0.04320287271163793, "d1": 0.05}, "garch_variance": 2.357058007838846e-06, "prev_return": -0.0007484441011859326, "boundary_trend": 1}, "MSFT": {"p": 165.11205286459412, "d1_open": 164.41906387237157, "h1_open": 164.11163536945244, "m5_open": 164.57030429193398, "m1_open": 165.11205286459412, "reversion_strength": {"s1": 0.00502554902391116, "m1": 0.0038098335627198736, "m5": 0.0032918974962767448, "h1": 0.046518504108642444, "d1": 0.05}, "garch_variance": 1.351523608505006e-06, "prev_return": 0.0, "boundary_trend": -1}, "NVDA": {"p": 97.05775585925333, "d1_open": 97.6331941946038, "h1_open": 97.10451824378742, "m5_open": 97.22579362349654, "m1_open": 97.05239559777479, "reversion_strength": {"s1": 0.0011925680738830492, "m1": 0.020956231791063703, "m5": 0.022867711633453934, "h1": 0.013888096527728985, "d1": 0.05}, "garch_variance": 1.2769902255375835e-06, "prev_return": 5.522906905875159e-05, "boundary_trend": -1}}