{"AAPL": {"p": 88.62511329556145, "d1_open": 87.95021220263737, "h1_open": 88.46025421232386, "m5_open": 88.71364479227643, "m1_open": 88.74502033080873, "reversion_strength": {"s1": 0.008338960049529932, "m1": 0.001351140996985631, "m5": 0.013839264509730786, "h1": 0.04009322855887123, "d1": 0.05}, "garch_variance": 9.548410813466135e-07, "prev_return": -0.0013520546110228153, "boundary_trend": 1}, "GOOG": {"p": 172.67714395852235, "d1_open": 175.76656301755804, "h1_open": 171.25338368742615, "m5_open": 170.11830882226877, "m1_open": 172.6139568944363, "reversion_strength": {"s1": 0.0062823601171641975, "m1": 0.013292119646085305, "m5": 0.03312992683192555, "h1": 0.04623311401955329, "d1": 0.05}, "garch_variance": 1.3748187362376812e-06, "prev_return": 0.0003659930107395789, "boundary_trend": 0}, "AMZN": {"p": 168.09090500197118, "d1_open": 169.8941041712876, "h1_open": 168.5021874081404, "m5_open": 168.25616323207532, "m1_open": 168.10668161151605, "reversion_strength": {"s1": 0.002645480578274048, "m1": 0.009447304871809989, "m5": 0.011715152974709363, "h1": 0.04320287271163793, "d1": 0.05}, "garch_variance": 1.6045190488459774e-06, "prev_return": -9.385319933659603e-05, "boundary_trend": 0}, "MSFT": {"p": 164.28211747738672, "d1_open": 164.41906387237157, "h1_open": 164.11163536945244, "m5_open": 164.1213540649923, "m1_open": 164.17909625874253, "reversion_strength": {"s1": 0.00502554902391116, "m1": 0.0038098335627198736, "m5": 0.0032918974962767448, "h1": 0.046518504108642444, "d1": 0.05}, "garch_variance": 1.2170895710673454e-06, "prev_return": 0.0006272961172529461, "boundary_trend": 0}, "NVDA": {"p": 96.91104638265594, "d1_open": 97.6331941946038, "h1_open": 97.10451824378742, "m5_open": 96.25723778437123, "m1_open": 96.83305042167298, "reversion_strength": {"s1": 0.0011925680738830492, "m1": 0.020956231791063703, "m5": 0.022867711633453934, "h1": 0.013888096527728985, "d1": 0.05}, "garch_variance": 1.131552254313235e-06, "prev_return": 0.0008051441719556321, "boundary_trend": 0}}