{"AAPL": {"p": 88.34151974870821, "d1_open": 87.95021220263737, "h1_open": 86.8359256319159, "m5_open": 88.49245837056161, "m1_open": 88.31893893796851, "reversion_strength": {"s1": 0.008338960049529932, "m1": 0.001351140996985631, "m5": 0.013839264509730786, "h1": 0.04009322855887123, "d1": 0.05}, "garch_variance": 1.0851976533637548e-06, "prev_return": 0.00025564080417930687, "boundary_trend": 0}, "GOOG": {"p": 170.23388091561495, "d1_open": 175.76656301755804, "h1_open": 175.75153234700423, "m5_open": 170.18749775387968, "m1_open": 170.26190488653194, "reversion_strength": {"s1": 0.0062823601171641975, "m1": 0.013292119646085305, "m5": 0.03312992683192555, "h1": 0.04623311401955329, "d1": 0.05}, "garch_variance": 1.4952951789180558e-06, "prev_return": -0.0001646068594608488, "boundary_trend": 0}, "AMZN": {"p": 167.7324772870696, "d1_open": 169.8941041712876, "h1_open": 166.80472498164232, "m5_open": 169.52457644966026, "m1_open": 167.87314340362207, "reversion_strength": {"s1": 0.002645480578274048, "m1": 0.009447304871809989, "m5": 0.011715152974709363, "h1": 0.04320287271163793, "d1": 0.05}, "garch_variance": 1.012290321975808e-06, "prev_return": -0.000838282293963672, "boundary_trend": 1}, "MSFT": {"p": 164.07749432039486, "d1_open": 164.41906387237157, "h1_open": 164.04525621182805, "m5_open": 164.06148245335197, "m1_open": 164.01219811494659, "reversion_strength": {"s1": 0.00502554902391116, "m1": 0.0038098335627198736, "m5": 0.0032918974962767448, "h1": 0.046518504108642444, "d1": 0.05}, "garch_variance": 1.1491382316634936e-06, "prev_return": 0.00039803875474236087, "boundary_trend": 0}, "NVDA": {"p": 95.73899064433958, "d1_open": 97.6331941946038, "h1_open": 96.51017604046937, "m5_open": 95.8346390185308, "m1_open": 95.78502159870449, "reversion_strength": {"s1": 0.0011925680738830492, "m1": 0.020956231791063703, "m5": 0.022867711633453934, "h1": 0.013888096527728985, "d1": 0.05}, "garch_variance": 1.3917668761854082e-06, "prev_return": -0.0004806807743020554, "boundary_trend": 0}}