{"AAPL": {"p": 89.24031095988927, "d1_open": 87.95021220263737, "h1_open": 89.17288531883615, "m5_open": 89.18121684193379, "m1_open": 89.18121684193379, "reversion_strength": {"s1": 0.008338960049529932, "m1": 0.001351140996985631, "m5": 0.013839264509730786, "h1": 0.04009322855887123, "d1": 0.05}, "garch_variance": 1.1246484687760544e-06, "prev_return": 0.0006624102017770594, "boundary_trend": 0}, "GOOG": {"p": 180.1838494315963, "d1_open": 175.76656301755804, "h1_open": 176.0396410021823, "m5_open": 179.89093899783572, "m1_open": 179.89093899783572, "reversion_strength": {"s1": 0.0062823601171641975, "m1": 0.013292119646085305, "m5": 0.03312992683192555, "h1": 0.04623311401955329, "d1": 0.05}, "garch_variance": 2.007599410106395e-06, "prev_return": 0.0016269425562834572, "boundary_trend": 0}, "AMZN": {"p": 161.7888188069953, "d1_open": 169.8941041712876, "h1_open": 162.3870609310141, "m5_open": 161.50795679055835, "m1_open": 161.50795679055835, "reversion_strength": {"s1": 0.002645480578274048, "m1": 0.009447304871809989, "m5": 0.011715152974709363, "h1": 0.04320287271163793, "d1": 0.05}, "garch_variance": 1.8961201792037008e-06, "prev_return": 0.0017374877097046547, "boundary_trend": 0}, "MSFT": {"p": 164.44408666436934, "d1_open": 164.41906387237157, "h1_open": 164.33550431317852, "m5_open": 164.28418478069275, "m1_open": 164.28418478069275, "reversion_strength": {"s1": 0.00502554902391116, "m1": 0.0038098335627198736, "m5": 0.0032918974962767448, "h1": 0.046518504108642444, "d1": 0.05}, "garch_variance": 1.2853281443698737e-06, "prev_return": 0.0009728515018505717, "boundary_trend": 0}, "NVDA": {"p": 97.69216570061371, "d1_open": 97.6331941946038, "h1_open": 98.01165686841159, "m5_open": 97.68532920703956, "m1_open": 97.68532920703956, "reversion_strength": {"s1": 0.0011925680738830492, "m1": 0.020956231791063703, "m5": 0.022867711633453934, "h1": 0.013888096527728985, "d1": 0.05}, "garch_variance": 1.3831479113039798e-06, "prev_return": 6.998240590794724e-05, "boundary_trend": 0}}