{"AAPL": {"p": 57.90975497297388, "d1_open": 58.881026803928506, "h1_open": 57.95099828715578, "m5_open": 57.79828395725177, "m1_open": 57.79828395725177, "band": {"m1": 0.0020613982004397116, "m5": 0.005136022674641228, "h1": 0.01157724408639604, "d1": 0.03819406086946472}, "garch_variance": 5.527754617326464e-06, "prev_return": 0.003990289948656927, "boundary_trend": 0, "trend_ou": -0.17824378798805462, "reversion_strength": {"s1": 0.008338960049529932, "m1": 0.001351140996985631, "m5": 0.013839264509730786, "h1": 0.04009322855887123, "d1": 0.05}}, "GOOG": {"p": 115.95096512234227, "d1_open": 119.02146768303125, "h1_open": 116.73471203161151, "m5_open": 116.17099145683495, "m1_open": 116.17099145683495, "band": {"m1": 0.001893986887203596, "m5": 0.00479911390570261, "h1": 0.010539834121387738, "d1": 0.03374709199985416}, "garch_variance": 3.716531257571115e-06, "prev_return": -0.0031185277172137947, "boundary_trend": 1, "trend_ou": -0.11322548858990118, "reversion_strength": {"s1": 0.0062823601171641975, "m1": 0.013292119646085305, "m5": 0.03312992683192555, "h1": 0.04623311401955329, "d1": 0.05}}, "AMZN": {"p": 154.12856581551773, "d1_open": 158.98498094367304, "h1_open": 155.272478808972, "m5_open": 154.45475624914312, "m1_open": 154.45475624914312, "band": {"m1": 0.0021118833860915517, "m5": 0.0052376221509180185, "h1": 0.011890089339611665, "d1": 0.03953510553741736}, "garch_variance": 5.938018410513031e-06, "prev_return": -0.004223773051605617, "boundary_trend": 1, "trend_ou": 0.11138765230217798, "reversion_strength": {"s1": 0.002645480578274048, "m1": 0.009447304871809989, "m5": 0.011715152974709363, "h1": 0.04320287271163793, "d1": 0.05}}, "MSFT": {"p": 133.05499365353091, "d1_open": 137.08846618531726, "h1_open": 133.13886604045118, "m5_open": 132.90056074164417, "m1_open": 132.90056074164417, "band": {"m1": 0.0018159861243954233, "m5": 0.004642140398560289, "h1": 0.010056481072831693, "d1": 0.03167514741433739}, "garch_variance": 4.7895636983865825e-06, "prev_return": 0.0023237293587471627, "boundary_trend": 0, "trend_ou": -0.015932455226743678, "reversion_strength": {"s1": 0.00502554902391116, "m1": 0.0038098335627198736, "m5": 0.0032918974962767448, "h1": 0.046518504108642444, "d1": 0.05}}, "NVDA": {"p": 77.5185484647561, "d1_open": 77.58920212535816, "h1_open": 77.04681052606045, "m5_open": 77.37490571439886, "m1_open": 77.37490571439886, "band": {"m1": 0.0019014678072815728, "m5": 0.004814168966948349, "h1": 0.010586191687589838, "d1": 0.03394580866995093}, "garch_variance": 4.216707683619227e-06, "prev_return": 0.003758008194248532, "boundary_trend": 0, "trend_ou": 0.24059090712101686, "reversion_strength": {"s1": 0.0011925680738830492, "m1": 0.020956231791063703, "m5": 0.022867711633453934, "h1": 0.013888096527728985, "d1": 0.05}}}