{"AAPL": {"p": 88.8453359891108, "d1_open": 87.95021220263737, "h1_open": 90.36175952352136, "m5_open": 88.962335514306, "m1_open": 88.82879370647557, "band": {"m1": 0.0035785143259346214, "m5": 0.008176698802622366, "h1": 0.016781695513751384, "d1": 0.05193028494893393}, "garch_variance": 6.022861373280075e-06, "prev_return": -0.003385917433884924, "boundary_trend": 1, "trend_ou": 0.0647787150709494, "reversion_strength": {"s1": 0.008338960049529932, "m1": 0.001351140996985631, "m5": 0.013839264509730786, "h1": 0.04009322855887123, "d1": 0.05}}, "GOOG": {"p": 177.20718722258547, "d1_open": 175.76656301755804, "h1_open": 175.77288560235982, "m5_open": 178.19978304755804, "m1_open": 177.40202953936145, "band": {"m1": 0.004582017737901782, "m5": 0.01019621046295276, "h1": 0.023000178717609197, "d1": 0.0785864788900925}, "garch_variance": 2.5470865311898234e-05, "prev_return": 0.003377350681208203, "boundary_trend": 1, "trend_ou": -0.011547272172182554, "reversion_strength": {"s1": 0.0062823601171641975, "m1": 0.013292119646085305, "m5": 0.03312992683192555, "h1": 0.04623311401955329, "d1": 0.05}}, "AMZN": {"p": 169.8094287893496, "d1_open": 169.8941041712876, "h1_open": 168.9021703391811, "m5_open": 169.7939597233739, "m1_open": 169.72731620890534, "band": {"m1": 0.0035923215185105477, "m5": 0.008204485241682748, "h1": 0.01686725555679849, "d1": 0.05229704723264688}, "garch_variance": 6.878051494813319e-06, "prev_return": -0.0031022103410337683, "boundary_trend": -1, "trend_ou": 0.06516513224040417, "reversion_strength": {"s1": 0.002645480578274048, "m1": 0.009447304871809989, "m5": 0.011715152974709363, "h1": 0.04320287271163793, "d1": 0.05}}, "MSFT": {"p": 160.87093263693623, "d1_open": 164.41906387237157, "h1_open": 160.00715142749434, "m5_open": 159.7271831574236, "m1_open": 160.29811049407522, "band": {"m1": 0.0035734803179865403, "m5": 0.008166568057048303, "h1": 0.016750500907435233, "d1": 0.051796565929581186}, "garch_variance": 6.959890399304823e-06, "prev_return": 0.0, "boundary_trend": -1, "trend_ou": 0.005417763412135091, "reversion_strength": {"s1": 0.00502554902391116, "m1": 0.0038098335627198736, "m5": 0.0032918974962767448, "h1": 0.046518504108642444, "d1": 0.05}}, "NVDA": {"p": 101.75127293051317, "d1_open": 97.6331941946038, "h1_open": 100.4340456706556, "m5_open": 102.27558224212207, "m1_open": 101.88736140312281, "band": {"m1": 0.0037503694341498896, "m5": 0.008522550536447297, "h1": 0.01784664266907684, "d1": 0.05649529493269161}, "garch_variance": 6.9482203026930195e-06, "prev_return": -0.004659176535355907, "boundary_trend": 0, "trend_ou": 0.03809322713869594, "reversion_strength": {"s1": 0.0011925680738830492, "m1": 0.020956231791063703, "m5": 0.022867711633453934, "h1": 0.013888096527728985, "d1": 0.05}}}