{"AAPL": {"p": 89.3118493247566, "d1_open": 87.95021220263737, "h1_open": 90.00052714134381, "m5_open": 89.75226907269757, "m1_open": 89.42362934421007, "band": {"m1": 0.0036767558089094163, "m5": 0.008374405973350194, "h1": 0.01739047571770035, "d1": 0.05453988646300319}, "garch_variance": 9.736608850219681e-06, "prev_return": -0.004920800371962219, "boundary_trend": 0, "trend_ou": 0.0753303061741742, "reversion_strength": {"s1": 0.008338960049529932, "m1": 0.001351140996985631, "m5": 0.013839264509730786, "h1": 0.04009322855887123, "d1": 0.05}}, "GOOG": {"p": 173.56859861596547, "d1_open": 175.76656301755804, "h1_open": 176.08648575624287, "m5_open": 174.69416460581544, "m1_open": 174.08644455507195, "band": {"m1": 0.003487672100444644, "m5": 0.007993882350341708, "h1": 0.016218766831423224, "d1": 0.04951723089069169}, "garch_variance": 7.4860237083868535e-06, "prev_return": -0.0025815514441325594, "boundary_trend": 0, "trend_ou": 0.02126634363410633, "reversion_strength": {"s1": 0.0062823601171641975, "m1": 0.013292119646085305, "m5": 0.03312992683192555, "h1": 0.04623311401955329, "d1": 0.05}}, "AMZN": {"p": 171.4784328506214, "d1_open": 169.8941041712876, "h1_open": 171.4747272210238, "m5_open": 170.091166122583, "m1_open": 170.78058508419625, "band": {"m1": 0.004086224239605946, "m5": 0.00919844529446003, "h1": 0.01992785877831689, "d1": 0.06541665057886421}, "garch_variance": 1.5873770655533443e-05, "prev_return": 0.0024740968360041455, "boundary_trend": -1, "trend_ou": 0.07588993113982646, "reversion_strength": {"s1": 0.002645480578274048, "m1": 0.009447304871809989, "m5": 0.011715152974709363, "h1": 0.04320287271163793, "d1": 0.05}}, "MSFT": {"p": 161.21866494266908, "d1_open": 164.41906387237157, "h1_open": 160.99657128302283, "m5_open": 161.38691588307134, "m1_open": 160.79313279835014, "band": {"m1": 0.0037719240158572117, "m5": 0.008565928295379027, "h1": 0.01798021152665592, "d1": 0.057067852139233266}, "garch_variance": 1.48104749076346e-05, "prev_return": 0.006422017160461649, "boundary_trend": 0, "trend_ou": 0.02250557648778402, "reversion_strength": {"s1": 0.00502554902391116, "m1": 0.0038098335627198736, "m5": 0.0032918974962767448, "h1": 0.046518504108642444, "d1": 0.05}}, "NVDA": {"p": 101.34097014249966, "d1_open": 97.6331941946038, "h1_open": 102.01551314508438, "m5_open": 101.6378473173216, "m1_open": 101.31194213913483, "band": {"m1": 0.0031603373919320255, "m5": 0.007335133956675343, "h1": 0.014190347831895175, "d1": 0.04082219570722336}, "garch_variance": 3.0703122540360745e-06, "prev_return": 0.00345182180871204, "boundary_trend": 0, "trend_ou": 0.04192320412001957, "reversion_strength": {"s1": 0.0011925680738830492, "m1": 0.020956231791063703, "m5": 0.022867711633453934, "h1": 0.013888096527728985, "d1": 0.05}}}