{"AAPL": {"p": 58.14419521222946, "d1_open": 58.881026803928506, "h1_open": 58.1428595806997, "m5_open": 58.171640801011506, "m1_open": 58.276616183418525, "band": {"m1": 0.002272283119052169, "m5": 0.005560420386743498, "h1": 0.01288405013079981, "d1": 0.04379582487221938}, "garch_variance": 5.333894785562348e-06, "prev_return": -0.0011238222291938473, "boundary_trend": 1, "trend_ou": -0.18094480987930783, "reversion_strength": {"s1": 0.008338960049529932, "m1": 0.001351140996985631, "m5": 0.013839264509730786, "h1": 0.04009322855887123, "d1": 0.05}}, "GOOG": {"p": 118.2538593325105, "d1_open": 119.02146768303125, "h1_open": 117.50203204488679, "m5_open": 118.24912058124261, "m1_open": 117.99311301871789, "band": {"m1": 0.0022098434995206327, "m5": 0.005434763076357933, "h1": 0.012497125960257139, "d1": 0.04213723299500585}, "garch_variance": 7.058948609064232e-06, "prev_return": 0.0, "boundary_trend": -1, "trend_ou": -0.12331861352676546, "reversion_strength": {"s1": 0.0062823601171641975, "m1": 0.013292119646085305, "m5": 0.03312992683192555, "h1": 0.04623311401955329, "d1": 0.05}}, "AMZN": {"p": 156.82249662204018, "d1_open": 158.98498094367304, "h1_open": 156.14714668241675, "m5_open": 156.11384225994, "m1_open": 156.82279765529435, "band": {"m1": 0.0017649059570363165, "m5": 0.004539343544694963, "h1": 0.009739948852826402, "d1": 0.03031829816855152}, "garch_variance": 2.2574700860896814e-06, "prev_return": 0.0, "boundary_trend": -1, "trend_ou": 0.0978300620375781, "reversion_strength": {"s1": 0.002645480578274048, "m1": 0.009447304871809989, "m5": 0.011715152974709363, "h1": 0.04320287271163793, "d1": 0.05}}, "MSFT": {"p": 133.05274900565777, "d1_open": 137.08846618531726, "h1_open": 134.15426905759884, "m5_open": 132.97560567397798, "m1_open": 133.27236759587225, "band": {"m1": 0.0022111487265089004, "m5": 0.005437389795002582, "h1": 0.012505214156078867, "d1": 0.042171903912236006}, "garch_variance": 4.93753646422617e-06, "prev_return": 0.0005643447422285098, "boundary_trend": 1, "trend_ou": -0.007670361606147338, "reversion_strength": {"s1": 0.00502554902391116, "m1": 0.0038098335627198736, "m5": 0.0032918974962767448, "h1": 0.046518504108642444, "d1": 0.05}}, "NVDA": {"p": 77.35420689851543, "d1_open": 77.58920212535816, "h1_open": 76.70225877457747, "m5_open": 77.5236416323642, "m1_open": 77.48896098206446, "band": {"m1": 0.0018263088586198282, "m5": 0.004662914500455779, "h1": 0.010120448717213206, "d1": 0.031949351569706796}, "garch_variance": 2.1252096698615988e-06, "prev_return": 8.745468947763278e-05, "boundary_trend": 1, "trend_ou": 0.22872789675201838, "reversion_strength": {"s1": 0.0011925680738830492, "m1": 0.020956231791063703, "m5": 0.022867711633453934, "h1": 0.013888096527728985, "d1": 0.05}}}