{"AAPL": {"p": 87.76333615147713, "d1_open": 87.95021220263737, "h1_open": 87.95021220263737, "m5_open": 87.88643841821613, "m1_open": 87.84484694649139, "reversion_strength": {"s1": 0.008338960049529932, "m1": 0.001351140996985631, "m5": 0.013839264509730786, "h1": 0.04009322855887123, "d1": 0.05}, "garch_variance": 1.2566110509708916e-06, "prev_return": -0.0009283257696771565, "boundary_trend": 0}, "GOOG": {"p": 175.18907903648994, "d1_open": 175.76656301755804, "h1_open": 175.76656301755804, "m5_open": 173.80655726077936, "m1_open": 175.1854198653632, "reversion_strength": {"s1": 0.0062823601171641975, "m1": 0.013292119646085305, "m5": 0.03312992683192555, "h1": 0.04623311401955329, "d1": 0.05}, "garch_variance": 1.3622010392297047e-06, "prev_return": 2.088720005797563e-05, "boundary_trend": 0}, "AMZN": {"p": 172.92676942325375, "d1_open": 169.8941041712876, "h1_open": 169.8941041712876, "m5_open": 171.38253112287015, "m1_open": 172.86207277065674, "reversion_strength": {"s1": 0.002645480578274048, "m1": 0.009447304871809989, "m5": 0.011715152974709363, "h1": 0.04320287271163793, "d1": 0.05}, "garch_variance": 1.7385898124356526e-06, "prev_return": 0.00037419746074777814, "boundary_trend": 0}, "MSFT": {"p": 164.56497190332155, "d1_open": 164.41906387237157, "h1_open": 164.41906387237157, "m5_open": 164.68306588036415, "m1_open": 164.34222653405985, "reversion_strength": {"s1": 0.00502554902391116, "m1": 0.0038098335627198736, "m5": 0.0032918974962767448, "h1": 0.046518504108642444, "d1": 0.05}, "garch_variance": 1.2384266467038346e-06, "prev_return": 0.0013544574540974954, "boundary_trend": 0}, "NVDA": {"p": 97.9459050084802, "d1_open": 97.6331941946038, "h1_open": 97.6331941946038, "m5_open": 98.17178464380801, "m1_open": 98.02140990875863, "reversion_strength": {"s1": 0.0011925680738830492, "m1": 0.020956231791063703, "m5": 0.022867711633453934, "h1": 0.013888096527728985, "d1": 0.05}, "garch_variance": 1.3421074788295706e-06, "prev_return": -0.0007705867077536115, "boundary_trend": 0}}