{"AAPL": {"p": 89.75226907269757, "d1_open": 87.95021220263737, "h1_open": 90.00052714134381, "m5_open": 90.00052714134381, "m1_open": 90.07795863969426, "band": {"m1": 0.0036156410726337802, "m5": 0.00825141493908483, "h1": 0.017011761548414914, "d1": 0.05291648763505837}, "garch_variance": 7.4388535619778145e-06, "prev_return": -0.005989226953949037, "boundary_trend": 1, "trend_ou": 0.07675040068963515, "reversion_strength": {"s1": 0.008338960049529932, "m1": 0.001351140996985631, "m5": 0.013839264509730786, "h1": 0.04009322855887123, "d1": 0.05}}, "GOOG": {"p": 174.69416460581544, "d1_open": 175.76656301755804, "h1_open": 176.08648575624287, "m5_open": 176.08648575624287, "m1_open": 174.97784461679336, "band": {"m1": 0.0034445148910151446, "m5": 0.007907030141738507, "h1": 0.015951331386000446, "d1": 0.04837084022495713}, "garch_variance": 6.111793048177504e-06, "prev_return": -0.004928514716367659, "boundary_trend": 1, "trend_ou": 0.02420939361995022, "reversion_strength": {"s1": 0.0062823601171641975, "m1": 0.013292119646085305, "m5": 0.03312992683192555, "h1": 0.04623311401955329, "d1": 0.05}}, "AMZN": {"p": 170.091166122583, "d1_open": 169.8941041712876, "h1_open": 171.4747272210238, "m5_open": 171.4747272210238, "m1_open": 170.6482971007305, "band": {"m1": 0.003976228122760579, "m5": 0.008977082379385506, "h1": 0.019246237772413546, "d1": 0.06249480916961907}, "garch_variance": 1.4702963991527525e-05, "prev_return": -0.00638104685033719, "boundary_trend": 0, "trend_ou": 0.07601711013682169, "reversion_strength": {"s1": 0.002645480578274048, "m1": 0.009447304871809989, "m5": 0.011715152974709363, "h1": 0.04320287271163793, "d1": 0.05}}, "MSFT": {"p": 161.38691588307134, "d1_open": 164.41906387237157, "h1_open": 160.99657128302283, "m5_open": 160.99657128302283, "m1_open": 160.79629240794293, "band": {"m1": 0.0036731162533896497, "m5": 0.008367081509155118, "h1": 0.0173679222170353, "d1": 0.05444320846805314}, "garch_variance": 1.0491616207507976e-05, "prev_return": 0.0, "boundary_trend": -1, "trend_ou": 0.01962008355312029, "reversion_strength": {"s1": 0.00502554902391116, "m1": 0.0038098335627198736, "m5": 0.0032918974962767448, "h1": 0.046518504108642444, "d1": 0.05}}, "NVDA": {"p": 101.6378473173216, "d1_open": 97.6331941946038, "h1_open": 102.01551314508438, "m5_open": 102.01551314508438, "m1_open": 101.96945248596097, "band": {"m1": 0.0032520049932113415, "m5": 0.00751961144569075, "h1": 0.01475839118092169, "d1": 0.0432571743317925}, "garch_variance": 3.7219941296953445e-06, "prev_return": 0.0, "boundary_trend": 1, "trend_ou": 0.03691984905451772, "reversion_strength": {"s1": 0.0011925680738830492, "m1": 0.020956231791063703, "m5": 0.022867711633453934, "h1": 0.013888096527728985, "d1": 0.05}}}