{"AAPL": {"p": 89.96295948127816, "d1_open": 87.95021220263737, "h1_open": 90.00052714134381, "m5_open": 90.3060943161685, "m1_open": 89.59470969480887, "band": {"m1": 0.004110173331926327, "m5": 0.009246641913045044, "h1": 0.02007626587545869, "d1": 0.06605281348772304}, "garch_variance": 1.882673315761183e-05, "prev_return": 0.0, "boundary_trend": -1, "trend_ou": 0.0665744567692899, "reversion_strength": {"s1": 0.008338960049529932, "m1": 0.001351140996985631, "m5": 0.013839264509730786, "h1": 0.04009322855887123, "d1": 0.05}}, "GOOG": {"p": 173.85130274081234, "d1_open": 175.76656301755804, "h1_open": 176.08648575624287, "m5_open": 173.89624531506882, "m1_open": 173.2579102310364, "band": {"m1": 0.0034249086173594387, "m5": 0.007867573277126848, "h1": 0.015829835751840864, "d1": 0.04785003618304019}, "garch_variance": 5.388567823548091e-06, "prev_return": 0.0031815469513017747, "boundary_trend": -1, "trend_ou": 0.01269087998464311, "reversion_strength": {"s1": 0.0062823601171641975, "m1": 0.013292119646085305, "m5": 0.03312992683192555, "h1": 0.04623311401955329, "d1": 0.05}}, "AMZN": {"p": 169.07777877588208, "d1_open": 169.8941041712876, "h1_open": 171.4747272210238, "m5_open": 169.42244265706864, "m1_open": 169.30971670560814, "band": {"m1": 0.004448511580964104, "m5": 0.009927534504858095, "h1": 0.022172871321711946, "d1": 0.07504013717442928}, "garch_variance": 2.0322035237896632e-05, "prev_return": -0.0058094886167336, "boundary_trend": 0, "trend_ou": 0.06441249943084577, "reversion_strength": {"s1": 0.002645480578274048, "m1": 0.009447304871809989, "m5": 0.011715152974709363, "h1": 0.04320287271163793, "d1": 0.05}}, "MSFT": {"p": 162.80019750687867, "d1_open": 164.41906387237157, "h1_open": 160.99657128302283, "m5_open": 161.44720687590916, "m1_open": 162.1340084856998, "band": {"m1": 0.004108878990909558, "m5": 0.00924403710199544, "h1": 0.020068245137535072, "d1": 0.06601843173599452}, "garch_variance": 1.2360124746349229e-05, "prev_return": 0.0, "boundary_trend": -1, "trend_ou": 0.008636767395792725, "reversion_strength": {"s1": 0.00502554902391116, "m1": 0.0038098335627198736, "m5": 0.0032918974962767448, "h1": 0.046518504108642444, "d1": 0.05}}, "NVDA": {"p": 100.7986222974022, "d1_open": 97.6331941946038, "h1_open": 102.01551314508438, "m5_open": 101.39832577312721, "m1_open": 101.09571206506688, "band": {"m1": 0.0029386980080169166, "m5": 0.006889093300642521, "h1": 0.012816898803468153, "d1": 0.03493475941933022}, "garch_variance": 2.449122447546246e-06, "prev_return": -0.00023836816650904977, "boundary_trend": 1, "trend_ou": 0.0478670379500889, "reversion_strength": {"s1": 0.0011925680738830492, "m1": 0.020956231791063703, "m5": 0.022867711633453934, "h1": 0.013888096527728985, "d1": 0.05}}}