{"AAPL": {"p": 87.96002668526393, "d1_open": 87.95021220263737, "h1_open": 87.95021220263737, "m5_open": 87.95021220263737, "m1_open": 87.95003211430654, "reversion_strength": {"s1": 0.008338960049529932, "m1": 0.001351140996985631, "m5": 0.013839264509730786, "h1": 0.04009322855887123, "d1": 0.05}, "garch_variance": 1.69908689963976e-06, "prev_return": 0.00011363273978009718, "boundary_trend": 0}, "GOOG": {"p": 175.01507776094493, "d1_open": 175.76656301755804, "h1_open": 175.76656301755804, "m5_open": 175.76656301755804, "m1_open": 174.87352273809515, "reversion_strength": {"s1": 0.0062823601171641975, "m1": 0.013292119646085305, "m5": 0.03312992683192555, "h1": 0.04623311401955329, "d1": 0.05}, "garch_variance": 2.708102947699871e-06, "prev_return": 0.0008091434266281101, "boundary_trend": 0}, "AMZN": {"p": 170.18729894831387, "d1_open": 169.8941041712876, "h1_open": 169.8941041712876, "m5_open": 169.8941041712876, "m1_open": 170.00999960547063, "reversion_strength": {"s1": 0.002645480578274048, "m1": 0.009447304871809989, "m5": 0.011715152974709363, "h1": 0.04320287271163793, "d1": 0.05}, "garch_variance": 2.5308705226730627e-06, "prev_return": 0.0010423325502543015, "boundary_trend": 0}, "MSFT": {"p": 164.7345522381979, "d1_open": 164.41906387237157, "h1_open": 164.41906387237157, "m5_open": 164.41906387237157, "m1_open": 164.46118449155423, "reversion_strength": {"s1": 0.00502554902391116, "m1": 0.0038098335627198736, "m5": 0.0032918974962767448, "h1": 0.046518504108642444, "d1": 0.05}, "garch_variance": 2.2160315547920626e-06, "prev_return": 0.0016608222949413942, "boundary_trend": 0}, "NVDA": {"p": 98.19337097962745, "d1_open": 97.6331941946038, "h1_open": 97.6331941946038, "m5_open": 97.6331941946038, "m1_open": 98.24288283938245, "reversion_strength": {"s1": 0.0011925680738830492, "m1": 0.020956231791063703, "m5": 0.022867711633453934, "h1": 0.013888096527728985, "d1": 0.05}, "garch_variance": 1.8091066517453734e-06, "prev_return": -0.0005041010489754288, "boundary_trend": 0}}