{"AAPL": {"p": 89.52015319814541, "d1_open": 87.95021220263737, "h1_open": 90.36175952352136, "m5_open": 90.04509242433437, "m1_open": 89.86314687772364, "band": {"m1": 0.00381684474109216, "m5": 0.00865632951108057, "h1": 0.01825857507983114, "d1": 0.058261087308701186}, "garch_variance": 9.520175214763326e-06, "prev_return": -0.0008019826622557531, "boundary_trend": 1, "trend_ou": 0.0724329766893078, "reversion_strength": {"s1": 0.008338960049529932, "m1": 0.001351140996985631, "m5": 0.013839264509730786, "h1": 0.04009322855887123, "d1": 0.05}}, "GOOG": {"p": 178.25442088647537, "d1_open": 175.76656301755804, "h1_open": 175.77288560235982, "m5_open": 177.51126941916402, "m1_open": 177.52172203311352, "band": {"m1": 0.004127375765458053, "m5": 0.00928126114272487, "h1": 0.020182865457190873, "d1": 0.0665097640062895}, "garch_variance": 9.643569922526889e-06, "prev_return": 0.0, "boundary_trend": -1, "trend_ou": 0.022795327584158247, "reversion_strength": {"s1": 0.0062823601171641975, "m1": 0.013292119646085305, "m5": 0.03312992683192555, "h1": 0.04623311401955329, "d1": 0.05}}, "AMZN": {"p": 170.23098228070697, "d1_open": 169.8941041712876, "h1_open": 168.9021703391811, "m5_open": 170.31451053171568, "m1_open": 169.68694883425943, "band": {"m1": 0.003206100705947223, "m5": 0.0074272308495876285, "h1": 0.014473932716772168, "d1": 0.04203781267397381}, "garch_variance": 3.565810372920846e-06, "prev_return": 0.0, "boundary_trend": -1, "trend_ou": 0.07246911115361625, "reversion_strength": {"s1": 0.002645480578274048, "m1": 0.009447304871809989, "m5": 0.011715152974709363, "h1": 0.04320287271163793, "d1": 0.05}}, "MSFT": {"p": 162.07726955055682, "d1_open": 164.41906387237157, "h1_open": 160.00715142749434, "m5_open": 161.75082202015346, "m1_open": 161.64971939986756, "band": {"m1": 0.0037670118309467582, "m5": 0.008556042713938986, "h1": 0.017949771830093234, "d1": 0.05693736912135173}, "garch_variance": 1.164816452803511e-05, "prev_return": -0.000449632135059878, "boundary_trend": -1, "trend_ou": 0.015579298726099667, "reversion_strength": {"s1": 0.00502554902391116, "m1": 0.0038098335627198736, "m5": 0.0032918974962767448, "h1": 0.046518504108642444, "d1": 0.05}}, "NVDA": {"p": 101.50485416853142, "d1_open": 97.6331941946038, "h1_open": 100.4340456706556, "m5_open": 100.86520081295372, "m1_open": 101.59784790716841, "band": {"m1": 0.003661947912964218, "m5": 0.008344605657606705, "h1": 0.01729871454267935, "d1": 0.05414654236325375}, "garch_variance": 9.343543439952545e-06, "prev_return": 0.002752938012872248, "boundary_trend": 0, "trend_ou": 0.0393975991541105, "reversion_strength": {"s1": 0.0011925680738830492, "m1": 0.020956231791063703, "m5": 0.022867711633453934, "h1": 0.013888096527728985, "d1": 0.05}}}