{"AAPL": {"p": 83.7687657770279, "d1_open": 81.94143766685488, "h1_open": 83.16511765564458, "m5_open": 83.5831272503324, "m1_open": 83.74182781974591, "band": {"m1": 0.0018949262075361169, "m5": 0.004801004251407158, "h1": 0.010545654876595109, "d1": 0.03377204329016165}, "garch_variance": 2.6374162665588235e-06, "prev_return": -0.0015715061872242685, "boundary_trend": -1, "trend_ou": -0.15017879394269465, "reversion_strength": {"s1": 0.008338960049529932, "m1": 0.001351140996985631, "m5": 0.013839264509730786, "h1": 0.04009322855887123, "d1": 0.05}}, "GOOG": {"p": 152.62173081232976, "d1_open": 151.7016903651911, "h1_open": 152.3937591816353, "m5_open": 152.60926836701512, "m1_open": 152.31775703075778, "band": {"m1": 0.001995655578821434, "m5": 0.005003718200779465, "h1": 0.011169851960534275, "d1": 0.03644773091068392}, "garch_variance": 4.112555153684078e-06, "prev_return": 0.0005002338680020277, "boundary_trend": -1, "trend_ou": -0.0900383275256083, "reversion_strength": {"s1": 0.0062823601171641975, "m1": 0.013292119646085305, "m5": 0.03312992683192555, "h1": 0.04623311401955329, "d1": 0.05}}, "AMZN": {"p": 169.2316428445653, "d1_open": 165.13593115049974, "h1_open": 168.6793807914225, "m5_open": 169.21374692190642, "m1_open": 169.57064321645237, "band": {"m1": 0.0021065371575081666, "m5": 0.005226863073435888, "h1": 0.011856959972782117, "d1": 0.03939309296000808}, "garch_variance": 4.093986835976987e-06, "prev_return": -0.004105491516877498, "boundary_trend": 0, "trend_ou": 0.030542807325077442, "reversion_strength": {"s1": 0.002645480578274048, "m1": 0.009447304871809989, "m5": 0.011715152974709363, "h1": 0.04320287271163793, "d1": 0.05}}, "MSFT": {"p": 161.27162991883628, "d1_open": 158.81978513575737, "h1_open": 159.9210688610481, "m5_open": 160.63290979464585, "m1_open": 160.9543460987627, "band": {"m1": 0.001971265938223727, "m5": 0.004954634995888529, "h1": 0.011018714885566428, "d1": 0.03579986565962993}, "garch_variance": 2.4740363022636294e-06, "prev_return": 0.003942536983206969, "boundary_trend": -1, "trend_ou": 0.12623004692571513, "reversion_strength": {"s1": 0.00502554902391116, "m1": 0.0038098335627198736, "m5": 0.0032918974962767448, "h1": 0.046518504108642444, "d1": 0.05}}, "NVDA": {"p": 99.27774340642122, "d1_open": 100.31090827320226, "h1_open": 98.94100541546996, "m5_open": 99.18958752287226, "m1_open": 99.07827330675032, "band": {"m1": 0.002013257730616054, "m5": 0.005039141847946201, "h1": 0.011278928505747039, "d1": 0.03691529919836848}, "garch_variance": 4.1013110272830796e-06, "prev_return": 0.0, "boundary_trend": -1, "trend_ou": -0.09557699245064821, "reversion_strength": {"s1": 0.0011925680738830492, "m1": 0.020956231791063703, "m5": 0.022867711633453934, "h1": 0.013888096527728985, "d1": 0.05}}}