{"AAPL": {"p": 88.99474520327075, "d1_open": 87.95021220263737, "h1_open": 88.46025421232386, "m5_open": 89.03357672469552, "m1_open": 88.93557753380578, "reversion_strength": {"s1": 0.008338960049529932, "m1": 0.001351140996985631, "m5": 0.013839264509730786, "h1": 0.04009322855887123, "d1": 0.05}, "garch_variance": 1.3316384963845747e-06, "prev_return": 0.0006650656362072721, "boundary_trend": -1}, "GOOG": {"p": 177.05911188861526, "d1_open": 175.76656301755804, "h1_open": 171.25338368742615, "m5_open": 176.00094393463888, "m1_open": 176.99769999454685, "reversion_strength": {"s1": 0.0062823601171641975, "m1": 0.013292119646085305, "m5": 0.03312992683192555, "h1": 0.04623311401955329, "d1": 0.05}, "garch_variance": 1.6515517999267465e-06, "prev_return": 0.0003469041838661547, "boundary_trend": 0}, "AMZN": {"p": 163.16390778570099, "d1_open": 169.8941041712876, "h1_open": 168.5021874081404, "m5_open": 164.8373761347526, "m1_open": 163.3032004000149, "reversion_strength": {"s1": 0.002645480578274048, "m1": 0.009447304871809989, "m5": 0.011715152974709363, "h1": 0.04320287271163793, "d1": 0.05}, "garch_variance": 2.2004988923049324e-06, "prev_return": -0.0008533332717068937, "boundary_trend": 0}, "MSFT": {"p": 164.53790740196777, "d1_open": 164.41906387237157, "h1_open": 164.11163536945244, "m5_open": 164.7490011824109, "m1_open": 164.46909006207906, "reversion_strength": {"s1": 0.00502554902391116, "m1": 0.0038098335627198736, "m5": 0.0032918974962767448, "h1": 0.046518504108642444, "d1": 0.05}, "garch_variance": 1.6738395028674775e-06, "prev_return": 0.0004183336003353137, "boundary_trend": 1}, "NVDA": {"p": 95.76222362226918, "d1_open": 97.6331941946038, "h1_open": 97.10451824378742, "m5_open": 96.08787727464433, "m1_open": 95.77472801262627, "reversion_strength": {"s1": 0.0011925680738830492, "m1": 0.020956231791063703, "m5": 0.022867711633453934, "h1": 0.013888096527728985, "d1": 0.05}, "garch_variance": 1.226954952186384e-06, "prev_return": -0.00013056896090411177, "boundary_trend": 0}}