{"AAPL": {"p": 88.60812243185313, "d1_open": 87.95021220263737, "h1_open": 88.46025421232386, "m5_open": 88.78974935634513, "m1_open": 88.7144537990041, "reversion_strength": {"s1": 0.008338960049529932, "m1": 0.001351140996985631, "m5": 0.013839264509730786, "h1": 0.04009322855887123, "d1": 0.05}, "garch_variance": 9.715169510084745e-07, "prev_return": -0.0011992988389407648, "boundary_trend": 1}, "GOOG": {"p": 174.26505079339205, "d1_open": 175.76656301755804, "h1_open": 171.25338368742615, "m5_open": 173.84821750877873, "m1_open": 174.12270314470018, "reversion_strength": {"s1": 0.0062823601171641975, "m1": 0.013292119646085305, "m5": 0.03312992683192555, "h1": 0.04623311401955329, "d1": 0.05}, "garch_variance": 1.367738661040927e-06, "prev_return": 0.0008171794502202271, "boundary_trend": 0}, "AMZN": {"p": 168.0857340474119, "d1_open": 169.8941041712876, "h1_open": 168.5021874081404, "m5_open": 166.64707079229854, "m1_open": 168.13055011557176, "reversion_strength": {"s1": 0.002645480578274048, "m1": 0.009447304871809989, "m5": 0.011715152974709363, "h1": 0.04320287271163793, "d1": 0.05}, "garch_variance": 1.2789577290217783e-06, "prev_return": -0.0002665907068532119, "boundary_trend": 0}, "MSFT": {"p": 165.0678066966888, "d1_open": 164.41906387237157, "h1_open": 164.11163536945244, "m5_open": 164.98286172730414, "m1_open": 165.03308128442382, "reversion_strength": {"s1": 0.00502554902391116, "m1": 0.0038098335627198736, "m5": 0.0032918974962767448, "h1": 0.046518504108642444, "d1": 0.05}, "garch_variance": 1.5688355026441372e-06, "prev_return": 0.000210392723300098, "boundary_trend": 0}, "NVDA": {"p": 96.37739356271935, "d1_open": 97.6331941946038, "h1_open": 97.10451824378742, "m5_open": 96.14276652925055, "m1_open": 96.4061190391904, "reversion_strength": {"s1": 0.0011925680738830492, "m1": 0.020956231791063703, "m5": 0.022867711633453934, "h1": 0.013888096527728985, "d1": 0.05}, "garch_variance": 1.1427027727687144e-06, "prev_return": -0.0002980076075588411, "boundary_trend": 0}}