{"AAPL": {"p": 88.06557356734403, "d1_open": 87.95021220263737, "h1_open": 86.8359256319159, "m5_open": 87.8551567812688, "m1_open": 87.98442425759256, "reversion_strength": {"s1": 0.008338960049529932, "m1": 0.001351140996985631, "m5": 0.013839264509730786, "h1": 0.04009322855887123, "d1": 0.05}, "garch_variance": 9.787168271938155e-07, "prev_return": 0.0009218894234742464, "boundary_trend": 0}, "GOOG": {"p": 175.61548688513747, "d1_open": 175.76656301755804, "h1_open": 175.75153234700423, "m5_open": 175.5295790680507, "m1_open": 175.4674351307632, "reversion_strength": {"s1": 0.0062823601171641975, "m1": 0.013292119646085305, "m5": 0.03312992683192555, "h1": 0.04623311401955329, "d1": 0.05}, "garch_variance": 1.177433660244199e-06, "prev_return": 0.0008434005408194254, "boundary_trend": 0}, "AMZN": {"p": 167.41762412541388, "d1_open": 169.8941041712876, "h1_open": 166.80472498164232, "m5_open": 168.84608244383088, "m1_open": 167.28088776316298, "reversion_strength": {"s1": 0.002645480578274048, "m1": 0.009447304871809989, "m5": 0.011715152974709363, "h1": 0.04320287271163793, "d1": 0.05}, "garch_variance": 1.489145441062194e-06, "prev_return": 0.0008170718721546169, "boundary_trend": 0}, "MSFT": {"p": 164.51989198817614, "d1_open": 164.41906387237157, "h1_open": 164.04525621182805, "m5_open": 164.48548909166684, "m1_open": 164.5760507505828, "reversion_strength": {"s1": 0.00502554902391116, "m1": 0.0038098335627198736, "m5": 0.0032918974962767448, "h1": 0.046518504108642444, "d1": 0.05}, "garch_variance": 1.2965400241844282e-06, "prev_return": -0.0003412911291729503, "boundary_trend": 0}, "NVDA": {"p": 96.07365862033615, "d1_open": 97.6331941946038, "h1_open": 96.51017604046937, "m5_open": 95.77286922788304, "m1_open": 96.12530768849989, "reversion_strength": {"s1": 0.0011925680738830492, "m1": 0.020956231791063703, "m5": 0.022867711633453934, "h1": 0.013888096527728985, "d1": 0.05}, "garch_variance": 1.1399149370428818e-06, "prev_return": -0.0005374541850970245, "boundary_trend": 0}}0}}