{"AAPL": {"p": 89.17695407049477, "d1_open": 87.95021220263737, "h1_open": 89.17288531883615, "m5_open": 89.41783320460887, "m1_open": 89.29760772923048, "reversion_strength": {"s1": 0.008338960049529932, "m1": 0.001351140996985631, "m5": 0.013839264509730786, "h1": 0.04009322855887123, "d1": 0.05}, "garch_variance": 1.504463960385643e-06, "prev_return": -0.0013520546110228153, "boundary_trend": 1}, "GOOG": {"p": 182.69292799467055, "d1_open": 175.76656301755804, "h1_open": 176.0396410021823, "m5_open": 182.65625418130696, "m1_open": 182.67120034821497, "reversion_strength": {"s1": 0.0062823601171641975, "m1": 0.013292119646085305, "m5": 0.03312992683192555, "h1": 0.04623311401955329, "d1": 0.05}, "garch_variance": 3.068874202979775e-06, "prev_return": 0.00011893694424654895, "boundary_trend": 0}, "AMZN": {"p": 166.4701774777062, "d1_open": 169.8941041712876, "h1_open": 162.3870609310141, "m5_open": 167.71057554158588, "m1_open": 166.3852505218449, "reversion_strength": {"s1": 0.002645480578274048, "m1": 0.009447304871809989, "m5": 0.011715152974709363, "h1": 0.04320287271163793, "d1": 0.05}, "garch_variance": 1.6214022736507804e-06, "prev_return": 0.0005102933619835785, "boundary_trend": 0}, "MSFT": {"p": 164.12105915758528, "d1_open": 164.41906387237157, "h1_open": 164.33550431317852, "m5_open": 164.0947884242146, "m1_open": 164.63226768311938, "reversion_strength": {"s1": 0.00502554902391116, "m1": 0.0038098335627198736, "m5": 0.0032918974962767448, "h1": 0.046518504108642444, "d1": 0.05}, "garch_variance": 1.4591061445433418e-06, "prev_return": -0.003109984878212768, "boundary_trend": 0}, "NVDA": {"p": 97.74203085335694, "d1_open": 97.6331941946038, "h1_open": 98.01165686841159, "m5_open": 98.4952491601625, "m1_open": 97.676340957462, "reversion_strength": {"s1": 0.0011925680738830492, "m1": 0.020956231791063703, "m5": 0.022867711633453934, "h1": 0.013888096527728985, "d1": 0.05}, "garch_variance": 1.3186983349536978e-06, "prev_return": 0.0006723001298237653, "boundary_trend": -1}}