{"AAPL": {"p": 58.261314492232806, "d1_open": 58.881026803928506, "h1_open": 57.935104588267784, "m5_open": 58.10986597350929, "m1_open": 58.35370018659854, "band": {"m1": 0.0015832019918241686, "m5": 0.004173671368498906, "h1": 0.008613970562896, "d1": 0.025491671692934672}, "garch_variance": 1.9747795618483492e-06, "prev_return": 0.0, "boundary_trend": 1, "trend_ou": -0.16076176073442358, "reversion_strength": {"s1": 0.008338960049529932, "m1": 0.001351140996985631, "m5": 0.013839264509730786, "h1": 0.04009322855887123, "d1": 0.05}}, "GOOG": {"p": 115.89004302246946, "d1_open": 119.02146768303125, "h1_open": 116.09550753836272, "m5_open": 116.24545513629725, "m1_open": 116.07945898008799, "band": {"m1": 0.001631778432487623, "m5": 0.004271429569584527, "h1": 0.008914987756028146, "d1": 0.026782014115147173}, "garch_variance": 3.7202002096153616e-06, "prev_return": -0.0026558411903532483, "boundary_trend": 1, "trend_ou": -0.12040639675856497, "reversion_strength": {"s1": 0.0062823601171641975, "m1": 0.013292119646085305, "m5": 0.03312992683192555, "h1": 0.04623311401955329, "d1": 0.05}}, "AMZN": {"p": 155.9189230067426, "d1_open": 158.98498094367304, "h1_open": 156.28356493298796, "m5_open": 156.64382952261067, "m1_open": 156.0551323865334, "band": {"m1": 0.0018088292406846292, "m5": 0.004627737447924333, "h1": 0.010012131486555454, "d1": 0.031485038165146834}, "garch_variance": 3.497804554004642e-06, "prev_return": 0.0, "boundary_trend": 1, "trend_ou": 0.054762737214283534, "reversion_strength": {"s1": 0.002645480578274048, "m1": 0.009447304871809989, "m5": 0.011715152974709363, "h1": 0.04320287271163793, "d1": 0.05}}, "MSFT": {"p": 134.78273798731692, "d1_open": 137.08846618531726, "h1_open": 133.73171007353216, "m5_open": 134.3164812324416, "m1_open": 134.5485915784405, "band": {"m1": 0.0017402367882825471, "m5": 0.004489697800241306, "h1": 0.009587079605229394, "d1": 0.02966300777409379}, "garch_variance": 3.5525525393775035e-06, "prev_return": 0.0034804770900214886, "boundary_trend": -1, "trend_ou": -0.038626500864395445, "reversion_strength": {"s1": 0.00502554902391116, "m1": 0.0038098335627198736, "m5": 0.0032918974962767448, "h1": 0.046518504108642444, "d1": 0.05}}, "NVDA": {"p": 77.66955150060348, "d1_open": 77.58920212535816, "h1_open": 77.45406808949511, "m5_open": 77.41602174839632, "m1_open": 77.54112829143232, "band": {"m1": 0.0016561947446585151, "m5": 0.004320566449981102, "h1": 0.009066290108690013, "d1": 0.02743058784672954}, "garch_variance": 3.6671227834942774e-06, "prev_return": 0.0, "boundary_trend": -1, "trend_ou": 0.2250260411033763, "reversion_strength": {"s1": 0.0011925680738830492, "m1": 0.020956231791063703, "m5": 0.022867711633453934, "h1": 0.013888096527728985, "d1": 0.05}}}