{"AAPL": {"p": 90.3060943161685, "d1_open": 87.95021220263737, "h1_open": 90.00052714134381, "m5_open": 89.75226907269757, "m1_open": 89.96648716199019, "band": {"m1": 0.003774818433966765, "m5": 0.008571753199462469, "h1": 0.017998147579672337, "d1": 0.05714473695054029}, "garch_variance": 1.2373602916291267e-05, "prev_return": 0.0, "boundary_trend": -1, "trend_ou": 0.06677728008470245, "reversion_strength": {"s1": 0.008338960049529932, "m1": 0.001351140996985631, "m5": 0.013839264509730786, "h1": 0.04009322855887123, "d1": 0.05}}, "GOOG": {"p": 173.89624531506882, "d1_open": 175.76656301755804, "h1_open": 176.08648575624287, "m5_open": 174.69416460581544, "m1_open": 173.283833682389, "band": {"m1": 0.0035341533001992448, "m5": 0.008087423960436038, "h1": 0.016506800291521316, "d1": 0.05075191715134678}, "garch_variance": 7.96038373535812e-06, "prev_return": 0.00219822524148191, "boundary_trend": -1, "trend_ou": 0.013793293089949277, "reversion_strength": {"s1": 0.0062823601171641975, "m1": 0.013292119646085305, "m5": 0.03312992683192555, "h1": 0.04623311401955329, "d1": 0.05}}, "AMZN": {"p": 169.42244265706864, "d1_open": 169.8941041712876, "h1_open": 171.4747272210238, "m5_open": 170.091166122583, "m1_open": 170.13831870368108, "band": {"m1": 0.0042076120891922095, "m5": 0.009442733629445697, "h1": 0.020680071770124143, "d1": 0.0686410920925494}, "garch_variance": 2.1563480491567473e-05, "prev_return": -0.007751782272713848, "boundary_trend": 1, "trend_ou": 0.06609082987982454, "reversion_strength": {"s1": 0.002645480578274048, "m1": 0.009447304871809989, "m5": 0.011715152974709363, "h1": 0.04320287271163793, "d1": 0.05}}, "MSFT": {"p": 161.44720687590916, "d1_open": 164.41906387237157, "h1_open": 160.99657128302283, "m5_open": 161.38691588307134, "m1_open": 160.78919922822354, "band": {"m1": 0.00409236224102109, "m5": 0.009210797784029261, "h1": 0.01996589458193266, "d1": 0.06557969512279105}, "garch_variance": 2.0178746087644216e-05, "prev_return": 0.0, "boundary_trend": -1, "trend_ou": 0.014090859832754956, "reversion_strength": {"s1": 0.00502554902391116, "m1": 0.0038098335627198736, "m5": 0.0032918974962767448, "h1": 0.046518504108642444, "d1": 0.05}}, "NVDA": {"p": 101.39832577312721, "d1_open": 97.6331941946038, "h1_open": 102.01551314508438, "m5_open": 101.6378473173216, "m1_open": 101.36053221517409, "band": {"m1": 0.003075326946969082, "m5": 0.007164053736314162, "h1": 0.013663557371742916, "d1": 0.03856405200693013}, "garch_variance": 2.914227871043654e-06, "prev_return": 0.0, "boundary_trend": -1, "trend_ou": 0.04738348626047527, "reversion_strength": {"s1": 0.0011925680738830492, "m1": 0.020956231791063703, "m5": 0.022867711633453934, "h1": 0.013888096527728985, "d1": 0.05}}}