{"AAPL": {"p": 57.57053278788063, "d1_open": 58.881026803928506, "h1_open": 57.95099828715578, "m5_open": 57.45893584602888, "m1_open": 57.45893584602888, "band": {"m1": 0.0019422034224717607, "m5": 0.004896147811151829, "h1": 0.010838621062356415, "d1": 0.035027874207419755}, "garch_variance": 3.871875946556548e-06, "prev_return": 0.003884411729148586, "boundary_trend": -1, "trend_ou": -0.18449827576559344, "reversion_strength": {"s1": 0.008338960049529932, "m1": 0.001351140996985631, "m5": 0.013839264509730786, "h1": 0.04009322855887123, "d1": 0.05}}, "GOOG": {"p": 115.97088520873143, "d1_open": 119.02146768303125, "h1_open": 116.73471203161151, "m5_open": 115.7971199061789, "m1_open": 115.7971199061789, "band": {"m1": 0.0017289176345633105, "m5": 0.004466918442793721, "h1": 0.00951693737507297, "d1": 0.02936233559581162}, "garch_variance": 2.896877254797578e-06, "prev_return": -0.0002279483066792578, "boundary_trend": -1, "trend_ou": -0.09291235544076426, "reversion_strength": {"s1": 0.0062823601171641975, "m1": 0.013292119646085305, "m5": 0.03312992683192555, "h1": 0.04623311401955329, "d1": 0.05}}, "AMZN": {"p": 156.18604317988962, "d1_open": 158.98498094367304, "h1_open": 155.272478808972, "m5_open": 155.90065953745932, "m1_open": 155.90065953745932, "band": {"m1": 0.0018305480122855775, "m5": 0.004671445632643094, "h1": 0.010146717791692343, "d1": 0.032061956769562645}, "garch_variance": 3.8577122273180676e-06, "prev_return": 0.002138199828480765, "boundary_trend": -1, "trend_ou": 0.09074405822624805, "reversion_strength": {"s1": 0.002645480578274048, "m1": 0.009447304871809989, "m5": 0.011715152974709363, "h1": 0.04320287271163793, "d1": 0.05}}, "MSFT": {"p": 133.6932266706826, "d1_open": 137.08846618531726, "h1_open": 133.13886604045118, "m5_open": 133.51294943142068, "m1_open": 133.51294943142068, "band": {"m1": 0.0018915855080135825, "m5": 0.0047942812233048495, "h1": 0.010524953318810376, "d1": 0.033683303846618315}, "garch_variance": 4.696868122703882e-06, "prev_return": -0.0005404491639786359, "boundary_trend": -1, "trend_ou": -0.02653075989221695, "reversion_strength": {"s1": 0.00502554902391116, "m1": 0.0038098335627198736, "m5": 0.0032918974962767448, "h1": 0.046518504108642444, "d1": 0.05}}, "NVDA": {"p": 77.73963535739139, "d1_open": 77.58920212535816, "h1_open": 77.04681052606045, "m5_open": 77.61915011524692, "m1_open": 77.61915011524692, "band": {"m1": 0.001644247933615848, "m5": 0.004296523956535927, "h1": 0.008992258428356353, "d1": 0.02711324312389751}, "garch_variance": 2.2147286133843718e-06, "prev_return": 0.0, "boundary_trend": -1, "trend_ou": 0.2544626642824404, "reversion_strength": {"s1": 0.0011925680738830492, "m1": 0.020956231791063703, "m5": 0.022867711633453934, "h1": 0.013888096527728985, "d1": 0.05}}}