{"AAPL": {"p": 58.03152384554596, "d1_open": 58.881026803928506, "h1_open": 57.95099828715578, "m5_open": 57.79828395725177, "m1_open": 57.910766941074584, "band": {"m1": 0.00208522371313514, "m5": 0.005183970594028414, "h1": 0.011724885388610835, "d1": 0.03882694111639073}, "garch_variance": 6.563545539806731e-06, "prev_return": 0.0002518978146823683, "boundary_trend": -1, "trend_ou": -0.17947956435909534, "reversion_strength": {"s1": 0.008338960049529932, "m1": 0.001351140996985631, "m5": 0.013839264509730786, "h1": 0.04009322855887123, "d1": 0.05}}, "GOOG": {"p": 115.71572107514817, "d1_open": 119.02146768303125, "h1_open": 116.73471203161151, "m5_open": 116.17099145683495, "m1_open": 115.75971163981791, "band": {"m1": 0.0018826426542541833, "m5": 0.004776284077277878, "h1": 0.010469536480926021, "d1": 0.0334457536386617}, "garch_variance": 3.789773616363862e-06, "prev_return": 0.0008610598371897783, "boundary_trend": 1, "trend_ou": -0.10665268787518292, "reversion_strength": {"s1": 0.0062823601171641975, "m1": 0.013292119646085305, "m5": 0.03312992683192555, "h1": 0.04623311401955329, "d1": 0.05}}, "AMZN": {"p": 154.26728596677603, "d1_open": 158.98498094367304, "h1_open": 155.272478808972, "m5_open": 154.45475624914312, "m1_open": 153.93320113893725, "band": {"m1": 0.0021703233959075824, "m5": 0.005355230402016979, "h1": 0.012252228835243162, "d1": 0.04108745525242791}, "garch_variance": 8.108689216291842e-06, "prev_return": 2.4237567523836138e-05, "boundary_trend": -1, "trend_ou": 0.10725277927870328, "reversion_strength": {"s1": 0.002645480578274048, "m1": 0.009447304871809989, "m5": 0.011715152974709363, "h1": 0.04320287271163793, "d1": 0.05}}, "MSFT": {"p": 133.5328398664381, "d1_open": 137.08846618531726, "h1_open": 133.13886604045118, "m5_open": 132.90056074164417, "m1_open": 133.53026624662928, "band": {"m1": 0.0018733263705338133, "m5": 0.0047575354179510984, "h1": 0.010411805582209962, "d1": 0.033198283961230084}, "garch_variance": 4.494426421240031e-06, "prev_return": 0.0018943567365141856, "boundary_trend": -1, "trend_ou": -0.020876592707135256, "reversion_strength": {"s1": 0.00502554902391116, "m1": 0.0038098335627198736, "m5": 0.0032918974962767448, "h1": 0.046518504108642444, "d1": 0.05}}, "NVDA": {"p": 77.46811115396014, "d1_open": 77.58920212535816, "h1_open": 77.04681052606045, "m5_open": 77.37490571439886, "m1_open": 77.31922776327806, "band": {"m1": 0.0019255674815831223, "m5": 0.004862668625924832, "h1": 0.010735531907140116, "d1": 0.03458597150790437}, "garch_variance": 5.561517524954312e-06, "prev_return": 0.0, "boundary_trend": -1, "trend_ou": 0.23931644906250363, "reversion_strength": {"s1": 0.0011925680738830492, "m1": 0.020956231791063703, "m5": 0.022867711633453934, "h1": 0.013888096527728985, "d1": 0.05}}}