{"AAPL": {"p": 89.7554730859511, "d1_open": 87.95021220263737, "h1_open": 90.00052714134381, "m5_open": 90.00052714134381, "m1_open": 90.00052714134381, "band": {"m1": 0.003693695226796164, "m5": 0.008408495894254834, "h1": 0.01749544545109206, "d1": 0.05498985046218315}, "garch_variance": 9.134992828980564e-06, "prev_return": 0.0009740132928570386, "boundary_trend": 1, "trend_ou": 0.07791715945033226, "reversion_strength": {"s1": 0.008338960049529932, "m1": 0.001351140996985631, "m5": 0.013839264509730786, "h1": 0.04009322855887123, "d1": 0.05}}, "GOOG": {"p": 175.61508673419976, "d1_open": 175.76656301755804, "h1_open": 176.08648575624287, "m5_open": 176.08648575624287, "m1_open": 176.08648575624287, "band": {"m1": 0.003467626663308, "m5": 0.007953541686273095, "h1": 0.016094549800706952, "d1": 0.04898476129110932}, "garch_variance": 5.343658559671619e-06, "prev_return": -0.00237941947777644, "boundary_trend": 0, "trend_ou": 0.016890528253444437, "reversion_strength": {"s1": 0.0062823601171641975, "m1": 0.013292119646085305, "m5": 0.03312992683192555, "h1": 0.04623311401955329, "d1": 0.05}}, "AMZN": {"p": 170.82074565691985, "d1_open": 169.8941041712876, "h1_open": 171.4747272210238, "m5_open": 171.4747272210238, "m1_open": 171.4747272210238, "band": {"m1": 0.0038138656040024284, "m5": 0.00865033411333833, "h1": 0.01824011404249578, "d1": 0.058181952095911496}, "garch_variance": 1.0866395345354248e-05, "prev_return": 0.0, "boundary_trend": 1, "trend_ou": 0.0819440334755686, "reversion_strength": {"s1": 0.002645480578274048, "m1": 0.009447304871809989, "m5": 0.011715152974709363, "h1": 0.04320287271163793, "d1": 0.05}}, "MSFT": {"p": 161.20268550149535, "d1_open": 164.41906387237157, "h1_open": 160.99657128302283, "m5_open": 160.99657128302283, "m1_open": 160.99657128302283, "band": {"m1": 0.003617734370496002, "m5": 0.008255627619770202, "h1": 0.017024733240829367, "d1": 0.05297209218321093}, "garch_variance": 7.060249012532869e-06, "prev_return": -0.0018009999808982205, "boundary_trend": -1, "trend_ou": 0.02645296000629562, "reversion_strength": {"s1": 0.00502554902391116, "m1": 0.0038098335627198736, "m5": 0.0032918974962767448, "h1": 0.046518504108642444, "d1": 0.05}}, "NVDA": {"p": 102.23109676185042, "d1_open": 97.6331941946038, "h1_open": 102.01551314508438, "m5_open": 102.01551314508438, "m1_open": 102.01551314508438, "band": {"m1": 0.0033964332297880162, "m5": 0.007810267665061029, "h1": 0.015653380228895394, "d1": 0.04709364069439353}, "garch_variance": 5.644830162919666e-06, "prev_return": 0.00028099522908094906, "boundary_trend": -1, "trend_ou": 0.04067724087733415, "reversion_strength": {"s1": 0.0011925680738830492, "m1": 0.020956231791063703, "m5": 0.022867711633453934, "h1": 0.013888096527728985, "d1": 0.05}}}