{"AAPL": {"p": 89.22002179877138, "d1_open": 87.95021220263737, "h1_open": 89.17288531883615, "m5_open": 89.17288531883615, "m1_open": 89.09963562825757, "reversion_strength": {"s1": 0.008338960049529932, "m1": 0.001351140996985631, "m5": 0.013839264509730786, "h1": 0.04009322855887123, "d1": 0.05}, "garch_variance": 1.2431236726610579e-06, "prev_return": 0.0013502290273625923, "boundary_trend": -1}, "GOOG": {"p": 178.51092266266838, "d1_open": 175.76656301755804, "h1_open": 176.0396410021823, "m5_open": 176.0396410021823, "m1_open": 178.17320305212752, "reversion_strength": {"s1": 0.0062823601171641975, "m1": 0.013292119646085305, "m5": 0.03312992683192555, "h1": 0.04623311401955329, "d1": 0.05}, "garch_variance": 2.834143559444233e-06, "prev_return": 0.0018936626954438045, "boundary_trend": 0}, "AMZN": {"p": 164.18640908349016, "d1_open": 169.8941041712876, "h1_open": 162.3870609310141, "m5_open": 162.3870609310141, "m1_open": 164.18114604302963, "reversion_strength": {"s1": 0.002645480578274048, "m1": 0.009447304871809989, "m5": 0.011715152974709363, "h1": 0.04320287271163793, "d1": 0.05}, "garch_variance": 1.7785068794613946e-06, "prev_return": 3.205578857474227e-05, "boundary_trend": 0}, "MSFT": {"p": 163.81788612242178, "d1_open": 164.41906387237157, "h1_open": 164.33550431317852, "m5_open": 164.33550431317852, "m1_open": 163.8394432567172, "reversion_strength": {"s1": 0.00502554902391116, "m1": 0.0038098335627198736, "m5": 0.0032918974962767448, "h1": 0.046518504108642444, "d1": 0.05}, "garch_variance": 1.73835830319538e-06, "prev_return": -0.00013158340982249615, "boundary_trend": 1}, "NVDA": {"p": 97.33790269795936, "d1_open": 97.6331941946038, "h1_open": 98.01165686841159, "m5_open": 98.01165686841159, "m1_open": 97.26665792956838, "reversion_strength": {"s1": 0.0011925680738830492, "m1": 0.020956231791063703, "m5": 0.022867711633453934, "h1": 0.013888096527728985, "d1": 0.05}, "garch_variance": 1.3071350152127865e-06, "prev_return": 0.0007322004309067411, "boundary_trend": 0}}