{"AAPL": {"p": 90.21450211209951, "d1_open": 87.95021220263737, "h1_open": 90.06205021135978, "m5_open": 90.06205021135978, "m1_open": 90.09277407151933, "reversion_strength": {"s1": 0.008338960049529932, "m1": 0.001351140996985631, "m5": 0.013839264509730786, "h1": 0.04009322855887123, "d1": 0.05}, "garch_variance": 1.4389361395814934e-06, "prev_return": 0.0013502290273625923, "boundary_trend": -1}, "GOOG": {"p": 184.08784611156995, "d1_open": 175.76656301755804, "h1_open": 182.2768621595806, "m5_open": 182.2768621595806, "m1_open": 183.92539618548128, "reversion_strength": {"s1": 0.0062823601171641975, "m1": 0.013292119646085305, "m5": 0.03312992683192555, "h1": 0.04623311401955329, "d1": 0.05}, "garch_variance": 1.751375061131171e-06, "prev_return": 0.0008828483215771994, "boundary_trend": -1}, "AMZN": {"p": 171.6453651689262, "d1_open": 169.8941041712876, "h1_open": 170.28724881804374, "m5_open": 170.28724881804374, "m1_open": 171.63836620418786, "reversion_strength": {"s1": 0.002645480578274048, "m1": 0.009447304871809989, "m5": 0.011715152974709363, "h1": 0.04320287271163793, "d1": 0.05}, "garch_variance": 2.9107970578658074e-06, "prev_return": 4.077655944433501e-05, "boundary_trend": 0}, "MSFT": {"p": 160.57133316635094, "d1_open": 164.41906387237157, "h1_open": 161.08021439952043, "m5_open": 161.08021439952043, "m1_open": 160.9454323943849, "reversion_strength": {"s1": 0.00502554902391116, "m1": 0.0038098335627198736, "m5": 0.0032918974962767448, "h1": 0.046518504108642444, "d1": 0.05}, "garch_variance": 1.3685255811362572e-06, "prev_return": -0.0023270910691378455, "boundary_trend": 1}, "NVDA": {"p": 98.80983118105442, "d1_open": 97.6331941946038, "h1_open": 98.64308364945421, "m5_open": 98.64308364945421, "m1_open": 98.92780932807827, "reversion_strength": {"s1": 0.0011925680738830492, "m1": 0.020956231791063703, "m5": 0.022867711633453934, "h1": 0.013888096527728985, "d1": 0.05}, "garch_variance": 1.442239760251641e-06, "prev_return": -0.0011932797490587675, "boundary_trend": 1}}