{"AAPL": {"p": 89.11320987002827, "d1_open": 87.95021220263737, "h1_open": 89.17288531883615, "m5_open": 89.23029964044447, "m1_open": 89.23029964044447, "reversion_strength": {"s1": 0.008338960049529932, "m1": 0.001351140996985631, "m5": 0.013839264509730786, "h1": 0.04009322855887123, "d1": 0.05}, "garch_variance": 1.0184395972885969e-06, "prev_return": -0.0013130815644626763, "boundary_trend": 0}, "GOOG": {"p": 174.72493791284143, "d1_open": 175.76656301755804, "h1_open": 176.0396410021823, "m5_open": 174.7021282799731, "m1_open": 174.7021282799731, "reversion_strength": {"s1": 0.0062823601171641975, "m1": 0.013292119646085305, "m5": 0.03312992683192555, "h1": 0.04623311401955329, "d1": 0.05}, "garch_variance": 2.5332509769655862e-06, "prev_return": 0.0001305544710618077, "boundary_trend": 0}, "AMZN": {"p": 164.14619170366535, "d1_open": 169.8941041712876, "h1_open": 162.3870609310141, "m5_open": 164.0504181450035, "m1_open": 164.0504181450035, "reversion_strength": {"s1": 0.002645480578274048, "m1": 0.009447304871809989, "m5": 0.011715152974709363, "h1": 0.04320287271163793, "d1": 0.05}, "garch_variance": 1.7201517501858201e-06, "prev_return": 0.0005836352875468715, "boundary_trend": 0}, "MSFT": {"p": 163.89398555457848, "d1_open": 164.41906387237157, "h1_open": 164.33550431317852, "m5_open": 163.83160687782794, "m1_open": 163.83160687782794, "reversion_strength": {"s1": 0.00502554902391116, "m1": 0.0038098335627198736, "m5": 0.0032918974962767448, "h1": 0.046518504108642444, "d1": 0.05}, "garch_variance": 2.351238387279068e-06, "prev_return": 0.0003806762666342822, "boundary_trend": 0}, "NVDA": {"p": 98.64293499631324, "d1_open": 97.6331941946038, "h1_open": 98.01165686841159, "m5_open": 98.52543670603224, "m1_open": 98.52543670603224, "reversion_strength": {"s1": 0.0011925680738830492, "m1": 0.020956231791063703, "m5": 0.022867711633453934, "h1": 0.013888096527728985, "d1": 0.05}, "garch_variance": 1.1961925475892442e-06, "prev_return": 0.0011918575294366796, "boundary_trend": -1}}