{"AAPL": {"p": 90.73523266589352, "d1_open": 87.95021220263737, "h1_open": 89.92327454616381, "m5_open": 90.66516653293418, "m1_open": 90.61280199426733, "reversion_strength": {"s1": 0.008338960049529932, "m1": 0.001351140996985631, "m5": 0.013839264509730786, "h1": 0.04009322855887123, "d1": 0.05}, "garch_variance": 1.829632154418891e-06, "prev_return": 0.0013502290273625923, "boundary_trend": -1}, "GOOG": {"p": 176.97631377258887, "d1_open": 175.76656301755804, "h1_open": 183.39762262224193, "m5_open": 177.04873167714695, "m1_open": 176.7951247107323, "reversion_strength": {"s1": 0.0062823601171641975, "m1": 0.013292119646085305, "m5": 0.03312992683192555, "h1": 0.04623311401955329, "d1": 0.05}, "garch_variance": 2.1295877187613073e-06, "prev_return": 0.0010243284674198464, "boundary_trend": 0}, "AMZN": {"p": 172.63120262854213, "d1_open": 169.8941041712876, "h1_open": 168.9436681978484, "m5_open": 172.70870948545664, "m1_open": 172.36477669108706, "reversion_strength": {"s1": 0.002645480578274048, "m1": 0.009447304871809989, "m5": 0.011715152974709363, "h1": 0.04320287271163793, "d1": 0.05}, "garch_variance": 1.8234859074763673e-06, "prev_return": 0.0015445164952033752, "boundary_trend": 0}, "MSFT": {"p": 161.75684571177175, "d1_open": 164.41906387237157, "h1_open": 162.58297699275926, "m5_open": 162.25003444197765, "m1_open": 162.16084875334445, "reversion_strength": {"s1": 0.00502554902391116, "m1": 0.0038098335627198736, "m5": 0.0032918974962767448, "h1": 0.046518504108642444, "d1": 0.05}, "garch_variance": 1.523490100865616e-06, "prev_return": -0.0024944809003413135, "boundary_trend": 0}, "NVDA": {"p": 97.56464325422338, "d1_open": 97.6331941946038, "h1_open": 98.32781845318762, "m5_open": 98.99303492301215, "m1_open": 97.6811346568358, "reversion_strength": {"s1": 0.0011925680738830492, "m1": 0.020956231791063703, "m5": 0.022867711633453934, "h1": 0.013888096527728985, "d1": 0.05}, "garch_variance": 1.410686188912118e-06, "prev_return": -0.0011932797490587675, "boundary_trend": 1}}