{"AAPL": {"p": 83.75344191749755, "d1_open": 81.94143766685488, "h1_open": 83.16511765564458, "m5_open": 83.58864617814717, "m1_open": 83.59032644802576, "band": {"m1": 0.0019513677766674023, "m5": 0.0049145907182080355, "h1": 0.010895410488241964, "d1": 0.03527130816077885}, "garch_variance": 2.6814963150398406e-06, "prev_return": 0.0039027405070055014, "boundary_trend": -1, "trend_ou": -0.15105704549961893, "reversion_strength": {"s1": 0.008338960049529932, "m1": 0.001351140996985631, "m5": 0.013839264509730786, "h1": 0.04009322855887123, "d1": 0.05}}, "GOOG": {"p": 151.68213566942055, "d1_open": 151.7016903651911, "h1_open": 152.3937591816353, "m5_open": 151.3456365239431, "m1_open": 152.01482557516678, "band": {"m1": 0.0021885359173847278, "m5": 0.005391882394475094, "h1": 0.01236508770304065, "d1": 0.041571236870769024}, "garch_variance": 4.74621143359991e-06, "prev_return": -0.003156484416283034, "boundary_trend": 1, "trend_ou": -0.07963166319402375, "reversion_strength": {"s1": 0.0062823601171641975, "m1": 0.013292119646085305, "m5": 0.03312992683192555, "h1": 0.04623311401955329, "d1": 0.05}}, "AMZN": {"p": 169.79609991804332, "d1_open": 165.13593115049974, "h1_open": 168.6793807914225, "m5_open": 170.40640269154596, "m1_open": 170.13586428354154, "band": {"m1": 0.001997017894663135, "m5": 0.005006459808525446, "h1": 0.011178293923041767, "d1": 0.036483918286683285}, "garch_variance": 3.519810239366951e-06, "prev_return": -0.0008266751394517275, "boundary_trend": 1, "trend_ou": 0.02387147998828177, "reversion_strength": {"s1": 0.002645480578274048, "m1": 0.009447304871809989, "m5": 0.011715152974709363, "h1": 0.04320287271163793, "d1": 0.05}}, "MSFT": {"p": 160.67366207800998, "d1_open": 158.81978513575737, "h1_open": 159.9210688610481, "m5_open": 160.96181329992777, "m1_open": 160.95848261676574, "band": {"m1": 0.0017695279809135974, "m5": 0.004548645188319868, "h1": 0.009768590487230373, "d1": 0.030441073600507407}, "garch_variance": 3.3000670669432086e-06, "prev_return": 0.0, "boundary_trend": 1, "trend_ou": 0.13068102070230292, "reversion_strength": {"s1": 0.00502554902391116, "m1": 0.0038098335627198736, "m5": 0.0032918974962767448, "h1": 0.046518504108642444, "d1": 0.05}}, "NVDA": {"p": 99.81701673456757, "d1_open": 100.31090827320226, "h1_open": 98.94100541546996, "m5_open": 99.63721065145782, "m1_open": 99.63730984010736, "band": {"m1": 0.0018036104622716235, "m5": 0.004617234858962442, "h1": 0.009979791899545667, "d1": 0.031346411063480774}, "garch_variance": 2.5634559615325312e-06, "prev_return": 0.003607224835993465, "boundary_trend": -1, "trend_ou": -0.06300601637875307, "reversion_strength": {"s1": 0.0011925680738830492, "m1": 0.020956231791063703, "m5": 0.022867711633453934, "h1": 0.013888096527728985, "d1": 0.05}}}