{"AAPL": {"p": 88.3653224849763, "d1_open": 87.95021220263737, "h1_open": 86.8359256319159, "m5_open": 88.35899574781406, "m1_open": 88.40736459510231, "reversion_strength": {"s1": 0.008338960049529932, "m1": 0.001351140996985631, "m5": 0.013839264509730786, "h1": 0.04009322855887123, "d1": 0.05}, "garch_variance": 1.3452275691577914e-06, "prev_return": -0.00047566297274928473, "boundary_trend": 0}, "GOOG": {"p": 171.49999008946196, "d1_open": 175.76656301755804, "h1_open": 175.75153234700423, "m5_open": 173.39562003928023, "m1_open": 171.15805079560695, "reversion_strength": {"s1": 0.0062823601171641975, "m1": 0.013292119646085305, "m5": 0.03312992683192555, "h1": 0.04623311401955329, "d1": 0.05}, "garch_variance": 1.4084672874392624e-06, "prev_return": 0.0019958055353025764, "boundary_trend": 0}, "AMZN": {"p": 170.1667481088209, "d1_open": 169.8941041712876, "h1_open": 166.80472498164232, "m5_open": 168.24357809292263, "m1_open": 169.925454904412, "reversion_strength": {"s1": 0.002645480578274048, "m1": 0.009447304871809989, "m5": 0.011715152974709363, "h1": 0.04320287271163793, "d1": 0.05}, "garch_variance": 1.2289221935321702e-06, "prev_return": 0.0014189872202804753, "boundary_trend": 0}, "MSFT": {"p": 164.4852662109279, "d1_open": 164.41906387237157, "h1_open": 164.04525621182805, "m5_open": 164.4659852367981, "m1_open": 164.20850404700255, "reversion_strength": {"s1": 0.00502554902391116, "m1": 0.0038098335627198736, "m5": 0.0032918974962767448, "h1": 0.046518504108642444, "d1": 0.05}, "garch_variance": 1.1777265124443433e-06, "prev_return": 0.0016840126243582096, "boundary_trend": 0}, "NVDA": {"p": 95.27933980882902, "d1_open": 97.6331941946038, "h1_open": 96.51017604046937, "m5_open": 95.41022629582449, "m1_open": 95.34556267856209, "reversion_strength": {"s1": 0.0011925680738830492, "m1": 0.020956231791063703, "m5": 0.022867711633453934, "h1": 0.013888096527728985, "d1": 0.05}, "garch_variance": 1.1538139141308873e-06, "prev_return": -0.0006947977051582251, "boundary_trend": 0}}