{"AAPL": {"p": 88.48281426991313, "d1_open": 87.95021220263737, "h1_open": 86.8359256319159, "m5_open": 88.49245837056161, "m1_open": 88.42350904844504, "reversion_strength": {"s1": 0.008338960049529932, "m1": 0.001351140996985631, "m5": 0.013839264509730786, "h1": 0.04009322855887123, "d1": 0.05}, "garch_variance": 1.023555041933554e-06, "prev_return": 0.0006704703662060468, "boundary_trend": 0}, "GOOG": {"p": 170.22839896372054, "d1_open": 175.76656301755804, "h1_open": 175.75153234700423, "m5_open": 170.18749775387968, "m1_open": 170.2713141057448, "reversion_strength": {"s1": 0.0062823601171641975, "m1": 0.013292119646085305, "m5": 0.03312992683192555, "h1": 0.04623311401955329, "d1": 0.05}, "garch_variance": 1.6729326181796106e-06, "prev_return": -0.00025207153254044277, "boundary_trend": 0}, "AMZN": {"p": 169.302388989231, "d1_open": 169.8941041712876, "h1_open": 166.80472498164232, "m5_open": 169.52457644966026, "m1_open": 169.22930064189424, "reversion_strength": {"s1": 0.002645480578274048, "m1": 0.009447304871809989, "m5": 0.011715152974709363, "h1": 0.04320287271163793, "d1": 0.05}, "garch_variance": 1.4378208318104048e-06, "prev_return": 0.00043179619935717007, "boundary_trend": 0}, "MSFT": {"p": 164.26893399217354, "d1_open": 164.41906387237157, "h1_open": 164.04525621182805, "m5_open": 164.06148245335197, "m1_open": 164.26413920466953, "reversion_strength": {"s1": 0.00502554902391116, "m1": 0.0038098335627198736, "m5": 0.0032918974962767448, "h1": 0.046518504108642444, "d1": 0.05}, "garch_variance": 1.0973845801401787e-06, "prev_return": 2.91890704195478e-05, "boundary_trend": 0}, "NVDA": {"p": 95.94556317972233, "d1_open": 97.6331941946038, "h1_open": 96.51017604046937, "m5_open": 95.8346390185308, "m1_open": 96.00426246478129, "reversion_strength": {"s1": 0.0011925680738830492, "m1": 0.020956231791063703, "m5": 0.022867711633453934, "h1": 0.013888096527728985, "d1": 0.05}, "garch_variance": 1.1534690665097314e-06, "prev_return": -0.0006116107341245239, "boundary_trend": 0}}