{"AAPL": {"p": 83.39493853590803, "d1_open": 81.94143766685488, "h1_open": 83.16511765564458, "m5_open": 83.5595708993371, "m1_open": 83.5595708993371, "band": {"m1": 0.001970239455004001, "m5": 0.004952569238257166, "h1": 0.011012354001702172, "d1": 0.03577259905001401}, "garch_variance": 2.9669795835421353e-06, "prev_return": -0.000973152949901489, "boundary_trend": 1, "trend_ou": -0.1552168711920124, "reversion_strength": {"s1": 0.008338960049529932, "m1": 0.001351140996985631, "m5": 0.013839264509730786, "h1": 0.04009322855887123, "d1": 0.05}}, "GOOG": {"p": 151.98800949575275, "d1_open": 151.7016903651911, "h1_open": 152.3937591816353, "m5_open": 152.1051864077733, "m1_open": 152.1051864077733, "band": {"m1": 0.0020771902912033492, "m5": 0.0051678036442501345, "h1": 0.011675104093643024, "d1": 0.03861354826643002}, "garch_variance": 3.755093816256609e-06, "prev_return": 0.0013086861271152947, "boundary_trend": 1, "trend_ou": -0.09412992908131937, "reversion_strength": {"s1": 0.0062823601171641975, "m1": 0.013292119646085305, "m5": 0.03312992683192555, "h1": 0.04623311401955329, "d1": 0.05}}, "AMZN": {"p": 168.77685492726434, "d1_open": 165.13593115049974, "h1_open": 168.6793807914225, "m5_open": 169.16229817128644, "m1_open": 169.16229817128644, "band": {"m1": 0.0022785410708467536, "m5": 0.005573014271794846, "h1": 0.01292282923973068, "d1": 0.04396205567395016}, "garch_variance": 4.833102954055213e-06, "prev_return": 0.0, "boundary_trend": 1, "trend_ou": 0.026687826472484855, "reversion_strength": {"s1": 0.002645480578274048, "m1": 0.009447304871809989, "m5": 0.011715152974709363, "h1": 0.04320287271163793, "d1": 0.05}}, "MSFT": {"p": 160.6330269175679, "d1_open": 158.81978513575737, "h1_open": 159.9210688610481, "m5_open": 160.29761981917923, "m1_open": 160.29761981917923, "band": {"m1": 0.0020924022375816255, "m5": 0.005198417095804851, "h1": 0.011769369077621366, "d1": 0.03901762521130752}, "garch_variance": 2.957174551206519e-06, "prev_return": 0.004184810582409201, "boundary_trend": -1, "trend_ou": 0.12557687381622182, "reversion_strength": {"s1": 0.00502554902391116, "m1": 0.0038098335627198736, "m5": 0.0032918974962767448, "h1": 0.046518504108642444, "d1": 0.05}}, "NVDA": {"p": 99.09139135458068, "d1_open": 100.31090827320226, "h1_open": 98.94100541546996, "m5_open": 98.89044186077668, "m1_open": 98.89044186077668, "band": {"m1": 0.0020320416212408305, "m5": 0.005076943698633229, "h1": 0.011395328018653823, "d1": 0.0374142581709962}, "garch_variance": 3.4920493193985316e-06, "prev_return": 0.002682375618520444, "boundary_trend": -1, "trend_ou": -0.09886540010657636, "reversion_strength": {"s1": 0.0011925680738830492, "m1": 0.020956231791063703, "m5": 0.022867711633453934, "h1": 0.013888096527728985, "d1": 0.05}}}