{"AAPL": {"p": 57.459721173089754, "d1_open": 58.881026803928506, "h1_open": 57.95099828715578, "m5_open": 57.45893584602888, "m1_open": 57.57053278788063, "band": {"m1": 0.0019247974514871838, "m5": 0.004861118970249516, "h1": 0.010730760205159878, "d1": 0.034565517096555996}, "garch_variance": 4.4125701018625885e-06, "prev_return": 0.0, "boundary_trend": 1, "trend_ou": -0.18700212712513087, "reversion_strength": {"s1": 0.008338960049529932, "m1": 0.001351140996985631, "m5": 0.013839264509730786, "h1": 0.04009322855887123, "d1": 0.05}}, "GOOG": {"p": 115.77190054705689, "d1_open": 119.02146768303125, "h1_open": 116.73471203161151, "m5_open": 115.7971199061789, "m1_open": 115.97088520873143, "band": {"m1": 0.0017158156662890275, "m5": 0.004440551240263413, "h1": 0.009435747447186832, "d1": 0.029014306278556418}, "garch_variance": 2.6554872358840214e-06, "prev_return": -0.0034316347001850265, "boundary_trend": 1, "trend_ou": -0.09228831655923271, "reversion_strength": {"s1": 0.0062823601171641975, "m1": 0.013292119646085305, "m5": 0.03312992683192555, "h1": 0.04623311401955329, "d1": 0.05}}, "AMZN": {"p": 155.9013923552561, "d1_open": 158.98498094367304, "h1_open": 155.272478808972, "m5_open": 155.90065953745932, "m1_open": 156.18604317988962, "band": {"m1": 0.0018225112746193684, "m5": 0.004655272010078015, "h1": 0.010096915949869839, "d1": 0.031848475843309756}, "garch_variance": 3.7691006704308096e-06, "prev_return": -0.0036450265849516886, "boundary_trend": 1, "trend_ou": 0.09540334422722886, "reversion_strength": {"s1": 0.002645480578274048, "m1": 0.009447304871809989, "m5": 0.011715152974709363, "h1": 0.04320287271163793, "d1": 0.05}}, "MSFT": {"p": 133.44168503613662, "d1_open": 137.08846618531726, "h1_open": 133.13886604045118, "m5_open": 133.51294943142068, "m1_open": 133.6932266706826, "band": {"m1": 0.0018814837580783542, "m5": 0.0047739518437126625, "h1": 0.01046235506398367, "d1": 0.033414969726168565}, "garch_variance": 4.268294183840841e-06, "prev_return": -0.003017472467906144, "boundary_trend": 1, "trend_ou": -0.028104358507578562, "reversion_strength": {"s1": 0.00502554902391116, "m1": 0.0038098335627198736, "m5": 0.0032918974962767448, "h1": 0.046518504108642444, "d1": 0.05}}, "NVDA": {"p": 77.73376213133112, "d1_open": 77.58920212535816, "h1_open": 77.04681052606045, "m5_open": 77.61915011524692, "m1_open": 77.73963535739139, "band": {"m1": 0.001631946479817448, "m5": 0.004271767758312161, "h1": 0.008916029107243805, "d1": 0.02678647797860961}, "garch_variance": 2.048961179778247e-06, "prev_return": 0.0015577267445877623, "boundary_trend": -1, "trend_ou": 0.2536519312722107, "reversion_strength": {"s1": 0.0011925680738830492, "m1": 0.020956231791063703, "m5": 0.022867711633453934, "h1": 0.013888096527728985, "d1": 0.05}}}