{"AAPL": {"p": 89.33591337674721, "d1_open": 87.95021220263737, "h1_open": 88.46025421232386, "m5_open": 89.1990608931945, "m1_open": 89.21537083165529, "reversion_strength": {"s1": 0.008338960049529932, "m1": 0.001351140996985631, "m5": 0.013839264509730786, "h1": 0.04009322855887123, "d1": 0.05}, "garch_variance": 1.2580461420803734e-06, "prev_return": 0.0013502290273625923, "boundary_trend": -1}, "GOOG": {"p": 176.83544973208038, "d1_open": 175.76656301755804, "h1_open": 171.25338368742615, "m5_open": 175.95488826925583, "m1_open": 177.13734564341829, "reversion_strength": {"s1": 0.0062823601171641975, "m1": 0.013292119646085305, "m5": 0.03312992683192555, "h1": 0.04623311401955329, "d1": 0.05}, "garch_variance": 1.8191644181225548e-06, "prev_return": -0.0017057581174712289, "boundary_trend": 0}, "AMZN": {"p": 163.02549249824403, "d1_open": 169.8941041712876, "h1_open": 168.5021874081404, "m5_open": 164.00823410459716, "m1_open": 163.0292969485111, "reversion_strength": {"s1": 0.002645480578274048, "m1": 0.009447304871809989, "m5": 0.011715152974709363, "h1": 0.04320287271163793, "d1": 0.05}, "garch_variance": 1.4143720990797211e-06, "prev_return": -2.3336263661091093e-05, "boundary_trend": 0}, "MSFT": {"p": 164.86985411171898, "d1_open": 164.41906387237157, "h1_open": 164.11163536945244, "m5_open": 164.8782666664081, "m1_open": 164.79699420818406, "reversion_strength": {"s1": 0.00502554902391116, "m1": 0.0038098335627198736, "m5": 0.0032918974962767448, "h1": 0.046518504108642444, "d1": 0.05}, "garch_variance": 1.851681877622558e-06, "prev_return": 0.0004420214230975671, "boundary_trend": 0}, "NVDA": {"p": 97.52582741065507, "d1_open": 97.6331941946038, "h1_open": 97.10451824378742, "m5_open": 96.05624288450326, "m1_open": 97.4356777345998, "reversion_strength": {"s1": 0.0011925680738830492, "m1": 0.020956231791063703, "m5": 0.022867711633453934, "h1": 0.013888096527728985, "d1": 0.05}, "garch_variance": 1.1288061266384825e-06, "prev_return": 0.0009247946912709854, "boundary_trend": 0}}