{"AAPL": {"p": 90.11412600738124, "d1_open": 87.95021220263737, "h1_open": 90.36175952352136, "m5_open": 90.19671077674973, "m1_open": 89.95871473454991, "band": {"m1": 0.0038643129219460017, "m5": 0.00875185738232227, "h1": 0.01855272463810585, "d1": 0.05952199087891785}, "garch_variance": 1.406818068353333e-05, "prev_return": 0.005597892519520132, "boundary_trend": 0, "trend_ou": 0.07236871214017218, "reversion_strength": {"s1": 0.008338960049529932, "m1": 0.001351140996985631, "m5": 0.013839264509730786, "h1": 0.04009322855887123, "d1": 0.05}}, "GOOG": {"p": 178.10995364395154, "d1_open": 175.76656301755804, "h1_open": 175.77288560235982, "m5_open": 178.31646596525604, "m1_open": 178.21403138218895, "band": {"m1": 0.003555027153014603, "m5": 0.008129431778898757, "h1": 0.016636150826441425, "d1": 0.05130639206623984}, "garch_variance": 4.8576126526005316e-06, "prev_return": -0.0032909482478607833, "boundary_trend": 0, "trend_ou": 0.023116161037962896, "reversion_strength": {"s1": 0.0062823601171641975, "m1": 0.013292119646085305, "m5": 0.03312992683192555, "h1": 0.04623311401955329, "d1": 0.05}}, "AMZN": {"p": 171.3264080928302, "d1_open": 169.8941041712876, "h1_open": 168.9021703391811, "m5_open": 171.3185104820652, "m1_open": 171.38628745372603, "band": {"m1": 0.0035112917812572743, "m5": 0.008041416041055207, "h1": 0.01636513264011131, "d1": 0.05014464359807404}, "garch_variance": 1.0000313791971606e-05, "prev_return": 0.0031680273371716542, "boundary_trend": 0, "trend_ou": 0.06876194579870391, "reversion_strength": {"s1": 0.002645480578274048, "m1": 0.009447304871809989, "m5": 0.011715152974709363, "h1": 0.04320287271163793, "d1": 0.05}}, "MSFT": {"p": 159.64342077039723, "d1_open": 164.41906387237157, "h1_open": 160.00715142749434, "m5_open": 160.8534633646115, "m1_open": 159.4830472793166, "band": {"m1": 0.003712725121130556, "m5": 0.008446792817857537, "h1": 0.01761336939323156, "d1": 0.05549534406390684}, "garch_variance": 7.4981418189209045e-06, "prev_return": 0.0009315920255405688, "boundary_trend": 1, "trend_ou": 0.015032568884740848, "reversion_strength": {"s1": 0.00502554902391116, "m1": 0.0038098335627198736, "m5": 0.0032918974962767448, "h1": 0.046518504108642444, "d1": 0.05}}, "NVDA": {"p": 102.13745261585665, "d1_open": 97.6331941946038, "h1_open": 100.4340456706556, "m5_open": 101.70654718253269, "m1_open": 101.80108377953025, "band": {"m1": 0.0036073612458733632, "m5": 0.008234752109154435, "h1": 0.01696045333857079, "d1": 0.0526965495010243}, "garch_variance": 6.557919188307181e-06, "prev_return": 0.0, "boundary_trend": -1, "trend_ou": 0.041940856703967175, "reversion_strength": {"s1": 0.0011925680738830492, "m1": 0.020956231791063703, "m5": 0.022867711633453934, "h1": 0.013888096527728985, "d1": 0.05}}}