{"AAPL": {"p": 90.26323128821723, "d1_open": 87.95021220263737, "h1_open": 89.92327454616381, "m5_open": 90.50176545036396, "m1_open": 90.29515266478226, "reversion_strength": {"s1": 0.008338960049529932, "m1": 0.001351140996985631, "m5": 0.013839264509730786, "h1": 0.04009322855887123, "d1": 0.05}, "garch_variance": 1.1583415765200097e-06, "prev_return": -0.0003535850975041779, "boundary_trend": 0}, "GOOG": {"p": 176.2829797676654, "d1_open": 175.76656301755804, "h1_open": 183.39762262224193, "m5_open": 176.28433549074282, "m1_open": 175.8808323456556, "reversion_strength": {"s1": 0.0062823601171641975, "m1": 0.013292119646085305, "m5": 0.03312992683192555, "h1": 0.04623311401955329, "d1": 0.05}, "garch_variance": 2.469622147975311e-06, "prev_return": 0.0022838666721499393, "boundary_trend": 0}, "AMZN": {"p": 171.9987706507086, "d1_open": 169.8941041712876, "h1_open": 168.9436681978484, "m5_open": 173.15970156494987, "m1_open": 171.84501053973403, "reversion_strength": {"s1": 0.002645480578274048, "m1": 0.009447304871809989, "m5": 0.011715152974709363, "h1": 0.04320287271163793, "d1": 0.05}, "garch_variance": 1.7814816793249658e-06, "prev_return": 0.0008943603440571434, "boundary_trend": 0}, "MSFT": {"p": 162.2004968937889, "d1_open": 164.41906387237157, "h1_open": 162.58297699275926, "m5_open": 162.35352657717107, "m1_open": 162.3683192696899, "reversion_strength": {"s1": 0.00502554902391116, "m1": 0.0038098335627198736, "m5": 0.0032918974962767448, "h1": 0.046518504108642444, "d1": 0.05}, "garch_variance": 2.090587145387233e-06, "prev_return": -0.0010341251685278294, "boundary_trend": 0}, "NVDA": {"p": 98.82243572480878, "d1_open": 97.6331941946038, "h1_open": 98.32781845318762, "m5_open": 97.57066371464782, "m1_open": 98.94042892155693, "reversion_strength": {"s1": 0.0011925680738830492, "m1": 0.020956231791063703, "m5": 0.022867711633453934, "h1": 0.013888096527728985, "d1": 0.05}, "garch_variance": 1.2369233284280154e-06, "prev_return": -0.0011932797490587675, "boundary_trend": 1}}