{"AAPL": {"p": 88.02277041486494, "d1_open": 87.95021220263737, "h1_open": 87.95021220263737, "m5_open": 87.94258514697886, "m1_open": 88.04121627587723, "reversion_strength": {"s1": 0.008338960049529932, "m1": 0.001351140996985631, "m5": 0.013839264509730786, "h1": 0.04009322855887123, "d1": 0.05}, "garch_variance": 1.3380479827120167e-06, "prev_return": -0.000209535878705074, "boundary_trend": 0}, "GOOG": {"p": 173.95166670116214, "d1_open": 175.76656301755804, "h1_open": 175.76656301755804, "m5_open": 175.20051794012258, "m1_open": 173.88140488162995, "reversion_strength": {"s1": 0.0062823601171641975, "m1": 0.013292119646085305, "m5": 0.03312992683192555, "h1": 0.04623311401955329, "d1": 0.05}, "garch_variance": 1.3647042600484408e-06, "prev_return": 0.00040399735521470803, "boundary_trend": 0}, "AMZN": {"p": 170.47875035232946, "d1_open": 169.8941041712876, "h1_open": 169.8941041712876, "m5_open": 169.3222171322942, "m1_open": 170.43058142760998, "reversion_strength": {"s1": 0.002645480578274048, "m1": 0.009447304871809989, "m5": 0.011715152974709363, "h1": 0.04320287271163793, "d1": 0.05}, "garch_variance": 1.3364274492640413e-06, "prev_return": 0.00028259082723570874, "boundary_trend": 0}, "MSFT": {"p": 163.91622407625132, "d1_open": 164.41906387237157, "h1_open": 164.41906387237157, "m5_open": 164.387443867812, "m1_open": 163.93139429614575, "reversion_strength": {"s1": 0.00502554902391116, "m1": 0.0038098335627198736, "m5": 0.0032918974962767448, "h1": 0.046518504108642444, "d1": 0.05}, "garch_variance": 1.4323770417839312e-06, "prev_return": -9.254433496005756e-05, "boundary_trend": 1}, "NVDA": {"p": 96.48950482217666, "d1_open": 97.6331941946038, "h1_open": 97.6331941946038, "m5_open": 96.47516061902016, "m1_open": 96.4742980050493, "reversion_strength": {"s1": 0.0011925680738830492, "m1": 0.020956231791063703, "m5": 0.022867711633453934, "h1": 0.013888096527728985, "d1": 0.05}, "garch_variance": 1.2574973570589036e-06, "prev_return": 0.00015761315786715858, "boundary_trend": 0}}