{"AAPL": {"p": 90.19671077674973, "d1_open": 87.95021220263737, "h1_open": 90.36175952352136, "m5_open": 90.04509242433437, "m1_open": 89.85956738652098, "band": {"m1": 0.0037518919802782542, "m5": 0.00852561460142501, "h1": 0.01785607754235522, "d1": 0.05653573852700137}, "garch_variance": 7.628343092035731e-06, "prev_return": 0.006686753392972417, "boundary_trend": -1, "trend_ou": 0.07152003320444993, "reversion_strength": {"s1": 0.008338960049529932, "m1": 0.001351140996985631, "m5": 0.013839264509730786, "h1": 0.04009322855887123, "d1": 0.05}}, "GOOG": {"p": 178.31646596525604, "d1_open": 175.76656301755804, "h1_open": 175.77288560235982, "m5_open": 177.51126941916402, "m1_open": 178.97466290729753, "band": {"m1": 0.003957292581880615, "m5": 0.008938975338447015, "h1": 0.019128898517246303, "d1": 0.0619918218911926}, "garch_variance": 7.926314176105067e-06, "prev_return": 0.000280765947204416, "boundary_trend": 1, "trend_ou": 0.018011100679732595, "reversion_strength": {"s1": 0.0062823601171641975, "m1": 0.013292119646085305, "m5": 0.03312992683192555, "h1": 0.04623311401955329, "d1": 0.05}}, "AMZN": {"p": 171.3185104820652, "d1_open": 169.8941041712876, "h1_open": 168.9021703391811, "m5_open": 170.31451053171568, "m1_open": 170.7710956902623, "band": {"m1": 0.003205547107314653, "m5": 0.007426116753830418, "h1": 0.014470502191517083, "d1": 0.04202310736023061}, "garch_variance": 5.3654188259264214e-06, "prev_return": 0.006411116173899832, "boundary_trend": -1, "trend_ou": 0.07155378502209421, "reversion_strength": {"s1": 0.002645480578274048, "m1": 0.009447304871809989, "m5": 0.011715152974709363, "h1": 0.04320287271163793, "d1": 0.05}}, "MSFT": {"p": 160.8534633646115, "d1_open": 164.41906387237157, "h1_open": 160.00715142749434, "m5_open": 161.75082202015346, "m1_open": 161.46367192241152, "band": {"m1": 0.003779231269391848, "m5": 0.00858063385944807, "h1": 0.018025492920649776, "d1": 0.05726195568195529}, "garch_variance": 9.22968766291676e-06, "prev_return": -0.0037909421954966075, "boundary_trend": 1, "trend_ou": 0.015143775435911845, "reversion_strength": {"s1": 0.00502554902391116, "m1": 0.0038098335627198736, "m5": 0.0032918974962767448, "h1": 0.046518504108642444, "d1": 0.05}}, "NVDA": {"p": 101.70654718253269, "d1_open": 97.6331941946038, "h1_open": 100.4340456706556, "m5_open": 100.86520081295372, "m1_open": 101.70890649179768, "band": {"m1": 0.003660302707679229, "m5": 0.008341294745837946, "h1": 0.017288519578407577, "d1": 0.054102840557533206}, "garch_variance": 7.823793694602708e-06, "prev_return": 0.0036438210552546405, "boundary_trend": -1, "trend_ou": 0.038262308115044406, "reversion_strength": {"s1": 0.0011925680738830492, "m1": 0.020956231791063703, "m5": 0.022867711633453934, "h1": 0.013888096527728985, "d1": 0.05}}}