{"AAPL": {"p": 83.16810922911434, "d1_open": 81.94143766685488, "h1_open": 83.16511765564458, "m5_open": 83.42034438618171, "m1_open": 82.9972023155528, "band": {"m1": 0.0020591888496646255, "m5": 0.005131576441973918, "h1": 0.011563553240383499, "d1": 0.038135373592428676}, "garch_variance": 5.0671328989292534e-06, "prev_return": 0.0, "boundary_trend": -1, "trend_ou": -0.1323494595143315, "reversion_strength": {"s1": 0.008338960049529932, "m1": 0.001351140996985631, "m5": 0.013839264509730786, "h1": 0.04009322855887123, "d1": 0.05}}, "GOOG": {"p": 152.1814608201639, "d1_open": 151.7016903651911, "h1_open": 152.3937591816353, "m5_open": 152.94399833500157, "m1_open": 152.39591662320836, "band": {"m1": 0.00228561913219233, "m5": 0.005587258595480704, "h1": 0.012966690381674442, "d1": 0.044150071154221655}, "garch_variance": 7.582800481730898e-06, "prev_return": 0.0006047252681337292, "boundary_trend": 1, "trend_ou": -0.07967387020183431, "reversion_strength": {"s1": 0.0062823601171641975, "m1": 0.013292119646085305, "m5": 0.03312992683192555, "h1": 0.04623311401955329, "d1": 0.05}}, "AMZN": {"p": 170.2410548891395, "d1_open": 165.13593115049974, "h1_open": 168.6793807914225, "m5_open": 170.73893533357165, "m1_open": 170.57697509343345, "band": {"m1": 0.001969317395328132, "m5": 0.004950713628954067, "h1": 0.011006640206872016, "d1": 0.035748106256813544}, "garch_variance": 2.415014448264247e-06, "prev_return": -0.00173086332445787, "boundary_trend": 1, "trend_ou": 0.025503248152079726, "reversion_strength": {"s1": 0.002645480578274048, "m1": 0.009447304871809989, "m5": 0.011715152974709363, "h1": 0.04320287271163793, "d1": 0.05}}, "MSFT": {"p": 160.9242679924454, "d1_open": 158.81978513575737, "h1_open": 159.9210688610481, "m5_open": 161.55036964922772, "m1_open": 161.20531397343515, "band": {"m1": 0.0017434039490537775, "m5": 0.004496071588343433, "h1": 0.00960670578270417, "d1": 0.029747137484819178}, "garch_variance": 1.6665338029366444e-06, "prev_return": 0.0, "boundary_trend": 1, "trend_ou": 0.11510192773127215, "reversion_strength": {"s1": 0.00502554902391116, "m1": 0.0038098335627198736, "m5": 0.0032918974962767448, "h1": 0.046518504108642444, "d1": 0.05}}, "NVDA": {"p": 99.82550806709368, "d1_open": 100.31090827320226, "h1_open": 98.94100541546996, "m5_open": 99.59185296574145, "m1_open": 100.01737755867914, "band": {"m1": 0.0019183615514504408, "m5": 0.004848166971268821, "h1": 0.01069087839130362, "d1": 0.03439455943211814}, "garch_variance": 2.3240905870881907e-06, "prev_return": 0.0, "boundary_trend": 1, "trend_ou": -0.07546597003652954, "reversion_strength": {"s1": 0.0011925680738830492, "m1": 0.020956231791063703, "m5": 0.022867711633453934, "h1": 0.013888096527728985, "d1": 0.05}}}