{"AAPL": {"p": 57.77110486033804, "d1_open": 58.881026803928506, "h1_open": 57.95099828715578, "m5_open": 57.54653632248736, "m1_open": 57.66177844496528, "band": {"m1": 0.0018959945100739586, "m5": 0.004803154168792792, "h1": 0.010552274905295544, "d1": 0.03380042075185929}, "garch_variance": 4.486855111155998e-06, "prev_return": 0.0, "boundary_trend": -1, "trend_ou": -0.19430166908857033, "reversion_strength": {"s1": 0.008338960049529932, "m1": 0.001351140996985631, "m5": 0.013839264509730786, "h1": 0.04009322855887123, "d1": 0.05}}, "GOOG": {"p": 116.51233104851542, "d1_open": 119.02146768303125, "h1_open": 116.73471203161151, "m5_open": 116.12131214200191, "m1_open": 116.5028827247987, "band": {"m1": 0.0016183678509105318, "m5": 0.004244441294762763, "h1": 0.008831885421450497, "d1": 0.026425787061885923}, "garch_variance": 1.9916687644858764e-06, "prev_return": -0.0008737847187780439, "boundary_trend": -1, "trend_ou": -0.10035335420127288, "reversion_strength": {"s1": 0.0062823601171641975, "m1": 0.013292119646085305, "m5": 0.03312992683192555, "h1": 0.04623311401955329, "d1": 0.05}}, "AMZN": {"p": 156.31577967350472, "d1_open": 158.98498094367304, "h1_open": 155.272478808972, "m5_open": 156.5830490208845, "m1_open": 156.5836029314213, "band": {"m1": 0.0018483714148710031, "m5": 0.004707314538437315, "h1": 0.01025716537791011, "d1": 0.03253540217128491}, "garch_variance": 3.928599522422171e-06, "prev_return": -0.0008912614072290705, "boundary_trend": 1, "trend_ou": 0.08527718533773673, "reversion_strength": {"s1": 0.002645480578274048, "m1": 0.009447304871809989, "m5": 0.011715152974709363, "h1": 0.04320287271163793, "d1": 0.05}}, "MSFT": {"p": 132.96371063065666, "d1_open": 137.08846618531726, "h1_open": 133.13886604045118, "m5_open": 132.97463376888277, "m1_open": 132.9758341111035, "band": {"m1": 0.0017562464906994057, "m5": 0.004521916704854581, "h1": 0.009686288102570561, "d1": 0.030088275618203503}, "garch_variance": 2.981214242672224e-06, "prev_return": 0.0, "boundary_trend": 1, "trend_ou": -0.039030965904728994, "reversion_strength": {"s1": 0.00502554902391116, "m1": 0.0038098335627198736, "m5": 0.0032918974962767448, "h1": 0.046518504108642444, "d1": 0.05}}, "NVDA": {"p": 77.46558297868216, "d1_open": 77.58920212535816, "h1_open": 77.04681052606045, "m5_open": 77.58856861454744, "m1_open": 77.59014169217971, "band": {"m1": 0.0016053420032625827, "m5": 0.004218227282037931, "h1": 0.00875116719583331, "d1": 0.026079779746902253}, "garch_variance": 2.674379945038907e-06, "prev_return": -0.0006982207465268461, "boundary_trend": 1, "trend_ou": 0.24207117982702792, "reversion_strength": {"s1": 0.0011925680738830492, "m1": 0.020956231791063703, "m5": 0.022867711633453934, "h1": 0.013888096527728985, "d1": 0.05}}}