{"AAPL": {"p": 89.21778649352294, "d1_open": 87.95021220263737, "h1_open": 89.17288531883615, "m5_open": 89.37153718416185, "m1_open": 89.23046253797018, "reversion_strength": {"s1": 0.008338960049529932, "m1": 0.001351140996985631, "m5": 0.013839264509730786, "h1": 0.04009322855887123, "d1": 0.05}, "garch_variance": 1.5324902180518596e-06, "prev_return": -0.00014206969849652173, "boundary_trend": 0}, "GOOG": {"p": 170.88787018664257, "d1_open": 175.76656301755804, "h1_open": 176.0396410021823, "m5_open": 174.5244804279311, "m1_open": 171.19878768143727, "reversion_strength": {"s1": 0.0062823601171641975, "m1": 0.013292119646085305, "m5": 0.03312992683192555, "h1": 0.04623311401955329, "d1": 0.05}, "garch_variance": 2.308299301133758e-06, "prev_return": -0.0018177708674512799, "boundary_trend": 0}, "AMZN": {"p": 164.54337010569319, "d1_open": 169.8941041712876, "h1_open": 162.3870609310141, "m5_open": 163.00281570739568, "m1_open": 164.48071208919407, "reversion_strength": {"s1": 0.002645480578274048, "m1": 0.009447304871809989, "m5": 0.011715152974709363, "h1": 0.04320287271163793, "d1": 0.05}, "garch_variance": 1.5221749725897552e-06, "prev_return": 0.00038087192182766424, "boundary_trend": 0}, "MSFT": {"p": 163.20435166778825, "d1_open": 164.41906387237157, "h1_open": 164.33550431317852, "m5_open": 163.74337808413532, "m1_open": 163.69784872440948, "reversion_strength": {"s1": 0.00502554902391116, "m1": 0.0038098335627198736, "m5": 0.0032918974962767448, "h1": 0.046518504108642444, "d1": 0.05}, "garch_variance": 2.677803512870615e-06, "prev_return": -0.0030192359116185084, "boundary_trend": 1}, "NVDA": {"p": 98.9637132963929, "d1_open": 97.6331941946038, "h1_open": 98.01165686841159, "m5_open": 97.04041909606616, "m1_open": 98.95621442126978, "reversion_strength": {"s1": 0.0011925680738830492, "m1": 0.020956231791063703, "m5": 0.022867711633453934, "h1": 0.013888096527728985, "d1": 0.05}, "garch_variance": 1.3637438804773572e-06, "prev_return": 7.577685797669781e-05, "boundary_trend": 0}}