{"AAPL": {"p": 90.42049427265353, "d1_open": 87.95021220263737, "h1_open": 89.92327454616381, "m5_open": 90.15687344452704, "m1_open": 90.54283040279385, "reversion_strength": {"s1": 0.008338960049529932, "m1": 0.001351140996985631, "m5": 0.013839264509730786, "h1": 0.04009322855887123, "d1": 0.05}, "garch_variance": 1.2210573506356941e-06, "prev_return": -0.001352054611022704, "boundary_trend": 1}, "GOOG": {"p": 178.93007268906706, "d1_open": 175.76656301755804, "h1_open": 183.39762262224193, "m5_open": 176.21690516150224, "m1_open": 179.35764608269386, "reversion_strength": {"s1": 0.0062823601171641975, "m1": 0.013292119646085305, "m5": 0.03312992683192555, "h1": 0.04623311401955329, "d1": 0.05}, "garch_variance": 2.4915167009878846e-06, "prev_return": -0.0023867611095896987, "boundary_trend": 0}, "AMZN": {"p": 171.36310792669906, "d1_open": 169.8941041712876, "h1_open": 168.9436681978484, "m5_open": 171.9035592650451, "m1_open": 171.49468239907415, "reversion_strength": {"s1": 0.002645480578274048, "m1": 0.009447304871809989, "m5": 0.011715152974709363, "h1": 0.04320287271163793, "d1": 0.05}, "garch_variance": 2.8178605813550336e-06, "prev_return": -0.000767516343782534, "boundary_trend": 0}, "MSFT": {"p": 161.9755847046051, "d1_open": 164.41906387237157, "h1_open": 162.58297699275926, "m5_open": 162.17743441135158, "m1_open": 161.82008925397906, "reversion_strength": {"s1": 0.00502554902391116, "m1": 0.0038098335627198736, "m5": 0.0032918974962767448, "h1": 0.046518504108642444, "d1": 0.05}, "garch_variance": 1.5234781416674496e-06, "prev_return": 0.000960454231388408, "boundary_trend": 1}, "NVDA": {"p": 98.19456417913852, "d1_open": 97.6331941946038, "h1_open": 98.32781845318762, "m5_open": 97.57309042251282, "m1_open": 98.0775999646576, "reversion_strength": {"s1": 0.0011925680738830492, "m1": 0.020956231791063703, "m5": 0.022867711633453934, "h1": 0.013888096527728985, "d1": 0.05}, "garch_variance": 1.3508107039964377e-06, "prev_return": 0.0011918575294366796, "boundary_trend": -1}}