{"AAPL": {"p": 58.3508982546917, "d1_open": 58.881026803928506, "h1_open": 57.935104588267784, "m5_open": 58.10986597350929, "m1_open": 58.261314492232806, "band": {"m1": 0.0015703821413933275, "m5": 0.004147871917176639, "h1": 0.00853452885534477, "d1": 0.02515113630929182}, "garch_variance": 1.8378060144265472e-06, "prev_return": 0.00016607009175959237, "boundary_trend": -1, "trend_ou": -0.1575198738914773, "reversion_strength": {"s1": 0.008338960049529932, "m1": 0.001351140996985631, "m5": 0.013839264509730786, "h1": 0.04009322855887123, "d1": 0.05}}, "GOOG": {"p": 116.08273901490072, "d1_open": 119.02146768303125, "h1_open": 116.09550753836272, "m5_open": 116.24545513629725, "m1_open": 115.89004302246946, "band": {"m1": 0.0016627484761042876, "m5": 0.004333755580098224, "h1": 0.009106902097082, "d1": 0.02760467548247989}, "garch_variance": 4.220195275866753e-06, "prev_return": 0.0029424296391441216, "boundary_trend": -1, "trend_ou": -0.12195544906345347, "reversion_strength": {"s1": 0.0062823601171641975, "m1": 0.013292119646085305, "m5": 0.03312992683192555, "h1": 0.04623311401955329, "d1": 0.05}}, "AMZN": {"p": 156.0485418684218, "d1_open": 158.98498094367304, "h1_open": 156.28356493298796, "m5_open": 156.64382952261067, "m1_open": 155.9189230067426, "band": {"m1": 0.0017835893011799648, "m5": 0.004576943049491962, "h1": 0.009855725301978098, "d1": 0.03081458631169418}, "garch_variance": 3.178068007524085e-06, "prev_return": -0.000951023754148427, "boundary_trend": 0, "trend_ou": 0.0556357205917542, "reversion_strength": {"s1": 0.002645480578274048, "m1": 0.009447304871809989, "m5": 0.011715152974709363, "h1": 0.04320287271163793, "d1": 0.05}}, "MSFT": {"p": 134.54761561359064, "d1_open": 137.08846618531726, "h1_open": 133.73171007353216, "m5_open": 134.3164812324416, "m1_open": 134.78273798731692, "band": {"m1": 0.001744454647808102, "m5": 0.004498186078798124, "h1": 0.009613216724747981, "d1": 0.029775047334885472}, "garch_variance": 3.95306948110207e-06, "prev_return": -0.0027687591789063493, "boundary_trend": 1, "trend_ou": -0.041480319244233545, "reversion_strength": {"s1": 0.00502554902391116, "m1": 0.0038098335627198736, "m5": 0.0032918974962767448, "h1": 0.046518504108642444, "d1": 0.05}}, "NVDA": {"p": 77.540259233052, "d1_open": 77.58920212535816, "h1_open": 77.45406808949511, "m5_open": 77.41602174839632, "m1_open": 77.66955150060348, "band": {"m1": 0.001664645476296799, "m5": 0.004337573219343632, "h1": 0.009118657377327359, "d1": 0.027655065749652853}, "garch_variance": 3.327068049474964e-06, "prev_return": -0.002724676116878254, "boundary_trend": 1, "trend_ou": 0.22407541021226474, "reversion_strength": {"s1": 0.0011925680738830492, "m1": 0.020956231791063703, "m5": 0.022867711633453934, "h1": 0.013888096527728985, "d1": 0.05}}}