{"AAPL": {"p": 58.35539603322648, "d1_open": 58.881026803928506, "h1_open": 57.935104588267784, "m5_open": 58.35640345188377, "m1_open": 58.26281701542255, "band": {"m1": 0.0015889897287221675, "m5": 0.004185318964324734, "h1": 0.008649835856685087, "d1": 0.02564541211413665}, "garch_variance": 1.8837222322457336e-06, "prev_return": 0.0029625377076801128, "boundary_trend": -1, "trend_ou": -0.17611369227119922, "reversion_strength": {"s1": 0.008338960049529932, "m1": 0.001351140996985631, "m5": 0.013839264509730786, "h1": 0.04009322855887123, "d1": 0.05}}, "GOOG": {"p": 116.185872178615, "d1_open": 119.02146768303125, "h1_open": 116.09550753836272, "m5_open": 116.18625945513308, "m1_open": 116.36364162406977, "band": {"m1": 0.0015277061028141777, "m5": 0.004061988046230596, "h1": 0.008270075116626129, "d1": 0.024017527048535853}, "garch_variance": 1.8949649425529094e-06, "prev_return": 0.0, "boundary_trend": 1, "trend_ou": -0.12495878549945957, "reversion_strength": {"s1": 0.0062823601171641975, "m1": 0.013292119646085305, "m5": 0.03312992683192555, "h1": 0.04623311401955329, "d1": 0.05}}, "AMZN": {"p": 156.7060712451925, "d1_open": 158.98498094367304, "h1_open": 156.28356493298796, "m5_open": 156.18363541362393, "m1_open": 156.4006637174339, "band": {"m1": 0.0019527252666291768, "m5": 0.004917322614058007, "h1": 0.010903822545865317, "d1": 0.03530736734629104}, "garch_variance": 5.7245686653934506e-06, "prev_return": 0.0015507497573858536, "boundary_trend": -1, "trend_ou": 0.05495861830201165, "reversion_strength": {"s1": 0.002645480578274048, "m1": 0.009447304871809989, "m5": 0.011715152974709363, "h1": 0.04320287271163793, "d1": 0.05}}, "MSFT": {"p": 134.13832814824497, "d1_open": 137.08846618531726, "h1_open": 133.73171007353216, "m5_open": 134.13750052716398, "m1_open": 134.38569803532275, "band": {"m1": 0.0018407456350954814, "m5": 0.004691967952673757, "h1": 0.010209910148994207, "d1": 0.03233283757387075}, "garch_variance": 4.3159797331421e-06, "prev_return": 0.0, "boundary_trend": 1, "trend_ou": -0.03331285472283563, "reversion_strength": {"s1": 0.00502554902391116, "m1": 0.0038098335627198736, "m5": 0.0032918974962767448, "h1": 0.046518504108642444, "d1": 0.05}}, "NVDA": {"p": 77.39675946534727, "d1_open": 77.58920212535816, "h1_open": 77.45406808949511, "m5_open": 77.44710105899196, "m1_open": 77.38681197969991, "band": {"m1": 0.001556776503497166, "m5": 0.004120491099084882, "h1": 0.008450217800966593, "d1": 0.0247897279492123}, "garch_variance": 2.017929050389536e-06, "prev_return": 0.0016865236667491445, "boundary_trend": 0, "trend_ou": 0.2335242757421977, "reversion_strength": {"s1": 0.0011925680738830492, "m1": 0.020956231791063703, "m5": 0.022867711633453934, "h1": 0.013888096527728985, "d1": 0.05}}}