{"AAPL": {"p": 89.11491842825757, "d1_open": 87.95021220263737, "h1_open": 88.46025421232386, "m5_open": 89.03357672469552, "m1_open": 89.05574203870229, "reversion_strength": {"s1": 0.008338960049529932, "m1": 0.001351140996985631, "m5": 0.013839264509730786, "h1": 0.04009322855887123, "d1": 0.05}, "garch_variance": 1.095233840215847e-06, "prev_return": 0.0006642664013945984, "boundary_trend": -1}, "GOOG": {"p": 178.1780192299938, "d1_open": 175.76656301755804, "h1_open": 171.25338368742615, "m5_open": 176.00094393463888, "m1_open": 178.1409411869196, "reversion_strength": {"s1": 0.0062823601171641975, "m1": 0.013292119646085305, "m5": 0.03312992683192555, "h1": 0.04623311401955329, "d1": 0.05}, "garch_variance": 1.7165620512808387e-06, "prev_return": 0.00020811714967190414, "boundary_trend": 0}, "AMZN": {"p": 163.2399037203581, "d1_open": 169.8941041712876, "h1_open": 168.5021874081404, "m5_open": 164.8373761347526, "m1_open": 162.96170123039497, "reversion_strength": {"s1": 0.002645480578274048, "m1": 0.009447304871809989, "m5": 0.011715152974709363, "h1": 0.04320287271163793, "d1": 0.05}, "garch_variance": 1.5377090441910816e-06, "prev_return": 0.0017057093110030763, "boundary_trend": 0}, "MSFT": {"p": 165.19187648681972, "d1_open": 164.41906387237157, "h1_open": 164.11163536945244, "m5_open": 164.7490011824109, "m1_open": 165.09568992142758, "reversion_strength": {"s1": 0.00502554902391116, "m1": 0.0038098335627198736, "m5": 0.0032918974962767448, "h1": 0.046518504108642444, "d1": 0.05}, "garch_variance": 1.486994160642123e-06, "prev_return": 0.0005824413504711391, "boundary_trend": -1}, "NVDA": {"p": 96.20372237623796, "d1_open": 97.6331941946038, "h1_open": 97.10451824378742, "m5_open": 96.08787727464433, "m1_open": 96.24976839335937, "reversion_strength": {"s1": 0.0011925680738830492, "m1": 0.020956231791063703, "m5": 0.022867711633453934, "h1": 0.013888096527728985, "d1": 0.05}, "garch_variance": 1.2796352035597737e-06, "prev_return": -0.0004785157994891103, "boundary_trend": 0}}