{"AAPL": {"p": 88.34617663471828, "d1_open": 87.95021220263737, "h1_open": 88.46025421232386, "m5_open": 88.46025421232386, "m1_open": 88.39744613274178, "reversion_strength": {"s1": 0.008338960049529932, "m1": 0.001351140996985631, "m5": 0.013839264509730786, "h1": 0.04009322855887123, "d1": 0.05}, "garch_variance": 1.0616145807163123e-06, "prev_return": -0.0005801567112720246, "boundary_trend": 0}, "GOOG": {"p": 170.93006517688949, "d1_open": 175.76656301755804, "h1_open": 171.25338368742615, "m5_open": 171.25338368742615, "m1_open": 170.83502991658273, "reversion_strength": {"s1": 0.0062823601171641975, "m1": 0.013292119646085305, "m5": 0.03312992683192555, "h1": 0.04623311401955329, "d1": 0.05}, "garch_variance": 1.8069296120889557e-06, "prev_return": 0.0005561437614350998, "boundary_trend": 0}, "AMZN": {"p": 168.57914582811884, "d1_open": 169.8941041712876, "h1_open": 168.5021874081404, "m5_open": 168.5021874081404, "m1_open": 168.24180617928067, "reversion_strength": {"s1": 0.002645480578274048, "m1": 0.009447304871809989, "m5": 0.011715152974709363, "h1": 0.04320287271163793, "d1": 0.05}, "garch_variance": 1.3663686496254344e-06, "prev_return": 0.0020030806256017843, "boundary_trend": 0}, "MSFT": {"p": 164.0881934106703, "d1_open": 164.41906387237157, "h1_open": 164.11163536945244, "m5_open": 164.11163536945244, "m1_open": 164.09614609685886, "reversion_strength": {"s1": 0.00502554902391116, "m1": 0.0038098335627198736, "m5": 0.0032918974962767448, "h1": 0.046518504108642444, "d1": 0.05}, "garch_variance": 1.4249171942952924e-06, "prev_return": -4.8464751255699795e-05, "boundary_trend": 0}, "NVDA": {"p": 96.32972000625234, "d1_open": 97.6331941946038, "h1_open": 97.10451824378742, "m5_open": 97.10451824378742, "m1_open": 96.38151323004598, "reversion_strength": {"s1": 0.0011925680738830492, "m1": 0.020956231791063703, "m5": 0.022867711633453934, "h1": 0.013888096527728985, "d1": 0.05}, "garch_variance": 1.4232765247057317e-06, "prev_return": -0.0005375215982057565, "boundary_trend": 0}}