{"AAPL": {"p": 89.1513853871856, "d1_open": 87.95021220263737, "h1_open": 89.17288531883615, "m5_open": 89.1300427860902, "m1_open": 89.16196085496401, "reversion_strength": {"s1": 0.008338960049529932, "m1": 0.001351140996985631, "m5": 0.013839264509730786, "h1": 0.04009322855887123, "d1": 0.05}, "garch_variance": 1.0859280773229848e-06, "prev_return": -0.00011861667131122695, "boundary_trend": 0}, "GOOG": {"p": 178.62891469145242, "d1_open": 175.76656301755804, "h1_open": 176.0396410021823, "m5_open": 179.9022585626633, "m1_open": 178.95388650653365, "reversion_strength": {"s1": 0.0062823601171641975, "m1": 0.013292119646085305, "m5": 0.03312992683192555, "h1": 0.04623311401955329, "d1": 0.05}, "garch_variance": 1.409669928257705e-06, "prev_return": -0.0018176036624775545, "boundary_trend": 0}, "AMZN": {"p": 166.32128458658454, "d1_open": 169.8941041712876, "h1_open": 162.3870609310141, "m5_open": 164.5280104645708, "m1_open": 165.99339317152024, "reversion_strength": {"s1": 0.002645480578274048, "m1": 0.009447304871809989, "m5": 0.011715152974709363, "h1": 0.04320287271163793, "d1": 0.05}, "garch_variance": 1.9475723435212174e-06, "prev_return": 0.0019733797115633472, "boundary_trend": 0}, "MSFT": {"p": 163.57638188253938, "d1_open": 164.41906387237157, "h1_open": 164.33550431317852, "m5_open": 163.9342715067504, "m1_open": 163.9416178663255, "reversion_strength": {"s1": 0.00502554902391116, "m1": 0.0038098335627198736, "m5": 0.0032918974962767448, "h1": 0.046518504108642444, "d1": 0.05}, "garch_variance": 1.7912266423563304e-06, "prev_return": -0.0022303270993801723, "boundary_trend": 0}, "NVDA": {"p": 98.3525182746338, "d1_open": 97.6331941946038, "h1_open": 98.01165686841159, "m5_open": 98.73150272086158, "m1_open": 98.37064217678076, "reversion_strength": {"s1": 0.0011925680738830492, "m1": 0.020956231791063703, "m5": 0.022867711633453934, "h1": 0.013888096527728985, "d1": 0.05}, "garch_variance": 1.4527940269027322e-06, "prev_return": -0.00018425794051558857, "boundary_trend": 1}}