{"AAPL": {"p": 88.28382599090959, "d1_open": 87.95021220263737, "h1_open": 86.8359256319159, "m5_open": 88.2189749513441, "m1_open": 88.24875142480019, "reversion_strength": {"s1": 0.008338960049529932, "m1": 0.001351140996985631, "m5": 0.013839264509730786, "h1": 0.04009322855887123, "d1": 0.05}, "garch_variance": 1.2842148460515218e-06, "prev_return": 0.0003973721687452362, "boundary_trend": -1}, "GOOG": {"p": 171.58609433994783, "d1_open": 175.76656301755804, "h1_open": 175.75153234700423, "m5_open": 170.05505931944344, "m1_open": 171.59684146653655, "reversion_strength": {"s1": 0.0062823601171641975, "m1": 0.013292119646085305, "m5": 0.03312992683192555, "h1": 0.04623311401955329, "d1": 0.05}, "garch_variance": 1.5031952268499375e-06, "prev_return": -6.263205696379817e-05, "boundary_trend": 0}, "AMZN": {"p": 170.1538169957529, "d1_open": 169.8941041712876, "h1_open": 166.80472498164232, "m5_open": 169.86440773141015, "m1_open": 170.0946250438147, "reversion_strength": {"s1": 0.002645480578274048, "m1": 0.009447304871809989, "m5": 0.011715152974709363, "h1": 0.04320287271163793, "d1": 0.05}, "garch_variance": 1.5368586391757577e-06, "prev_return": 0.00034793371678951753, "boundary_trend": 0}, "MSFT": {"p": 163.43188509085255, "d1_open": 164.41906387237157, "h1_open": 164.04525621182805, "m5_open": 163.97166299773514, "m1_open": 163.57879177631403, "reversion_strength": {"s1": 0.00502554902391116, "m1": 0.0038098335627198736, "m5": 0.0032918974962767448, "h1": 0.046518504108642444, "d1": 0.05}, "garch_variance": 1.705854261203027e-06, "prev_return": -0.00089848256180301, "boundary_trend": 1}, "NVDA": {"p": 96.04991520714356, "d1_open": 97.6331941946038, "h1_open": 96.51017604046937, "m5_open": 96.0122518050491, "m1_open": 96.1009376848422, "reversion_strength": {"s1": 0.0011925680738830492, "m1": 0.020956231791063703, "m5": 0.022867711633453934, "h1": 0.013888096527728985, "d1": 0.05}, "garch_variance": 1.2496394128669165e-06, "prev_return": -0.0005310669000931115, "boundary_trend": 0}}