{"AAPL": {"p": 58.23689200030328, "d1_open": 58.881026803928506, "h1_open": 58.18002329517424, "m5_open": 58.23802413864398, "m1_open": 58.34935009804158, "band": {"m1": 0.0019273239127659343, "m5": 0.004866203375495143, "h1": 0.01074641611309178, "d1": 0.034632627821869016}, "garch_variance": 4.404626702391316e-06, "prev_return": -0.0022890054901639405, "boundary_trend": 1, "trend_ou": -0.17938331775341604, "reversion_strength": {"s1": 0.008338960049529932, "m1": 0.001351140996985631, "m5": 0.013839264509730786, "h1": 0.04009322855887123, "d1": 0.05}}, "GOOG": {"p": 117.52507305463276, "d1_open": 119.02146768303125, "h1_open": 117.8132584785911, "m5_open": 117.52394196185423, "m1_open": 117.742952376532, "band": {"m1": 0.0018504659302452176, "m5": 0.004711529669318311, "h1": 0.010270144614970443, "d1": 0.03259103906036967}, "garch_variance": 2.8610856288765325e-06, "prev_return": 0.0, "boundary_trend": 1, "trend_ou": -0.144994203613549, "reversion_strength": {"s1": 0.0062823601171641975, "m1": 0.013292119646085305, "m5": 0.03312992683192555, "h1": 0.04623311401955329, "d1": 0.05}}, "AMZN": {"p": 156.1343825972766, "d1_open": 158.98498094367304, "h1_open": 156.39399479459698, "m5_open": 156.10490295664312, "m1_open": 156.13412351415147, "band": {"m1": 0.001789725781396992, "m5": 0.004589292477709032, "h1": 0.009893751679073904, "d1": 0.030977590447834092}, "garch_variance": 2.9201791218697533e-06, "prev_return": -0.00178646676932725, "boundary_trend": -1, "trend_ou": 0.0959093472243265, "reversion_strength": {"s1": 0.002645480578274048, "m1": 0.009447304871809989, "m5": 0.011715152974709363, "h1": 0.04320287271163793, "d1": 0.05}}, "MSFT": {"p": 133.43633943214263, "d1_open": 137.08846618531726, "h1_open": 133.29083440032448, "m5_open": 132.91459635465824, "m1_open": 133.17507594996567, "band": {"m1": 0.0019618046418469026, "m5": 0.004935594504220062, "h1": 0.01096008537628487, "d1": 0.035548543991813154}, "garch_variance": 4.22564739357052e-06, "prev_return": 0.0014753209225501804, "boundary_trend": -1, "trend_ou": -0.00042803281365272404, "reversion_strength": {"s1": 0.00502554902391116, "m1": 0.0038098335627198736, "m5": 0.0032918974962767448, "h1": 0.046518504108642444, "d1": 0.05}}, "NVDA": {"p": 77.50967525316183, "d1_open": 77.58920212535816, "h1_open": 77.08644892077346, "m5_open": 77.50697838647532, "m1_open": 77.36275547378109, "band": {"m1": 0.0018991022033920007, "m5": 0.004809408280953919, "h1": 0.01057153257644098, "d1": 0.03388297082075539}, "garch_variance": 4.974063467991499e-06, "prev_return": 0.0, "boundary_trend": -1, "trend_ou": 0.2547773814342243, "reversion_strength": {"s1": 0.0011925680738830492, "m1": 0.020956231791063703, "m5": 0.022867711633453934, "h1": 0.013888096527728985, "d1": 0.05}}}