{"AAPL": {"p": 89.64978923697178, "d1_open": 87.95021220263737, "h1_open": 89.17288531883615, "m5_open": 89.53570817222, "m1_open": 89.62731207036937, "reversion_strength": {"s1": 0.008338960049529932, "m1": 0.001351140996985631, "m5": 0.013839264509730786, "h1": 0.04009322855887123, "d1": 0.05}, "garch_variance": 1.15945409681256e-06, "prev_return": 0.0002507533483783393, "boundary_trend": 0}, "GOOG": {"p": 179.84915921453992, "d1_open": 175.76656301755804, "h1_open": 176.0396410021823, "m5_open": 176.88127370318884, "m1_open": 179.8684657366318, "reversion_strength": {"s1": 0.0062823601171641975, "m1": 0.013292119646085305, "m5": 0.03312992683192555, "h1": 0.04623311401955329, "d1": 0.05}, "garch_variance": 1.76738158335247e-06, "prev_return": -0.0001073426530771097, "boundary_trend": 0}, "AMZN": {"p": 167.76516143059493, "d1_open": 169.8941041712876, "h1_open": 162.3870609310141, "m5_open": 166.57991988013262, "m1_open": 167.64206192343963, "reversion_strength": {"s1": 0.002645480578274048, "m1": 0.009447304871809989, "m5": 0.011715152974709363, "h1": 0.04320287271163793, "d1": 0.05}, "garch_variance": 1.997046095892802e-06, "prev_return": 0.00073403018248375, "boundary_trend": 0}, "MSFT": {"p": 163.42565310381445, "d1_open": 164.41906387237157, "h1_open": 164.33550431317852, "m5_open": 163.64813481282934, "m1_open": 163.7071965448353, "reversion_strength": {"s1": 0.00502554902391116, "m1": 0.0038098335627198736, "m5": 0.0032918974962767448, "h1": 0.046518504108642444, "d1": 0.05}, "garch_variance": 1.972048167773156e-06, "prev_return": -0.0017212793569118534, "boundary_trend": 0}, "NVDA": {"p": 98.23171776098377, "d1_open": 97.6331941946038, "h1_open": 98.01165686841159, "m5_open": 98.53508585557576, "m1_open": 98.34900564521439, "reversion_strength": {"s1": 0.0011925680738830492, "m1": 0.020956231791063703, "m5": 0.022867711633453934, "h1": 0.013888096527728985, "d1": 0.05}, "garch_variance": 1.321774434207877e-06, "prev_return": -0.0011932797490587675, "boundary_trend": 1}}