{"AAPL": {"p": 88.49266672186091, "d1_open": 87.95021220263737, "h1_open": 86.8359256319159, "m5_open": 88.35899574781406, "m1_open": 88.4441376774624, "reversion_strength": {"s1": 0.008338960049529932, "m1": 0.001351140996985631, "m5": 0.013839264509730786, "h1": 0.04009322855887123, "d1": 0.05}, "garch_variance": 1.492333386673575e-06, "prev_return": 0.0005485466495243323, "boundary_trend": 0}, "GOOG": {"p": 172.2867616476084, "d1_open": 175.76656301755804, "h1_open": 175.75153234700423, "m5_open": 173.39562003928023, "m1_open": 172.37881574660545, "reversion_strength": {"s1": 0.0062823601171641975, "m1": 0.013292119646085305, "m5": 0.03312992683192555, "h1": 0.04623311401955329, "d1": 0.05}, "garch_variance": 1.1982155021050024e-06, "prev_return": -0.0005341647511297871, "boundary_trend": 0}, "AMZN": {"p": 169.45659981105416, "d1_open": 169.8941041712876, "h1_open": 166.80472498164232, "m5_open": 168.24357809292263, "m1_open": 169.47200526493333, "reversion_strength": {"s1": 0.002645480578274048, "m1": 0.009447304871809989, "m5": 0.011715152974709363, "h1": 0.04320287271163793, "d1": 0.05}, "garch_variance": 1.3475548892915722e-06, "prev_return": -9.090677894438543e-05, "boundary_trend": 0}, "MSFT": {"p": 164.73611395698376, "d1_open": 164.41906387237157, "h1_open": 164.04525621182805, "m5_open": 164.4659852367981, "m1_open": 164.5822236195897, "reversion_strength": {"s1": 0.00502554902391116, "m1": 0.0038098335627198736, "m5": 0.0032918974962767448, "h1": 0.046518504108642444, "d1": 0.05}, "garch_variance": 1.272447172402803e-06, "prev_return": 0.000934599328589727, "boundary_trend": 0}, "NVDA": {"p": 95.82269989338072, "d1_open": 97.6331941946038, "h1_open": 96.51017604046937, "m5_open": 95.41022629582449, "m1_open": 95.82134188187523, "reversion_strength": {"s1": 0.0011925680738830492, "m1": 0.020956231791063703, "m5": 0.022867711633453934, "h1": 0.013888096527728985, "d1": 0.05}, "garch_variance": 1.3250656163589844e-06, "prev_return": 1.4172227771175804e-05, "boundary_trend": 0}}