{"AAPL": {"p": 57.935104588267784, "d1_open": 58.881026803928506, "h1_open": 57.95099828715578, "m5_open": 58.06760777946594, "m1_open": 58.03602195882709, "band": {"m1": 0.0017388747049357782, "m5": 0.00448695666038235, "h1": 0.009578639083440301, "d1": 0.029626826573888078}, "garch_variance": 3.317459950980625e-06, "prev_return": 0.0, "boundary_trend": 1, "trend_ou": -0.18519316931231564, "reversion_strength": {"s1": 0.008338960049529932, "m1": 0.001351140996985631, "m5": 0.013839264509730786, "h1": 0.04009322855887123, "d1": 0.05}}, "GOOG": {"p": 116.09550753836272, "d1_open": 119.02146768303125, "h1_open": 116.73471203161151, "m5_open": 116.28318749453915, "m1_open": 116.28212426479742, "band": {"m1": 0.0016048616897445555, "m5": 0.004217260669728792, "h1": 0.008748190801823265, "d1": 0.026067021115355603}, "garch_variance": 2.17845899784767e-06, "prev_return": 0.0, "boundary_trend": 1, "trend_ou": -0.11645370470339321, "reversion_strength": {"s1": 0.0062823601171641975, "m1": 0.013292119646085305, "m5": 0.03312992683192555, "h1": 0.04623311401955329, "d1": 0.05}}, "AMZN": {"p": 156.28356493298796, "d1_open": 158.98498094367304, "h1_open": 155.272478808972, "m5_open": 156.67397767554195, "m1_open": 156.57350355897412, "band": {"m1": 0.0018517732527902255, "m5": 0.0047141606051895515, "h1": 0.010278245796482344, "d1": 0.03262576564215087}, "garch_variance": 5.039008471857686e-06, "prev_return": -0.003703550738822146, "boundary_trend": 1, "trend_ou": 0.06943627410148268, "reversion_strength": {"s1": 0.002645480578274048, "m1": 0.009447304871809989, "m5": 0.011715152974709363, "h1": 0.04320287271163793, "d1": 0.05}}, "MSFT": {"p": 133.73171007353216, "d1_open": 137.08846618531726, "h1_open": 133.13886604045118, "m5_open": 133.6837640603729, "m1_open": 133.64745754224498, "band": {"m1": 0.0016537177288510618, "m5": 0.004315581551826975, "h1": 0.009050940603137117, "d1": 0.027364790548014467}, "garch_variance": 3.027628019816392e-06, "prev_return": 0.002285296789958088, "boundary_trend": 0, "trend_ou": -0.04008598701095573, "reversion_strength": {"s1": 0.00502554902391116, "m1": 0.0038098335627198736, "m5": 0.0032918974962767448, "h1": 0.046518504108642444, "d1": 0.05}}, "NVDA": {"p": 77.45406808949511, "d1_open": 77.58920212535816, "h1_open": 77.04681052606045, "m5_open": 77.47707182694458, "m1_open": 77.57219908965281, "band": {"m1": 0.0015228522788322068, "m5": 0.00405221991389354, "h1": 0.008239997069509975, "d1": 0.023888594279721415}, "garch_variance": 1.6555596027767395e-06, "prev_return": 0.0, "boundary_trend": 1, "trend_ou": 0.22866207278073292, "reversion_strength": {"s1": 0.0011925680738830492, "m1": 0.020956231791063703, "m5": 0.022867711633453934, "h1": 0.013888096527728985, "d1": 0.05}}}