{"AAPL": {"p": 87.8498029611609, "d1_open": 87.95021220263737, "h1_open": 87.95021220263737, "m5_open": 87.88643841821613, "m1_open": 87.88643841821613, "reversion_strength": {"s1": 0.008338960049529932, "m1": 0.001351140996985631, "m5": 0.013839264509730786, "h1": 0.04009322855887123, "d1": 0.05}, "garch_variance": 1.286990166427668e-06, "prev_return": -0.0004169368514813428, "boundary_trend": 1}, "GOOG": {"p": 173.51957874422357, "d1_open": 175.76656301755804, "h1_open": 175.76656301755804, "m5_open": 173.80655726077936, "m1_open": 173.80655726077936, "reversion_strength": {"s1": 0.0062823601171641975, "m1": 0.013292119646085305, "m5": 0.03312992683192555, "h1": 0.04623311401955329, "d1": 0.05}, "garch_variance": 1.1588488228646086e-06, "prev_return": -0.00165250208442434, "boundary_trend": 0}, "AMZN": {"p": 171.42902248877834, "d1_open": 169.8941041712876, "h1_open": 169.8941041712876, "m5_open": 171.38253112287015, "m1_open": 171.38253112287015, "reversion_strength": {"s1": 0.002645480578274048, "m1": 0.009447304871809989, "m5": 0.011715152974709363, "h1": 0.04320287271163793, "d1": 0.05}, "garch_variance": 1.1964674774765106e-06, "prev_return": 0.0002712357019675104, "boundary_trend": 0}, "MSFT": {"p": 164.64190158719893, "d1_open": 164.41906387237157, "h1_open": 164.41906387237157, "m5_open": 164.68306588036415, "m1_open": 164.68306588036415, "reversion_strength": {"s1": 0.00502554902391116, "m1": 0.0038098335627198736, "m5": 0.0032918974962767448, "h1": 0.046518504108642444, "d1": 0.05}, "garch_variance": 1.4126337766245442e-06, "prev_return": -0.00024999193772733033, "boundary_trend": 0}, "NVDA": {"p": 98.19325340545834, "d1_open": 97.6331941946038, "h1_open": 97.6331941946038, "m5_open": 98.17178464380801, "m1_open": 98.17178464380801, "reversion_strength": {"s1": 0.0011925680738830492, "m1": 0.020956231791063703, "m5": 0.022867711633453934, "h1": 0.013888096527728985, "d1": 0.05}, "garch_variance": 1.148963616348162e-06, "prev_return": 0.00021866175312204003, "boundary_trend": 0}}