{"AAPL": {"p": 89.06842709188669, "d1_open": 87.95021220263737, "h1_open": 89.17288531883615, "m5_open": 89.17288531883615, "m1_open": 89.1060356511526, "reversion_strength": {"s1": 0.008338960049529932, "m1": 0.001351140996985631, "m5": 0.013839264509730786, "h1": 0.04009322855887123, "d1": 0.05}, "garch_variance": 1.2789612492567957e-06, "prev_return": -0.000422154322740139, "boundary_trend": 0}, "GOOG": {"p": 179.36545081036124, "d1_open": 175.76656301755804, "h1_open": 176.0396410021823, "m5_open": 176.0396410021823, "m1_open": 179.49360546266558, "reversion_strength": {"s1": 0.0062823601171641975, "m1": 0.013292119646085305, "m5": 0.03312992683192555, "h1": 0.04623311401955329, "d1": 0.05}, "garch_variance": 1.5512657523606928e-06, "prev_return": -0.0007142339339754525, "boundary_trend": 0}, "AMZN": {"p": 162.74842945528454, "d1_open": 169.8941041712876, "h1_open": 162.3870609310141, "m5_open": 162.3870609310141, "m1_open": 162.71579481439835, "reversion_strength": {"s1": 0.002645480578274048, "m1": 0.009447304871809989, "m5": 0.011715152974709363, "h1": 0.04320287271163793, "d1": 0.05}, "garch_variance": 1.202451677918385e-06, "prev_return": 0.00020054210915978522, "boundary_trend": 0}, "MSFT": {"p": 164.13376821356516, "d1_open": 164.41906387237157, "h1_open": 164.33550431317852, "m5_open": 164.33550431317852, "m1_open": 163.9695481814573, "reversion_strength": {"s1": 0.00502554902391116, "m1": 0.0038098335627198736, "m5": 0.0032918974962767448, "h1": 0.046518504108642444, "d1": 0.05}, "garch_variance": 1.364788398130375e-06, "prev_return": 0.0010010264304873534, "boundary_trend": 1}, "NVDA": {"p": 97.65395650268968, "d1_open": 97.6331941946038, "h1_open": 98.01165686841159, "m5_open": 98.01165686841159, "m1_open": 97.64510141104267, "reversion_strength": {"s1": 0.0011925680738830492, "m1": 0.020956231791063703, "m5": 0.022867711633453934, "h1": 0.013888096527728985, "d1": 0.05}, "garch_variance": 1.2993098351897868e-06, "prev_return": 9.068237960461807e-05, "boundary_trend": 0}}