{"AAPL": {"p": 57.95574319805747, "d1_open": 58.881026803928506, "h1_open": 58.18002329517424, "m5_open": 58.12557576963788, "m1_open": 58.079953097166666, "band": {"m1": 0.002138601918314138, "m5": 0.005291392159795867, "h1": 0.012055658028144756, "d1": 0.04024483344492114}, "garch_variance": 5.950727584540662e-06, "prev_return": 0.0, "boundary_trend": 1, "trend_ou": -0.1851583130882776, "reversion_strength": {"s1": 0.008338960049529932, "m1": 0.001351140996985631, "m5": 0.013839264509730786, "h1": 0.04009322855887123, "d1": 0.05}}, "GOOG": {"p": 116.47384860653564, "d1_open": 119.02146768303125, "h1_open": 117.8132584785911, "m5_open": 116.91395482631673, "m1_open": 116.63510724283454, "band": {"m1": 0.0020277805406817536, "m5": 0.0050683684394243, "h1": 0.011368923068186376, "d1": 0.03730107052417097}, "garch_variance": 6.060740770061772e-06, "prev_return": 0.0, "boundary_trend": 1, "trend_ou": -0.1472957616562254, "reversion_strength": {"s1": 0.0062823601171641975, "m1": 0.013292119646085305, "m5": 0.03312992683192555, "h1": 0.04623311401955329, "d1": 0.05}}, "AMZN": {"p": 154.8346184811663, "d1_open": 158.98498094367304, "h1_open": 156.39399479459698, "m5_open": 155.02523920679062, "m1_open": 154.5025697571924, "band": {"m1": 0.0021491469332563917, "m5": 0.005312613593007034, "h1": 0.012121003095755728, "d1": 0.040524942072416595}, "garch_variance": 6.9269071107130995e-06, "prev_return": 0.002174200336216575, "boundary_trend": -1, "trend_ou": 0.11009276675583993, "reversion_strength": {"s1": 0.002645480578274048, "m1": 0.009447304871809989, "m5": 0.011715152974709363, "h1": 0.04320287271163793, "d1": 0.05}}, "MSFT": {"p": 133.38068513768832, "d1_open": 137.08846618531726, "h1_open": 133.29083440032448, "m5_open": 133.14182717659855, "m1_open": 133.14293374490055, "band": {"m1": 0.0017856853991463331, "m5": 0.004581161365278231, "h1": 0.00986871434600332, "d1": 0.03087026523938377}, "garch_variance": 2.8295436592920936e-06, "prev_return": 0.0035713745942768963, "boundary_trend": -1, "trend_ou": -0.011086946636096644, "reversion_strength": {"s1": 0.00502554902391116, "m1": 0.0038098335627198736, "m5": 0.0032918974962767448, "h1": 0.046518504108642444, "d1": 0.05}}, "NVDA": {"p": 77.21247155472125, "d1_open": 77.58920212535816, "h1_open": 77.08644892077346, "m5_open": 77.05683058553053, "m1_open": 77.06855740655818, "band": {"m1": 0.0018673523030134217, "m5": 0.004745512838981105, "h1": 0.01037478563978501, "d1": 0.03303959401504548}, "garch_variance": 3.63453996473384e-06, "prev_return": 0.0, "boundary_trend": -1, "trend_ou": 0.24099151555993498, "reversion_strength": {"s1": 0.0011925680738830492, "m1": 0.020956231791063703, "m5": 0.022867711633453934, "h1": 0.013888096527728985, "d1": 0.05}}}