{"AAPL": {"p": 89.65212361687874, "d1_open": 87.95021220263737, "h1_open": 90.06205021135978, "m5_open": 89.43828050948615, "m1_open": 89.55912423698241, "reversion_strength": {"s1": 0.008338960049529932, "m1": 0.001351140996985631, "m5": 0.013839264509730786, "h1": 0.04009322855887123, "d1": 0.05}, "garch_variance": 1.4168995886407363e-06, "prev_return": 0.0010378744566332497, "boundary_trend": -1}, "GOOG": {"p": 178.4694356535033, "d1_open": 175.76656301755804, "h1_open": 182.2768621595806, "m5_open": 179.97283012961958, "m1_open": 178.87508655365028, "reversion_strength": {"s1": 0.0062823601171641975, "m1": 0.013292119646085305, "m5": 0.03312992683192555, "h1": 0.04623311401955329, "d1": 0.05}, "garch_variance": 5.713865561895106e-06, "prev_return": -0.0022703640278976985, "boundary_trend": 0}, "AMZN": {"p": 169.5511858033747, "d1_open": 169.8941041712876, "h1_open": 170.28724881804374, "m5_open": 171.08245750981635, "m1_open": 169.49282595286306, "reversion_strength": {"s1": 0.002645480578274048, "m1": 0.009447304871809989, "m5": 0.011715152974709363, "h1": 0.04320287271163793, "d1": 0.05}, "garch_variance": 4.583643295778618e-06, "prev_return": 0.0003442612113141754, "boundary_trend": 0}, "MSFT": {"p": 161.70996654991058, "d1_open": 164.41906387237157, "h1_open": 161.08021439952043, "m5_open": 161.17938055062453, "m1_open": 161.70996654991058, "reversion_strength": {"s1": 0.00502554902391116, "m1": 0.0038098335627198736, "m5": 0.0032918974962767448, "h1": 0.046518504108642444, "d1": 0.05}, "garch_variance": 2.6569147193867663e-06, "prev_return": 0.0, "boundary_trend": -1}, "NVDA": {"p": 99.61372207633435, "d1_open": 97.6331941946038, "h1_open": 98.64308364945421, "m5_open": 99.93391101055609, "m1_open": 99.71434381091825, "reversion_strength": {"s1": 0.0011925680738830492, "m1": 0.020956231791063703, "m5": 0.022867711633453934, "h1": 0.013888096527728985, "d1": 0.05}, "garch_variance": 1.5742606208216971e-06, "prev_return": -0.0010096093862454708, "boundary_trend": 0}}