{"AAPL": {"p": 57.77127332005228, "d1_open": 58.881026803928506, "h1_open": 57.95099828715578, "m5_open": 57.54653632248736, "m1_open": 57.77110486033804, "band": {"m1": 0.0018773077725216223, "m5": 0.0047655478348925424, "h1": 0.01043647742795931, "d1": 0.033304042469152556}, "garch_variance": 4.048432497817278e-06, "prev_return": 0.0018819881046808803, "boundary_trend": 0, "trend_ou": -0.1982414052164298, "reversion_strength": {"s1": 0.008338960049529932, "m1": 0.001351140996985631, "m5": 0.013839264509730786, "h1": 0.04009322855887123, "d1": 0.05}}, "GOOG": {"p": 116.61127567260989, "d1_open": 119.02146768303125, "h1_open": 116.73471203161151, "m5_open": 116.12131214200191, "m1_open": 116.51233104851542, "band": {"m1": 0.001605930149612443, "m5": 0.004219410903735035, "h1": 0.008754811805462337, "d1": 0.02609540275623206}, "garch_variance": 1.9442884809199742e-06, "prev_return": 0.0, "boundary_trend": -1, "trend_ou": -0.09962583966422482, "reversion_strength": {"s1": 0.0062823601171641975, "m1": 0.013292119646085305, "m5": 0.03312992683192555, "h1": 0.04623311401955329, "d1": 0.05}}, "AMZN": {"p": 156.60201859593374, "d1_open": 158.98498094367304, "h1_open": 155.272478808972, "m5_open": 156.5830490208845, "m1_open": 156.31577967350472, "band": {"m1": 0.0018311582044173292, "m5": 0.004672673620620433, "h1": 0.010150499014035162, "d1": 0.032078165383914496}, "garch_variance": 3.652489207253424e-06, "prev_return": 0.003662320502263381, "boundary_trend": -1, "trend_ou": 0.0834116649640642, "reversion_strength": {"s1": 0.002645480578274048, "m1": 0.009447304871809989, "m5": 0.011715152974709363, "h1": 0.04320287271163793, "d1": 0.05}}, "MSFT": {"p": 133.19462187960795, "d1_open": 137.08846618531726, "h1_open": 133.13886604045118, "m5_open": 132.97463376888277, "m1_open": 132.96371063065666, "band": {"m1": 0.0017366486528997637, "m5": 0.004482476817075768, "h1": 0.00956484474349906, "d1": 0.029567695659047648}, "garch_variance": 2.7234685335515573e-06, "prev_return": 0.0011985571941132347, "boundary_trend": -1, "trend_ou": -0.03988207853457503, "reversion_strength": {"s1": 0.00502554902391116, "m1": 0.0038098335627198736, "m5": 0.0032918974962767448, "h1": 0.046518504108642444, "d1": 0.05}}, "NVDA": {"p": 77.34080842593873, "d1_open": 77.58920212535816, "h1_open": 77.04681052606045, "m5_open": 77.58856861454744, "m1_open": 77.46558297868216, "band": {"m1": 0.0016107095299052728, "m5": 0.0042290292210376175, "h1": 0.00878442854190925, "d1": 0.026222358067479565}, "garch_variance": 2.5119558169398987e-06, "prev_return": 0.0, "boundary_trend": 1, "trend_ou": 0.24492045552190628, "reversion_strength": {"s1": 0.0011925680738830492, "m1": 0.020956231791063703, "m5": 0.022867711633453934, "h1": 0.013888096527728985, "d1": 0.05}}}