{"AAPL": {"p": 89.07638754146288, "d1_open": 87.95021220263737, "h1_open": 88.46025421232386, "m5_open": 89.1990608931945, "m1_open": 89.16167192473267, "reversion_strength": {"s1": 0.008338960049529932, "m1": 0.001351140996985631, "m5": 0.013839264509730786, "h1": 0.04009322855887123, "d1": 0.05}, "garch_variance": 1.16309226116396e-06, "prev_return": -0.0009569717044024888, "boundary_trend": 0}, "GOOG": {"p": 177.91906512980532, "d1_open": 175.76656301755804, "h1_open": 171.25338368742615, "m5_open": 175.95488826925583, "m1_open": 177.9313224801115, "reversion_strength": {"s1": 0.0062823601171641975, "m1": 0.013292119646085305, "m5": 0.03312992683192555, "h1": 0.04623311401955329, "d1": 0.05}, "garch_variance": 1.3320971129678383e-06, "prev_return": -6.889047047751259e-05, "boundary_trend": 0}, "AMZN": {"p": 163.61865268604603, "d1_open": 169.8941041712876, "h1_open": 168.5021874081404, "m5_open": 164.00823410459716, "m1_open": 163.44979495162116, "reversion_strength": {"s1": 0.002645480578274048, "m1": 0.009447304871809989, "m5": 0.011715152974709363, "h1": 0.04320287271163793, "d1": 0.05}, "garch_variance": 1.5913457750486682e-06, "prev_return": 0.0010325529756661316, "boundary_trend": 0}, "MSFT": {"p": 165.24820981658848, "d1_open": 164.41906387237157, "h1_open": 164.11163536945244, "m5_open": 164.8782666664081, "m1_open": 165.23310447774102, "reversion_strength": {"s1": 0.00502554902391116, "m1": 0.0038098335627198736, "m5": 0.0032918974962767448, "h1": 0.046518504108642444, "d1": 0.05}, "garch_variance": 1.3647742497192755e-06, "prev_return": 9.141417807689095e-05, "boundary_trend": -1}, "NVDA": {"p": 95.91881045984253, "d1_open": 97.6331941946038, "h1_open": 97.10451824378742, "m5_open": 96.05624288450326, "m1_open": 95.8415561299792, "reversion_strength": {"s1": 0.0011925680738830492, "m1": 0.020956231791063703, "m5": 0.022867711633453934, "h1": 0.013888096527728985, "d1": 0.05}, "garch_variance": 1.4155383874707416e-06, "prev_return": 0.0008057382807171044, "boundary_trend": 0}}