{"AAPL": {"p": 58.06585302087489, "d1_open": 58.881026803928506, "h1_open": 57.95099828715578, "m5_open": 58.06760777946594, "m1_open": 57.97213760232426, "band": {"m1": 0.0017434400161770048, "m5": 0.004496144172028794, "h1": 0.00960692928249234, "d1": 0.029748095540586793}, "garch_variance": 4.0395079723361244e-06, "prev_return": 4.865249099312891e-05, "boundary_trend": 0, "trend_ou": -0.18576242998642545, "reversion_strength": {"s1": 0.008338960049529932, "m1": 0.001351140996985631, "m5": 0.013839264509730786, "h1": 0.04009322855887123, "d1": 0.05}}, "GOOG": {"p": 116.09505755356192, "d1_open": 119.02146768303125, "h1_open": 116.73471203161151, "m5_open": 116.28318749453915, "m1_open": 115.90765417145224, "band": {"m1": 0.0016168335339826869, "m5": 0.004241353541508043, "h1": 0.008822377607195541, "d1": 0.026385030798271775}, "garch_variance": 2.4432074611257e-06, "prev_return": 0.0, "boundary_trend": -1, "trend_ou": -0.1042809050656607, "reversion_strength": {"s1": 0.0062823601171641975, "m1": 0.013292119646085305, "m5": 0.03312992683192555, "h1": 0.04623311401955329, "d1": 0.05}}, "AMZN": {"p": 156.28522570145313, "d1_open": 158.98498094367304, "h1_open": 155.272478808972, "m5_open": 156.67397767554195, "m1_open": 156.57199811301575, "band": {"m1": 0.0018315689588097146, "m5": 0.00467350024788952, "h1": 0.010153044365908906, "d1": 0.03208907630720089}, "garch_variance": 4.036673566653396e-06, "prev_return": -0.0036006421243883553, "boundary_trend": 1, "trend_ou": 0.06685556244027847, "reversion_strength": {"s1": 0.002645480578274048, "m1": 0.009447304871809989, "m5": 0.011715152974709363, "h1": 0.04320287271163793, "d1": 0.05}}, "MSFT": {"p": 133.42776905979426, "d1_open": 137.08846618531726, "h1_open": 133.13886604045118, "m5_open": 133.6837640603729, "m1_open": 133.4843914621044, "band": {"m1": 0.001628983749064633, "m5": 0.004265805377686071, "h1": 0.008897669736259885, "d1": 0.02670777856951876}, "garch_variance": 3.092724029355578e-06, "prev_return": -0.0020519358272245393, "boundary_trend": 0, "trend_ou": -0.043915608666859694, "reversion_strength": {"s1": 0.00502554902391116, "m1": 0.0038098335627198736, "m5": 0.0032918974962767448, "h1": 0.046518504108642444, "d1": 0.05}}, "NVDA": {"p": 77.45389795468681, "d1_open": 77.58920212535816, "h1_open": 77.04681052606045, "m5_open": 77.47707182694458, "m1_open": 77.3788079205244, "band": {"m1": 0.0015286395680390774, "m5": 0.004063866608758352, "h1": 0.008275859589058607, "d1": 0.024042322808844704}, "garch_variance": 1.4690379959672552e-06, "prev_return": 0.002499759756258471, "boundary_trend": 0, "trend_ou": 0.22715500009472783, "reversion_strength": {"s1": 0.0011925680738830492, "m1": 0.020956231791063703, "m5": 0.022867711633453934, "h1": 0.013888096527728985, "d1": 0.05}}}