{"AAPL": {"p": 58.01240640694667, "d1_open": 58.881026803928506, "h1_open": 57.95099828715578, "m5_open": 57.8043474708804, "m1_open": 57.908498414641045, "band": {"m1": 0.0017943478962554067, "m5": 0.004598594304429936, "h1": 0.00992239387726734, "d1": 0.031100368296533867}, "garch_variance": 3.294802481301156e-06, "prev_return": 0.0, "boundary_trend": -1, "trend_ou": -0.19373149435493928, "reversion_strength": {"s1": 0.008338960049529932, "m1": 0.001351140996985631, "m5": 0.013839264509730786, "h1": 0.04009322855887123, "d1": 0.05}}, "GOOG": {"p": 116.47004668629906, "d1_open": 119.02146768303125, "h1_open": 116.73471203161151, "m5_open": 116.6080033221347, "m1_open": 116.28591680248154, "band": {"m1": 0.0015834237617119505, "m5": 0.004174117671788904, "h1": 0.00861534482062731, "d1": 0.025497562595814045}, "garch_variance": 2.7184270960889056e-06, "prev_return": 0.002999072890609684, "boundary_trend": -1, "trend_ou": -0.1063163489983086, "reversion_strength": {"s1": 0.0062823601171641975, "m1": 0.013292119646085305, "m5": 0.03312992683192555, "h1": 0.04623311401955329, "d1": 0.05}}, "AMZN": {"p": 156.61028682017135, "d1_open": 158.98498094367304, "h1_open": 155.272478808972, "m5_open": 156.60703738012538, "m1_open": 156.3216900657558, "band": {"m1": 0.0018461721741502356, "m5": 0.0047028886518618454, "h1": 0.010243537181612774, "d1": 0.03247698344895973}, "garch_variance": 5.301550036544457e-06, "prev_return": 0.0, "boundary_trend": -1, "trend_ou": 0.07414846440410414, "reversion_strength": {"s1": 0.002645480578274048, "m1": 0.009447304871809989, "m5": 0.011715152974709363, "h1": 0.04320287271163793, "d1": 0.05}}, "MSFT": {"p": 133.68658793482166, "d1_open": 137.08846618531726, "h1_open": 133.13886604045118, "m5_open": 133.11544389482313, "m1_open": 133.46657791775195, "band": {"m1": 0.0016484277974465973, "m5": 0.0043049357702319505, "h1": 0.009018160097165804, "d1": 0.027224273400019514}, "garch_variance": 2.16914513861636e-06, "prev_return": 0.0, "boundary_trend": -1, "trend_ou": -0.04256449417887851, "reversion_strength": {"s1": 0.00502554902391116, "m1": 0.0038098335627198736, "m5": 0.0032918974962767448, "h1": 0.046518504108642444, "d1": 0.05}}, "NVDA": {"p": 77.35582626235832, "d1_open": 77.58920212535816, "h1_open": 77.04681052606045, "m5_open": 77.26061216455734, "m1_open": 77.34148560812406, "band": {"m1": 0.0015787452654371084, "m5": 0.004164702379656181, "h1": 0.0085863532395749, "d1": 0.025373287080087892}, "garch_variance": 1.8673244890547729e-06, "prev_return": -9.0330154324399e-05, "boundary_trend": -1, "trend_ou": 0.23751885372461928, "reversion_strength": {"s1": 0.0011925680738830492, "m1": 0.020956231791063703, "m5": 0.022867711633453934, "h1": 0.013888096527728985, "d1": 0.05}}}