{"AAPL": {"p": 58.51245697259605, "d1_open": 58.881026803928506, "h1_open": 58.18002329517424, "m5_open": 58.56801790457984, "m1_open": 58.39526974672615, "band": {"m1": 0.002006793125165381, "m5": 0.005026132080434321, "h1": 0.011238868810946621, "d1": 0.036743579028221354}, "garch_variance": 4.389561064112343e-06, "prev_return": 0.0015398428115860775, "boundary_trend": -1, "trend_ou": -0.17933885209345554, "reversion_strength": {"s1": 0.008338960049529932, "m1": 0.001351140996985631, "m5": 0.013839264509730786, "h1": 0.04009322855887123, "d1": 0.05}}, "GOOG": {"p": 116.9848894497642, "d1_open": 119.02146768303125, "h1_open": 117.8132584785911, "m5_open": 116.88775361734564, "m1_open": 117.20141793399394, "band": {"m1": 0.0018474903123756501, "m5": 0.004705541353870036, "h1": 0.010251705385444823, "d1": 0.03251199732909097}, "garch_variance": 3.378933999000315e-06, "prev_return": 0.0, "boundary_trend": 1, "trend_ou": -0.13800842451316597, "reversion_strength": {"s1": 0.0062823601171641975, "m1": 0.013292119646085305, "m5": 0.03312992683192555, "h1": 0.04623311401955329, "d1": 0.05}}, "AMZN": {"p": 156.14021592528985, "d1_open": 158.98498094367304, "h1_open": 156.39399479459698, "m5_open": 155.8316152576379, "m1_open": 155.83220250054472, "band": {"m1": 0.0019765710796782413, "m5": 0.00496531138711882, "h1": 0.011051589644770599, "d1": 0.03594078683419734}, "garch_variance": 5.4425690991496555e-06, "prev_return": 0.0, "boundary_trend": -1, "trend_ou": 0.10456430280244887, "reversion_strength": {"s1": 0.002645480578274048, "m1": 0.009447304871809989, "m5": 0.011715152974709363, "h1": 0.04320287271163793, "d1": 0.05}}, "MSFT": {"p": 132.65837710610992, "d1_open": 137.08846618531726, "h1_open": 133.29083440032448, "m5_open": 132.67300009600453, "m1_open": 132.67433531655686, "band": {"m1": 0.001840094795656055, "m5": 0.0046906581635676615, "h1": 0.010205877044498279, "d1": 0.03231554923970564}, "garch_variance": 2.7746845823040904e-06, "prev_return": -0.00195869219526583, "boundary_trend": 1, "trend_ou": -0.016747667932933696, "reversion_strength": {"s1": 0.00502554902391116, "m1": 0.0038098335627198736, "m5": 0.0032918974962767448, "h1": 0.046518504108642444, "d1": 0.05}}, "NVDA": {"p": 77.34738081461994, "d1_open": 77.58920212535816, "h1_open": 77.08644892077346, "m5_open": 77.73335286764028, "m1_open": 77.42680629371719, "band": {"m1": 0.0019765822719545233, "m5": 0.00496533391114035, "h1": 0.011051659000770035, "d1": 0.03594108413611346}, "garch_variance": 5.057685847892483e-06, "prev_return": 0.0, "boundary_trend": 1, "trend_ou": 0.23419880337408236, "reversion_strength": {"s1": 0.0011925680738830492, "m1": 0.020956231791063703, "m5": 0.022867711633453934, "h1": 0.013888096527728985, "d1": 0.05}}}