{"AAPL": {"p": 90.57255138382904, "d1_open": 87.95021220263737, "h1_open": 89.92327454616381, "m5_open": 90.66516653293418, "m1_open": 90.58486593275148, "reversion_strength": {"s1": 0.008338960049529932, "m1": 0.001351140996985631, "m5": 0.013839264509730786, "h1": 0.04009322855887123, "d1": 0.05}, "garch_variance": 1.328073914199154e-06, "prev_return": -0.0001359541234781272, "boundary_trend": 0}, "GOOG": {"p": 174.9185794246328, "d1_open": 175.76656301755804, "h1_open": 183.39762262224193, "m5_open": 177.04873167714695, "m1_open": 174.9185794246328, "reversion_strength": {"s1": 0.0062823601171641975, "m1": 0.013292119646085305, "m5": 0.03312992683192555, "h1": 0.04623311401955329, "d1": 0.05}, "garch_variance": 3.2436193925276564e-06, "prev_return": 0.0, "boundary_trend": 1}, "AMZN": {"p": 170.85708399850466, "d1_open": 169.8941041712876, "h1_open": 168.9436681978484, "m5_open": 172.70870948545664, "m1_open": 170.68540053376987, "reversion_strength": {"s1": 0.002645480578274048, "m1": 0.009447304871809989, "m5": 0.011715152974709363, "h1": 0.04320287271163793, "d1": 0.05}, "garch_variance": 2.0138307060321524e-06, "prev_return": 0.0010053418650399278, "boundary_trend": 1}, "MSFT": {"p": 162.78414492412801, "d1_open": 164.41906387237157, "h1_open": 162.58297699275926, "m5_open": 162.25003444197765, "m1_open": 162.73866608665713, "reversion_strength": {"s1": 0.00502554902391116, "m1": 0.0038098335627198736, "m5": 0.0032918974962767448, "h1": 0.046518504108642444, "d1": 0.05}, "garch_variance": 2.0477386009642265e-06, "prev_return": 0.0002794202816420915, "boundary_trend": -1}, "NVDA": {"p": 98.10735319962863, "d1_open": 97.6331941946038, "h1_open": 98.32781845318762, "m5_open": 98.99303492301215, "m1_open": 98.16135866701909, "reversion_strength": {"s1": 0.0011925680738830492, "m1": 0.020956231791063703, "m5": 0.022867711633453934, "h1": 0.013888096527728985, "d1": 0.05}, "garch_variance": 1.4703540789368945e-06, "prev_return": -0.0005503217322803005, "boundary_trend": 0}}