{"AAPL": {"p": 90.2825576986156, "d1_open": 87.95021220263737, "h1_open": 89.92327454616381, "m5_open": 90.2837567142836, "m1_open": 90.40470720484055, "reversion_strength": {"s1": 0.008338960049529932, "m1": 0.001351140996985631, "m5": 0.013839264509730786, "h1": 0.04009322855887123, "d1": 0.05}, "garch_variance": 1.1819998348456873e-06, "prev_return": -0.0013520546110228153, "boundary_trend": 1}, "GOOG": {"p": 176.99085716492064, "d1_open": 175.76656301755804, "h1_open": 183.39762262224193, "m5_open": 177.70949469667065, "m1_open": 176.69750413691594, "reversion_strength": {"s1": 0.0062823601171641975, "m1": 0.013292119646085305, "m5": 0.03312992683192555, "h1": 0.04623311401955329, "d1": 0.05}, "garch_variance": 2.6743784250662835e-06, "prev_return": 0.0016588224401449193, "boundary_trend": 0}, "AMZN": {"p": 170.25391415445335, "d1_open": 169.8941041712876, "h1_open": 168.9436681978484, "m5_open": 169.9806919668684, "m1_open": 170.0119628038965, "reversion_strength": {"s1": 0.002645480578274048, "m1": 0.009447304871809989, "m5": 0.011715152974709363, "h1": 0.04320287271163793, "d1": 0.05}, "garch_variance": 2.9079954043909275e-06, "prev_return": 0.001422131384420387, "boundary_trend": 0}, "MSFT": {"p": 161.79492016174174, "d1_open": 164.41906387237157, "h1_open": 162.58297699275926, "m5_open": 162.0796041149426, "m1_open": 161.5460546719591, "reversion_strength": {"s1": 0.00502554902391116, "m1": 0.0038098335627198736, "m5": 0.0032918974962767448, "h1": 0.046518504108642444, "d1": 0.05}, "garch_variance": 2.0989276992235525e-06, "prev_return": 0.0015393380876177738, "boundary_trend": 1}, "NVDA": {"p": 99.1437580329429, "d1_open": 97.6331941946038, "h1_open": 98.32781845318762, "m5_open": 98.59875170647724, "m1_open": 99.02566318852915, "reversion_strength": {"s1": 0.0011925680738830492, "m1": 0.020956231791063703, "m5": 0.022867711633453934, "h1": 0.013888096527728985, "d1": 0.05}, "garch_variance": 1.4502047718647983e-06, "prev_return": 0.0011918575294366796, "boundary_trend": -1}}