{"AAPL": {"p": 88.52409637702796, "d1_open": 87.95021220263737, "h1_open": 88.46025421232386, "m5_open": 88.71364479227643, "m1_open": 88.62543688126962, "reversion_strength": {"s1": 0.008338960049529932, "m1": 0.001351140996985631, "m5": 0.013839264509730786, "h1": 0.04009322855887123, "d1": 0.05}, "garch_variance": 1.0517027155602814e-06, "prev_return": -0.001144123988727976, "boundary_trend": 1}, "GOOG": {"p": 170.07690249856358, "d1_open": 175.76656301755804, "h1_open": 171.25338368742615, "m5_open": 170.11830882226877, "m1_open": 170.40278640364016, "reversion_strength": {"s1": 0.0062823601171641975, "m1": 0.013292119646085305, "m5": 0.03312992683192555, "h1": 0.04623311401955329, "d1": 0.05}, "garch_variance": 1.1825592296020733e-06, "prev_return": -0.001914263994081836, "boundary_trend": 0}, "AMZN": {"p": 167.0044364406249, "d1_open": 169.8941041712876, "h1_open": 168.5021874081404, "m5_open": 168.25616323207532, "m1_open": 166.96787937019005, "reversion_strength": {"s1": 0.002645480578274048, "m1": 0.009447304871809989, "m5": 0.011715152974709363, "h1": 0.04320287271163793, "d1": 0.05}, "garch_variance": 1.1811216888371044e-06, "prev_return": 0.00021892276006231493, "boundary_trend": 0}, "MSFT": {"p": 163.8293909359756, "d1_open": 164.41906387237157, "h1_open": 164.11163536945244, "m5_open": 164.1213540649923, "m1_open": 163.89461720058048, "reversion_strength": {"s1": 0.00502554902391116, "m1": 0.0038098335627198736, "m5": 0.0032918974962767448, "h1": 0.046518504108642444, "d1": 0.05}, "garch_variance": 1.4201628200663703e-06, "prev_return": -0.00039805607063712016, "boundary_trend": 1}, "NVDA": {"p": 95.91792375894109, "d1_open": 97.6331941946038, "h1_open": 97.10451824378742, "m5_open": 96.25723778437123, "m1_open": 95.97567354021797, "reversion_strength": {"s1": 0.0011925680738830492, "m1": 0.020956231791063703, "m5": 0.022867711633453934, "h1": 0.013888096527728985, "d1": 0.05}, "garch_variance": 1.1141069800841864e-06, "prev_return": -0.0006018937977414496, "boundary_trend": 0}}