{"AAPL": {"p": 87.73010464469446, "d1_open": 87.95021220263737, "h1_open": 87.95021220263737, "m5_open": 87.7386928187712, "m1_open": 87.74712150833405, "reversion_strength": {"s1": 0.008338960049529932, "m1": 0.001351140996985631, "m5": 0.013839264509730786, "h1": 0.04009322855887123, "d1": 0.05}, "garch_variance": 1.1280488344925737e-06, "prev_return": -0.00019394954052993386, "boundary_trend": 0}, "GOOG": {"p": 168.25012150482215, "d1_open": 175.76656301755804, "h1_open": 175.76656301755804, "m5_open": 168.22272328193165, "m1_open": 167.96766780956827, "reversion_strength": {"s1": 0.0062823601171641975, "m1": 0.013292119646085305, "m5": 0.03312992683192555, "h1": 0.04623311401955329, "d1": 0.05}, "garch_variance": 1.4886100483750034e-06, "prev_return": 0.0016801833256797625, "boundary_trend": 0}, "AMZN": {"p": 174.27252606831993, "d1_open": 169.8941041712876, "h1_open": 169.8941041712876, "m5_open": 174.37787766686083, "m1_open": 174.0572380033017, "reversion_strength": {"s1": 0.002645480578274048, "m1": 0.009447304871809989, "m5": 0.011715152974709363, "h1": 0.04320287271163793, "d1": 0.05}, "garch_variance": 1.1526169285545755e-06, "prev_return": 0.001236116546084397, "boundary_trend": 0}, "MSFT": {"p": 164.54071387589116, "d1_open": 164.41906387237157, "h1_open": 164.41906387237157, "m5_open": 165.08415398908278, "m1_open": 164.54071387589116, "reversion_strength": {"s1": 0.00502554902391116, "m1": 0.0038098335627198736, "m5": 0.0032918974962767448, "h1": 0.046518504108642444, "d1": 0.05}, "garch_variance": 1.275772848257011e-06, "prev_return": 0.0, "boundary_trend": 1}, "NVDA": {"p": 96.37370935205058, "d1_open": 97.6331941946038, "h1_open": 97.6331941946038, "m5_open": 96.45231411809671, "m1_open": 96.48877878912245, "reversion_strength": {"s1": 0.0011925680738830492, "m1": 0.020956231791063703, "m5": 0.022867711633453934, "h1": 0.013888096527728985, "d1": 0.05}, "garch_variance": 1.1049837081163588e-06, "prev_return": -0.0011932797490587675, "boundary_trend": 1}}