{"AAPL": {"p": 87.97915994625372, "d1_open": 87.95021220263737, "h1_open": 87.95021220263737, "m5_open": 87.88643841821613, "m1_open": 88.02510576392196, "reversion_strength": {"s1": 0.008338960049529932, "m1": 0.001351140996985631, "m5": 0.013839264509730786, "h1": 0.04009322855887123, "d1": 0.05}, "garch_variance": 1.0711738165540319e-06, "prev_return": -0.0005220989221656867, "boundary_trend": 0}, "GOOG": {"p": 177.36953198860215, "d1_open": 175.76656301755804, "h1_open": 175.76656301755804, "m5_open": 173.80655726077936, "m1_open": 177.34905151840584, "reversion_strength": {"s1": 0.0062823601171641975, "m1": 0.013292119646085305, "m5": 0.03312992683192555, "h1": 0.04623311401955329, "d1": 0.05}, "garch_variance": 1.065187924714583e-06, "prev_return": 0.00011547447002404552, "boundary_trend": 0}, "AMZN": {"p": 172.1808304478848, "d1_open": 169.8941041712876, "h1_open": 169.8941041712876, "m5_open": 171.38253112287015, "m1_open": 172.102229698761, "reversion_strength": {"s1": 0.002645480578274048, "m1": 0.009447304871809989, "m5": 0.011715152974709363, "h1": 0.04320287271163793, "d1": 0.05}, "garch_variance": 1.3891412320728305e-06, "prev_return": 0.0004566053900877397, "boundary_trend": 0}, "MSFT": {"p": 164.36194046648166, "d1_open": 164.41906387237157, "h1_open": 164.41906387237157, "m5_open": 164.68306588036415, "m1_open": 164.48683657929448, "reversion_strength": {"s1": 0.00502554902391116, "m1": 0.0038098335627198736, "m5": 0.0032918974962767448, "h1": 0.046518504108642444, "d1": 0.05}, "garch_variance": 1.2059558027825864e-06, "prev_return": -0.0007595960668615138, "boundary_trend": 0}, "NVDA": {"p": 98.91076531059966, "d1_open": 97.6331941946038, "h1_open": 97.6331941946038, "m5_open": 98.17178464380801, "m1_open": 98.83060030380457, "reversion_strength": {"s1": 0.0011925680738830492, "m1": 0.020956231791063703, "m5": 0.022867711633453934, "h1": 0.013888096527728985, "d1": 0.05}, "garch_variance": 1.100578858568036e-06, "prev_return": 0.0008108066912328076, "boundary_trend": 0}}