{"AAPL": {"p": 87.79423138604133, "d1_open": 87.95021220263737, "h1_open": 87.95021220263737, "m5_open": 87.92120877263224, "m1_open": 87.8376950449334, "reversion_strength": {"s1": 0.008338960049529932, "m1": 0.001351140996985631, "m5": 0.013839264509730786, "h1": 0.04009322855887123, "d1": 0.05}, "garch_variance": 1.0016956839686495e-06, "prev_return": -0.0004949403068400283, "boundary_trend": 0}, "GOOG": {"p": 176.35613843476256, "d1_open": 175.76656301755804, "h1_open": 175.76656301755804, "m5_open": 175.96515847975317, "m1_open": 176.4198699082577, "reversion_strength": {"s1": 0.0062823601171641975, "m1": 0.013292119646085305, "m5": 0.03312992683192555, "h1": 0.04623311401955329, "d1": 0.05}, "garch_variance": 1.4257854359261373e-06, "prev_return": -0.0003613141068625233, "boundary_trend": 0}, "AMZN": {"p": 170.67805891536884, "d1_open": 169.8941041712876, "h1_open": 169.8941041712876, "m5_open": 170.2593522688174, "m1_open": 170.6653579866704, "reversion_strength": {"s1": 0.002645480578274048, "m1": 0.009447304871809989, "m5": 0.011715152974709363, "h1": 0.04320287271163793, "d1": 0.05}, "garch_variance": 1.271448598973831e-06, "prev_return": 7.441730571273285e-05, "boundary_trend": 0}, "MSFT": {"p": 164.51345371162685, "d1_open": 164.41906387237157, "h1_open": 164.41906387237157, "m5_open": 164.46211409044528, "m1_open": 164.55514048499722, "reversion_strength": {"s1": 0.00502554902391116, "m1": 0.0038098335627198736, "m5": 0.0032918974962767448, "h1": 0.046518504108642444, "d1": 0.05}, "garch_variance": 1.3744861658934832e-06, "prev_return": -0.0002533622127942412, "boundary_trend": -1}, "NVDA": {"p": 96.43373229482485, "d1_open": 97.6331941946038, "h1_open": 97.6331941946038, "m5_open": 98.20183275629712, "m1_open": 96.44014467640135, "reversion_strength": {"s1": 0.0011925680738830492, "m1": 0.020956231791063703, "m5": 0.022867711633453934, "h1": 0.013888096527728985, "d1": 0.05}, "garch_variance": 1.0181116074520667e-06, "prev_return": -6.649300236559882e-05, "boundary_trend": 0}}