{"AAPL": {"p": 57.34323256830464, "d1_open": 58.881026803928506, "h1_open": 57.95099828715578, "m5_open": 57.6615337301786, "m1_open": 57.406262521739706, "band": {"m1": 0.0022522798973946263, "m5": 0.005520164679687763, "h1": 0.012760094699839554, "d1": 0.04326447664799541}, "garch_variance": 1.0714681842911218e-05, "prev_return": 0.0, "boundary_trend": 1, "trend_ou": -0.19068923535310972, "reversion_strength": {"s1": 0.008338960049529932, "m1": 0.001351140996985631, "m5": 0.013839264509730786, "h1": 0.04009322855887123, "d1": 0.05}}, "GOOG": {"p": 115.5922164547519, "d1_open": 119.02146768303125, "h1_open": 116.73471203161151, "m5_open": 115.57967153985398, "m1_open": 115.62752231929453, "band": {"m1": 0.0017725167056540038, "m5": 0.004554659880836894, "h1": 0.00978711093706396, "d1": 0.030520463491330828}, "garch_variance": 3.232265240568344e-06, "prev_return": -0.0020763356346740858, "boundary_trend": 1, "trend_ou": -0.09302796284823944, "reversion_strength": {"s1": 0.0062823601171641975, "m1": 0.013292119646085305, "m5": 0.03312992683192555, "h1": 0.04623311401955329, "d1": 0.05}}, "AMZN": {"p": 154.86740748589148, "d1_open": 158.98498094367304, "h1_open": 155.272478808972, "m5_open": 154.59679921139377, "m1_open": 154.5913702121737, "band": {"m1": 0.001785593033679292, "m5": 0.004580975483361461, "h1": 0.009868141978138338, "d1": 0.030867811723258615}, "garch_variance": 2.4891641220279643e-06, "prev_return": 0.003571189862753781, "boundary_trend": -1, "trend_ou": 0.10958454604491616, "reversion_strength": {"s1": 0.002645480578274048, "m1": 0.009447304871809989, "m5": 0.011715152974709363, "h1": 0.04320287271163793, "d1": 0.05}}, "MSFT": {"p": 133.53306643211542, "d1_open": 137.08846618531726, "h1_open": 133.13886604045118, "m5_open": 133.28519796425596, "m1_open": 133.28690147740065, "band": {"m1": 0.0018468803159663563, "m5": 0.004704313759776546, "h1": 0.010247925375949717, "d1": 0.032495793913740675}, "garch_variance": 4.891823801053315e-06, "prev_return": 0.0008102883970043162, "boundary_trend": -1, "trend_ou": -0.018981345274305714, "reversion_strength": {"s1": 0.00502554902391116, "m1": 0.0038098335627198736, "m5": 0.0032918974962767448, "h1": 0.046518504108642444, "d1": 0.05}}, "NVDA": {"p": 77.65755036724671, "d1_open": 77.58920212535816, "h1_open": 77.04681052606045, "m5_open": 77.66098322823717, "m1_open": 77.52496048463976, "band": {"m1": 0.0017102863616839002, "m5": 0.004429423729394582, "h1": 0.009401483599744005, "d1": 0.028867430628552307}, "garch_variance": 2.2010480425142284e-06, "prev_return": 0.003420576058522603, "boundary_trend": -1, "trend_ou": 0.24405350833650044, "reversion_strength": {"s1": 0.0011925680738830492, "m1": 0.020956231791063703, "m5": 0.022867711633453934, "h1": 0.013888096527728985, "d1": 0.05}}}