{"AAPL": {"p": 88.02279054981568, "d1_open": 87.95021220263737, "h1_open": 87.7884707899021, "m5_open": 88.28169774365067, "m1_open": 87.97782669117763, "reversion_strength": {"s1": 0.008338960049529932, "m1": 0.001351140996985631, "m5": 0.013839264509730786, "h1": 0.04009322855887123, "d1": 0.05}, "garch_variance": 1.088636512471148e-06, "prev_return": 0.0005109511582533178, "boundary_trend": 0}, "GOOG": {"p": 172.34720105074254, "d1_open": 175.76656301755804, "h1_open": 168.02502312872693, "m5_open": 173.57428903110832, "m1_open": 172.39683915354985, "reversion_strength": {"s1": 0.0062823601171641975, "m1": 0.013292119646085305, "m5": 0.03312992683192555, "h1": 0.04623311401955329, "d1": 0.05}, "garch_variance": 1.3037864502970156e-06, "prev_return": -0.00028797076881109885, "boundary_trend": 1}, "AMZN": {"p": 174.66973933960352, "d1_open": 169.8941041712876, "h1_open": 175.70186627134336, "m5_open": 176.39672641889945, "m1_open": 174.91043145463533, "reversion_strength": {"s1": 0.002645480578274048, "m1": 0.009447304871809989, "m5": 0.011715152974709363, "h1": 0.04320287271163793, "d1": 0.05}, "garch_variance": 1.254751030935449e-06, "prev_return": -0.0013770355024362616, "boundary_trend": 0}, "MSFT": {"p": 164.56504718974026, "d1_open": 164.41906387237157, "h1_open": 164.62216328017612, "m5_open": 164.79601871057585, "m1_open": 164.64461379455355, "reversion_strength": {"s1": 0.00502554902391116, "m1": 0.0038098335627198736, "m5": 0.0032918974962767448, "h1": 0.046518504108642444, "d1": 0.05}, "garch_variance": 1.0159753990505021e-06, "prev_return": -0.0004833795346386553, "boundary_trend": 0}, "NVDA": {"p": 98.34493252510784, "d1_open": 97.6331941946038, "h1_open": 98.33301575396666, "m5_open": 98.18618547713297, "m1_open": 98.28674004301892, "reversion_strength": {"s1": 0.0011925680738830492, "m1": 0.020956231791063703, "m5": 0.022867711633453934, "h1": 0.013888096527728985, "d1": 0.05}, "garch_variance": 1.2430529905472254e-06, "prev_return": 0.0005918932899038829, "boundary_trend": 0}}