{"AAPL": {"p": 87.70483361835952, "d1_open": 87.95021220263737, "h1_open": 87.95021220263737, "m5_open": 87.7386928187712, "m1_open": 87.69474265348738, "reversion_strength": {"s1": 0.008338960049529932, "m1": 0.001351140996985631, "m5": 0.013839264509730786, "h1": 0.04009322855887123, "d1": 0.05}, "garch_variance": 9.54306038048846e-07, "prev_return": 0.00011506259134424931, "boundary_trend": 0}, "GOOG": {"p": 168.30617155146894, "d1_open": 175.76656301755804, "h1_open": 175.76656301755804, "m5_open": 168.22272328193165, "m1_open": 168.22129737114813, "reversion_strength": {"s1": 0.0062823601171641975, "m1": 0.013292119646085305, "m5": 0.03312992683192555, "h1": 0.04623311401955329, "d1": 0.05}, "garch_variance": 1.223466148428981e-06, "prev_return": 0.0005044116154446304, "boundary_trend": 0}, "AMZN": {"p": 176.3949782669324, "d1_open": 169.8941041712876, "h1_open": 169.8941041712876, "m5_open": 174.37787766686083, "m1_open": 176.28819116255136, "reversion_strength": {"s1": 0.002645480578274048, "m1": 0.009447304871809989, "m5": 0.011715152974709363, "h1": 0.04320287271163793, "d1": 0.05}, "garch_variance": 1.146042884832791e-06, "prev_return": 0.0006055696267966312, "boundary_trend": 0}, "MSFT": {"p": 165.29028253832325, "d1_open": 164.41906387237157, "h1_open": 164.41906387237157, "m5_open": 165.08415398908278, "m1_open": 165.21213964566206, "reversion_strength": {"s1": 0.00502554902391116, "m1": 0.0038098335627198736, "m5": 0.0032918974962767448, "h1": 0.046518504108642444, "d1": 0.05}, "garch_variance": 1.3336454111540504e-06, "prev_return": 0.00047287335203743757, "boundary_trend": 0}, "NVDA": {"p": 97.40613596774516, "d1_open": 97.6331941946038, "h1_open": 97.6331941946038, "m5_open": 96.45231411809671, "m1_open": 97.38782670523123, "reversion_strength": {"s1": 0.0011925680738830492, "m1": 0.020956231791063703, "m5": 0.022867711633453934, "h1": 0.013888096527728985, "d1": 0.05}, "garch_variance": 1.087093057567137e-06, "prev_return": 0.00018798593464189786, "boundary_trend": 0}}