{"AAPL": {"p": 57.831994310858676, "d1_open": 58.881026803928506, "h1_open": 58.18002329517424, "m5_open": 57.95574319805747, "m1_open": 57.93866474005696, "band": {"m1": 0.0020894561348956684, "m5": 0.005192488178517806, "h1": 0.01175111274699908, "d1": 0.03893936749575727}, "garch_variance": 4.9955866777838484e-06, "prev_return": 0.00024885290601928855, "boundary_trend": 1, "trend_ou": -0.18526564224564532, "reversion_strength": {"s1": 0.008338960049529932, "m1": 0.001351140996985631, "m5": 0.013839264509730786, "h1": 0.04009322855887123, "d1": 0.05}}, "GOOG": {"p": 116.94559640030984, "d1_open": 119.02146768303125, "h1_open": 117.8132584785911, "m5_open": 116.47384860653564, "m1_open": 116.71010578721311, "band": {"m1": 0.002017739693647937, "m5": 0.005048161624556938, "h1": 0.011306702214836315, "d1": 0.03703435417555163}, "garch_variance": 4.881437652335836e-06, "prev_return": 0.0010469812795595244, "boundary_trend": -1, "trend_ou": -0.14494592128642486, "reversion_strength": {"s1": 0.0062823601171641975, "m1": 0.013292119646085305, "m5": 0.03312992683192555, "h1": 0.04623311401955329, "d1": 0.05}}, "AMZN": {"p": 154.83643516915458, "d1_open": 158.98498094367304, "h1_open": 156.39399479459698, "m5_open": 154.8346184811663, "m1_open": 155.16665798329578, "band": {"m1": 0.00212818152065083, "m5": 0.005270421514020904, "h1": 0.011991085185567397, "d1": 0.039968035042698837}, "garch_variance": 5.801790233522049e-06, "prev_return": -0.0013298168738397015, "boundary_trend": 1, "trend_ou": 0.11261658803179819, "reversion_strength": {"s1": 0.002645480578274048, "m1": 0.009447304871809989, "m5": 0.011715152974709363, "h1": 0.04320287271163793, "d1": 0.05}}, "MSFT": {"p": 133.3843869336911, "d1_open": 137.08846618531726, "h1_open": 133.29083440032448, "m5_open": 133.38068513768832, "m1_open": 133.14185668725142, "band": {"m1": 0.0018215927918849802, "m5": 0.004653423599230788, "h1": 0.010091224320535335, "d1": 0.03182407806487922}, "garch_variance": 4.591611423505838e-06, "prev_return": 0.0, "boundary_trend": -1, "trend_ou": -0.01564307097585227, "reversion_strength": {"s1": 0.00502554902391116, "m1": 0.0038098335627198736, "m5": 0.0032918974962767448, "h1": 0.046518504108642444, "d1": 0.05}}, "NVDA": {"p": 76.95390234470058, "d1_open": 77.58920212535816, "h1_open": 77.08644892077346, "m5_open": 77.21247155472125, "m1_open": 77.06927858737957, "band": {"m1": 0.0018740253919314405, "m5": 0.004758942171377637, "h1": 0.010416137259380606, "d1": 0.03321685215912753}, "garch_variance": 4.653449487787632e-06, "prev_return": -0.00022583574182386684, "boundary_trend": 0, "trend_ou": 0.24471128826744587, "reversion_strength": {"s1": 0.0011925680738830492, "m1": 0.020956231791063703, "m5": 0.022867711633453934, "h1": 0.013888096527728985, "d1": 0.05}}}