{"AAPL": {"p": 89.09461338594183, "d1_open": 87.95021220263737, "h1_open": 89.17288531883615, "m5_open": 89.37153718416185, "m1_open": 89.10989960185515, "reversion_strength": {"s1": 0.008338960049529932, "m1": 0.001351140996985631, "m5": 0.013839264509730786, "h1": 0.04009322855887123, "d1": 0.05}, "garch_variance": 1.6769175919035355e-06, "prev_return": -0.0001715581238041475, "boundary_trend": 1}, "GOOG": {"p": 172.80144514725626, "d1_open": 175.76656301755804, "h1_open": 176.0396410021823, "m5_open": 174.5244804279311, "m1_open": 173.08049896264356, "reversion_strength": {"s1": 0.0062823601171641975, "m1": 0.013292119646085305, "m5": 0.03312992683192555, "h1": 0.04623311401955329, "d1": 0.05}, "garch_variance": 1.5689462636541584e-06, "prev_return": -0.0016135787408714426, "boundary_trend": 0}, "AMZN": {"p": 164.80839080776352, "d1_open": 169.8941041712876, "h1_open": 162.3870609310141, "m5_open": 163.00281570739568, "m1_open": 164.46180466668437, "reversion_strength": {"s1": 0.002645480578274048, "m1": 0.009447304871809989, "m5": 0.011715152974709363, "h1": 0.04320287271163793, "d1": 0.05}, "garch_variance": 1.5806303456900043e-06, "prev_return": 0.0021051785059324818, "boundary_trend": 0}, "MSFT": {"p": 163.8747491875495, "d1_open": 164.41906387237157, "h1_open": 164.33550431317852, "m5_open": 163.74337808413532, "m1_open": 164.2237750361359, "reversion_strength": {"s1": 0.00502554902391116, "m1": 0.0038098335627198736, "m5": 0.0032918974962767448, "h1": 0.046518504108642444, "d1": 0.05}, "garch_variance": 1.4211107347212426e-06, "prev_return": -0.002127568120393233, "boundary_trend": 0}, "NVDA": {"p": 98.94752793380876, "d1_open": 97.6331941946038, "h1_open": 98.01165686841159, "m5_open": 97.04041909606616, "m1_open": 99.03141640707913, "reversion_strength": {"s1": 0.0011925680738830492, "m1": 0.020956231791063703, "m5": 0.022867711633453934, "h1": 0.013888096527728985, "d1": 0.05}, "garch_variance": 1.3154915146080433e-06, "prev_return": -0.0008474484856980294, "boundary_trend": 0}}