{"AAPL": {"p": 57.911031559082915, "d1_open": 58.881026803928506, "h1_open": 57.95099828715578, "m5_open": 57.79828395725177, "m1_open": 58.03152384554596, "band": {"m1": 0.002076324702135079, "m5": 0.005166061679852623, "h1": 0.011669740234369308, "d1": 0.0385905555094528}, "garch_variance": 5.879727225572428e-06, "prev_return": 0.0, "boundary_trend": 1, "trend_ou": -0.17954651481135273, "reversion_strength": {"s1": 0.008338960049529932, "m1": 0.001351140996985631, "m5": 0.013839264509730786, "h1": 0.04009322855887123, "d1": 0.05}}, "GOOG": {"p": 115.93167374080431, "d1_open": 119.02146768303125, "h1_open": 116.73471203161151, "m5_open": 116.17099145683495, "m1_open": 115.71572107514817, "band": {"m1": 0.0018662344550046703, "m5": 0.004743263213258633, "h1": 0.010367858589030634, "d1": 0.03300990047044696}, "garch_variance": 3.479486224993476e-06, "prev_return": 0.0, "boundary_trend": -1, "trend_ou": -0.10158856648633266, "reversion_strength": {"s1": 0.0062823601171641975, "m1": 0.013292119646085305, "m5": 0.03312992683192555, "h1": 0.04623311401955329, "d1": 0.05}}, "AMZN": {"p": 153.93296388649821, "d1_open": 158.98498094367304, "h1_open": 155.272478808972, "m5_open": 154.45475624914312, "m1_open": 154.26728596677603, "band": {"m1": 0.0021671612239928836, "m5": 0.005348866653794952, "h1": 0.012232633572581605, "d1": 0.04100345806135881}, "garch_variance": 7.23568175791759e-06, "prev_return": 0.0, "boundary_trend": 1, "trend_ou": 0.10744924207188568, "reversion_strength": {"s1": 0.002645480578274048, "m1": 0.009447304871809989, "m5": 0.011715152974709363, "h1": 0.04320287271163793, "d1": 0.05}}, "MSFT": {"p": 133.28232573041242, "d1_open": 137.08846618531726, "h1_open": 133.13886604045118, "m5_open": 132.90056074164417, "m1_open": 133.5328398664381, "band": {"m1": 0.001876048890117586, "m5": 0.004763014382924549, "h1": 0.010428676419022242, "d1": 0.03327060260924682}, "garch_variance": 4.2704104974018274e-06, "prev_return": 0.0, "boundary_trend": 1, "trend_ou": -0.01658057285936136, "reversion_strength": {"s1": 0.00502554902391116, "m1": 0.0038098335627198736, "m5": 0.0032918974962767448, "h1": 0.046518504108642444, "d1": 0.05}}, "NVDA": {"p": 77.31842067613212, "d1_open": 77.58920212535816, "h1_open": 77.04681052606045, "m5_open": 77.37490571439886, "m1_open": 77.46811115396014, "band": {"m1": 0.0019322851118767845, "m5": 0.004876187596110738, "h1": 0.010777159539545448, "d1": 0.034764412810442485}, "garch_variance": 4.994135421959794e-06, "prev_return": 0.0, "boundary_trend": 1, "trend_ou": 0.23640839797379004, "reversion_strength": {"s1": 0.0011925680738830492, "m1": 0.020956231791063703, "m5": 0.022867711633453934, "h1": 0.013888096527728985, "d1": 0.05}}}