{"AAPL": {"p": 58.24097626219842, "d1_open": 58.881026803928506, "h1_open": 58.18002329517424, "m5_open": 58.51855199985677, "m1_open": 58.250180738188604, "band": {"m1": 0.0018662925587528702, "m5": 0.004743380144796284, "h1": 0.010368218644789243, "d1": 0.033011443888000154}, "garch_variance": 4.859614824730415e-06, "prev_return": 0.0, "boundary_trend": 1, "trend_ou": -0.17699313851263754, "reversion_strength": {"s1": 0.008338960049529932, "m1": 0.001351140996985631, "m5": 0.013839264509730786, "h1": 0.04009322855887123, "d1": 0.05}}, "GOOG": {"p": 117.5899862230014, "d1_open": 119.02146768303125, "h1_open": 117.8132584785911, "m5_open": 117.82879068469468, "m1_open": 117.81320712481424, "band": {"m1": 0.001894701852707835, "m5": 0.00480055274602475, "h1": 0.010544264600573387, "d1": 0.03376608372316566}, "garch_variance": 2.8938287334811025e-06, "prev_return": 0.0, "boundary_trend": 1, "trend_ou": -0.1512926166976791, "reversion_strength": {"s1": 0.0062823601171641975, "m1": 0.013292119646085305, "m5": 0.03312992683192555, "h1": 0.04623311401955329, "d1": 0.05}}, "AMZN": {"p": 155.82764561407546, "d1_open": 158.98498094367304, "h1_open": 156.39399479459698, "m5_open": 156.01598994934983, "m1_open": 156.10257710060563, "band": {"m1": 0.001761223239466367, "m5": 0.004531932218549458, "h1": 0.00971712788671888, "d1": 0.030220473654350172}, "garch_variance": 3.435937490611816e-06, "prev_return": -0.0009241522615351601, "boundary_trend": 1, "trend_ou": 0.09931249622427477, "reversion_strength": {"s1": 0.002645480578274048, "m1": 0.009447304871809989, "m5": 0.011715152974709363, "h1": 0.04320287271163793, "d1": 0.05}}, "MSFT": {"p": 133.055502678789, "d1_open": 137.08846618531726, "h1_open": 133.29083440032448, "m5_open": 133.5689667792177, "m1_open": 133.31453607511037, "band": {"m1": 0.0019430243988954841, "m5": 0.0048977999943340626, "h1": 0.010843708467183152, "d1": 0.03504968191281559}, "garch_variance": 4.415362671065427e-06, "prev_return": 0.0, "boundary_trend": 1, "trend_ou": 0.0022410451312338854, "reversion_strength": {"s1": 0.00502554902391116, "m1": 0.0038098335627198736, "m5": 0.0032918974962767448, "h1": 0.046518504108642444, "d1": 0.05}}, "NVDA": {"p": 77.65063781475526, "d1_open": 77.58920212535816, "h1_open": 77.08644892077346, "m5_open": 77.29050824109868, "m1_open": 77.51981675246644, "band": {"m1": 0.0018245765017749025, "m5": 0.004659428199555892, "h1": 0.010109713694477067, "d1": 0.031903334745565545}, "garch_variance": 3.6295041480628566e-06, "prev_return": 0.003512402894295563, "boundary_trend": -1, "trend_ou": 0.2553782825178881, "reversion_strength": {"s1": 0.0011925680738830492, "m1": 0.020956231791063703, "m5": 0.022867711633453934, "h1": 0.013888096527728985, "d1": 0.05}}}