{"AAPL": {"p": 58.080331570826054, "d1_open": 58.881026803928506, "h1_open": 58.18002329517424, "m5_open": 58.12557576963788, "m1_open": 58.00325560559674, "band": {"m1": 0.002139894750659409, "m5": 0.005293993934702651, "h1": 0.012063669417173037, "d1": 0.04027917512160902}, "garch_variance": 8.253262521597516e-06, "prev_return": -0.0008096691747282714, "boundary_trend": -1, "trend_ou": -0.18691610289580876, "reversion_strength": {"s1": 0.008338960049529932, "m1": 0.001351140996985631, "m5": 0.013839264509730786, "h1": 0.04009322855887123, "d1": 0.05}}, "GOOG": {"p": 116.91930243950512, "d1_open": 119.02146768303125, "h1_open": 117.8132584785911, "m5_open": 116.91395482631673, "m1_open": 116.69114922408214, "band": {"m1": 0.0019551886920306243, "m5": 0.004922280162047629, "h1": 0.010919087834752405, "d1": 0.03537280364125274}, "garch_variance": 6.678294280440186e-06, "prev_return": 0.0033622970616780518, "boundary_trend": -1, "trend_ou": -0.14495711655396087, "reversion_strength": {"s1": 0.0062823601171641975, "m1": 0.013292119646085305, "m5": 0.03312992683192555, "h1": 0.04623311401955329, "d1": 0.05}}, "AMZN": {"p": 154.7497621827096, "d1_open": 158.98498094367304, "h1_open": 156.39399479459698, "m5_open": 155.02523920679062, "m1_open": 155.07672804959725, "band": {"m1": 0.002108413499561963, "m5": 0.005230639138979084, "h1": 0.011868587239223943, "d1": 0.03944293448230833}, "garch_variance": 6.846862873515537e-06, "prev_return": -0.0026394527496235777, "boundary_trend": 1, "trend_ou": 0.10967409577857556, "reversion_strength": {"s1": 0.002645480578274048, "m1": 0.009447304871809989, "m5": 0.011715152974709363, "h1": 0.04320287271163793, "d1": 0.05}}, "MSFT": {"p": 133.1438080816767, "d1_open": 137.08846618531726, "h1_open": 133.29083440032448, "m5_open": 133.14182717659855, "m1_open": 132.90547671009932, "band": {"m1": 0.0017932396578150063, "m5": 0.004596364017590724, "h1": 0.009915526374830064, "d1": 0.031070930012171233}, "garch_variance": 3.7625957622500914e-06, "prev_return": 0.0, "boundary_trend": -1, "trend_ou": -0.016164095183202384, "reversion_strength": {"s1": 0.00502554902391116, "m1": 0.0038098335627198736, "m5": 0.0032918974962767448, "h1": 0.046518504108642444, "d1": 0.05}}, "NVDA": {"p": 77.3491563776761, "d1_open": 77.58920212535816, "h1_open": 77.08644892077346, "m5_open": 77.05683058553053, "m1_open": 77.2040793196218, "band": {"m1": 0.0018791372079404525, "m5": 0.004769229502653798, "h1": 0.010447814024615455, "d1": 0.03335263800430032}, "garch_variance": 2.840879444716953e-06, "prev_return": 0.003758278839575686, "boundary_trend": -1, "trend_ou": 0.24129418991660084, "reversion_strength": {"s1": 0.0011925680738830492, "m1": 0.020956231791063703, "m5": 0.022867711633453934, "h1": 0.013888096527728985, "d1": 0.05}}}