{"AAPL": {"p": 89.8200253616297, "d1_open": 87.95021220263737, "h1_open": 89.17288531883615, "m5_open": 89.82018933575004, "m1_open": 89.94154907591857, "reversion_strength": {"s1": 0.008338960049529932, "m1": 0.001351140996985631, "m5": 0.013839264509730786, "h1": 0.04009322855887123, "d1": 0.05}, "garch_variance": 1.306217941597103e-06, "prev_return": -0.0013520546110228153, "boundary_trend": 1}, "GOOG": {"p": 182.98595944492433, "d1_open": 175.76656301755804, "h1_open": 176.0396410021823, "m5_open": 183.99557608126725, "m1_open": 182.40494618550315, "reversion_strength": {"s1": 0.0062823601171641975, "m1": 0.013292119646085305, "m5": 0.03312992683192555, "h1": 0.04623311401955329, "d1": 0.05}, "garch_variance": 4.6771960480067195e-06, "prev_return": 0.003180231035633823, "boundary_trend": 0}, "AMZN": {"p": 168.0218205470253, "d1_open": 169.8941041712876, "h1_open": 162.3870609310141, "m5_open": 167.6297422871191, "m1_open": 168.2909441176209, "reversion_strength": {"s1": 0.002645480578274048, "m1": 0.009447304871809989, "m5": 0.011715152974709363, "h1": 0.04320287271163793, "d1": 0.05}, "garch_variance": 2.177054830084176e-06, "prev_return": -0.0016004365954312527, "boundary_trend": 0}, "MSFT": {"p": 162.69814915537015, "d1_open": 164.41906387237157, "h1_open": 164.33550431317852, "m5_open": 162.66625910831317, "m1_open": 162.75251386447817, "reversion_strength": {"s1": 0.00502554902391116, "m1": 0.0038098335627198736, "m5": 0.0032918974962767448, "h1": 0.046518504108642444, "d1": 0.05}, "garch_variance": 1.5802251595866413e-06, "prev_return": -0.00033408879311679855, "boundary_trend": 0}, "NVDA": {"p": 96.94743418525645, "d1_open": 97.6331941946038, "h1_open": 98.01165686841159, "m5_open": 96.90487482241885, "m1_open": 97.06318864518398, "reversion_strength": {"s1": 0.0011925680738830492, "m1": 0.020956231791063703, "m5": 0.022867711633453934, "h1": 0.013888096527728985, "d1": 0.05}, "garch_variance": 1.5306242544838596e-06, "prev_return": -0.0011932797490587675, "boundary_trend": 1}}