{"AAPL": {"p": 89.76045170730043, "d1_open": 87.95021220263737, "h1_open": 90.36175952352136, "m5_open": 90.11412600738124, "m1_open": 90.11412600738124, "band": {"m1": 0.0039247376160742005, "m5": 0.008873459733553525, "h1": 0.018927162772598954, "d1": 0.061127060025976385}, "garch_variance": 1.4360183041115296e-05, "prev_return": 0.0, "boundary_trend": 1, "trend_ou": 0.07234006498117734, "reversion_strength": {"s1": 0.008338960049529932, "m1": 0.001351140996985631, "m5": 0.013839264509730786, "h1": 0.04009322855887123, "d1": 0.05}}, "GOOG": {"p": 177.88045512741408, "d1_open": 175.76656301755804, "h1_open": 175.77288560235982, "m5_open": 178.10995364395154, "m1_open": 178.10995364395154, "band": {"m1": 0.0035163881828000417, "m5": 0.008051672351316444, "h1": 0.016396713885392464, "d1": 0.05028001998673993}, "garch_variance": 5.674339978700223e-06, "prev_return": 0.0022332327828804358, "boundary_trend": 1, "trend_ou": 0.022335450430317438, "reversion_strength": {"s1": 0.0062823601171641975, "m1": 0.013292119646085305, "m5": 0.03312992683192555, "h1": 0.04623311401955329, "d1": 0.05}}, "AMZN": {"p": 170.71622964153772, "d1_open": 169.8941041712876, "h1_open": 168.9021703391811, "m5_open": 171.3264080928302, "m1_open": 171.3264080928302, "band": {"m1": 0.003561496783157192, "m5": 0.008142451658408057, "h1": 0.016676241658118818, "d1": 0.05147824570794333}, "garch_variance": 9.50245996947903e-06, "prev_return": 0.0, "boundary_trend": 1, "trend_ou": 0.07331065049027019, "reversion_strength": {"s1": 0.002645480578274048, "m1": 0.009447304871809989, "m5": 0.011715152974709363, "h1": 0.04320287271163793, "d1": 0.05}}, "MSFT": {"p": 160.228873457706, "d1_open": 164.41906387237157, "h1_open": 160.00715142749434, "m5_open": 159.64342077039723, "m1_open": 159.64342077039723, "band": {"m1": 0.0036672522079738553, "m5": 0.008355280345399542, "h1": 0.017331584056656458, "d1": 0.054287441053593864}, "garch_variance": 6.750436622773443e-06, "prev_return": 0.0037593723271067683, "boundary_trend": -1, "trend_ou": 0.016439436998505894, "reversion_strength": {"s1": 0.00502554902391116, "m1": 0.0038098335627198736, "m5": 0.0032918974962767448, "h1": 0.046518504108642444, "d1": 0.05}}, "NVDA": {"p": 101.77354357951035, "d1_open": 97.6331941946038, "h1_open": 100.4340456706556, "m5_open": 102.13745261585665, "m1_open": 102.13745261585665, "band": {"m1": 0.0035629343304162675, "m5": 0.008145344666461003, "h1": 0.016685149812668873, "d1": 0.051516431466038924}, "garch_variance": 5.870968885710319e-06, "prev_return": -0.0032985479232276816, "boundary_trend": 1, "trend_ou": 0.043867462714223246, "reversion_strength": {"s1": 0.0011925680738830492, "m1": 0.020956231791063703, "m5": 0.022867711633453934, "h1": 0.013888096527728985, "d1": 0.05}}}