{"AAPL": {"p": 88.03350941975246, "d1_open": 87.95021220263737, "h1_open": 87.95021220263737, "m5_open": 87.94258514697886, "m1_open": 88.06140797915182, "reversion_strength": {"s1": 0.008338960049529932, "m1": 0.001351140996985631, "m5": 0.013839264509730786, "h1": 0.04009322855887123, "d1": 0.05}, "garch_variance": 1.1335996776350056e-06, "prev_return": -0.0003168582040284007, "boundary_trend": 0}, "GOOG": {"p": 175.15502446902823, "d1_open": 175.76656301755804, "h1_open": 175.76656301755804, "m5_open": 175.20051794012258, "m1_open": 175.15629787093013, "reversion_strength": {"s1": 0.0062823601171641975, "m1": 0.013292119646085305, "m5": 0.03312992683192555, "h1": 0.04623311401955329, "d1": 0.05}, "garch_variance": 2.1094044026933246e-06, "prev_return": -7.2701155840229815e-06, "boundary_trend": 0}, "AMZN": {"p": 170.89029573931575, "d1_open": 169.8941041712876, "h1_open": 169.8941041712876, "m5_open": 169.3222171322942, "m1_open": 170.73208157511664, "reversion_strength": {"s1": 0.002645480578274048, "m1": 0.009447304871809989, "m5": 0.011715152974709363, "h1": 0.04320287271163793, "d1": 0.05}, "garch_variance": 1.0682201116287763e-06, "prev_return": 0.0009262518266772761, "boundary_trend": -1}, "MSFT": {"p": 164.6403338022847, "d1_open": 164.41906387237157, "h1_open": 164.41906387237157, "m5_open": 164.387443867812, "m1_open": 164.5583341606563, "reversion_strength": {"s1": 0.00502554902391116, "m1": 0.0038098335627198736, "m5": 0.0032918974962767448, "h1": 0.046518504108642444, "d1": 0.05}, "garch_variance": 1.4243150852105115e-06, "prev_return": 0.0004981772485999605, "boundary_trend": 0}, "NVDA": {"p": 97.20271236161867, "d1_open": 97.6331941946038, "h1_open": 97.6331941946038, "m5_open": 96.47516061902016, "m1_open": 97.13175314451854, "reversion_strength": {"s1": 0.0011925680738830492, "m1": 0.020956231791063703, "m5": 0.022867711633453934, "h1": 0.013888096527728985, "d1": 0.05}, "garch_variance": 1.071609402183364e-06, "prev_return": 0.0007302793158064702, "boundary_trend": 0}}