{"AAPL": {"p": 58.1599597922834, "d1_open": 58.881026803928506, "h1_open": 58.18002329517424, "m5_open": 58.278524002763376, "m1_open": 58.278945016024274, "band": {"m1": 0.002041650268517368, "m5": 0.0050962807282671704, "h1": 0.011454870628064402, "d1": 0.03766949394026329}, "garch_variance": 5.926730702049249e-06, "prev_return": 0.0, "boundary_trend": 1, "trend_ou": -0.17330298314536952, "reversion_strength": {"s1": 0.008338960049529932, "m1": 0.001351140996985631, "m5": 0.013839264509730786, "h1": 0.04009322855887123, "d1": 0.05}}, "GOOG": {"p": 117.14796403683336, "d1_open": 119.02146768303125, "h1_open": 117.8132584785911, "m5_open": 116.98282257385429, "m1_open": 117.35572304165053, "band": {"m1": 0.0017703355186473643, "m5": 0.0045502703266602565, "h1": 0.00977359461554127, "d1": 0.03046252433220337}, "garch_variance": 2.437874908458462e-06, "prev_return": 0.0, "boundary_trend": 1, "trend_ou": -0.14478646142171736, "reversion_strength": {"s1": 0.0062823601171641975, "m1": 0.013292119646085305, "m5": 0.03312992683192555, "h1": 0.04623311401955329, "d1": 0.05}}, "AMZN": {"p": 155.95060806339043, "d1_open": 158.98498094367304, "h1_open": 156.39399479459698, "m5_open": 156.14031446178467, "m1_open": 155.64723786806374, "band": {"m1": 0.0019490882040827072, "m5": 0.004910003166874914, "h1": 0.010881284493590769, "d1": 0.03521075557252061}, "garch_variance": 3.7017555771490545e-06, "prev_return": 0.002712703166713598, "boundary_trend": -1, "trend_ou": 0.11386186333440206, "reversion_strength": {"s1": 0.002645480578274048, "m1": 0.009447304871809989, "m5": 0.011715152974709363, "h1": 0.04320287271163793, "d1": 0.05}}, "MSFT": {"p": 133.38056127833767, "d1_open": 137.08846618531726, "h1_open": 133.29083440032448, "m5_open": 133.01378541059967, "m1_open": 133.49243011395598, "band": {"m1": 0.001791981718449877, "m5": 0.004593832463451922, "h1": 0.009907731209691368, "d1": 0.031037515202332795}, "garch_variance": 3.0980385836141155e-06, "prev_return": 0.000955221582040079, "boundary_trend": 1, "trend_ou": -0.006737201278495369, "reversion_strength": {"s1": 0.00502554902391116, "m1": 0.0038098335627198736, "m5": 0.0032918974962767448, "h1": 0.046518504108642444, "d1": 0.05}}, "NVDA": {"p": 77.51266110039613, "d1_open": 77.58920212535816, "h1_open": 77.08644892077346, "m5_open": 77.42771822864486, "m1_open": 77.35786989501905, "band": {"m1": 0.0020009755385863902, "m5": 0.00501442441328427, "h1": 0.011202818545449742, "d1": 0.03658904570599272}, "garch_variance": 5.172704788211596e-06, "prev_return": 0.004001956418327081, "boundary_trend": -1, "trend_ou": 0.22719023281119732, "reversion_strength": {"s1": 0.0011925680738830492, "m1": 0.020956231791063703, "m5": 0.022867711633453934, "h1": 0.013888096527728985, "d1": 0.05}}}