{"AAPL": {"p": 58.219664526109796, "d1_open": 58.881026803928506, "h1_open": 58.18002329517424, "m5_open": 58.33299485332588, "m1_open": 58.33299485332588, "band": {"m1": 0.0019428168826414903, "m5": 0.004897382375928733, "h1": 0.010842422535989894, "d1": 0.03504416963109693}, "garch_variance": 4.185728904586887e-06, "prev_return": -0.0038856386541173712, "boundary_trend": 1, "trend_ou": -0.17889531075532408, "reversion_strength": {"s1": 0.008338960049529932, "m1": 0.001351140996985631, "m5": 0.013839264509730786, "h1": 0.04009322855887123, "d1": 0.05}}, "GOOG": {"p": 117.09671870233899, "d1_open": 119.02146768303125, "h1_open": 117.8132584785911, "m5_open": 117.30996457934323, "m1_open": 117.30996457934323, "band": {"m1": 0.0018177984945175268, "m5": 0.004645787723074361, "h1": 0.010067711919711807, "d1": 0.031723289641749704}, "garch_variance": 2.7074864185676247e-06, "prev_return": 0.0, "boundary_trend": 1, "trend_ou": -0.14011841880418546, "reversion_strength": {"s1": 0.0062823601171641975, "m1": 0.013292119646085305, "m5": 0.03312992683192555, "h1": 0.04623311401955329, "d1": 0.05}}, "AMZN": {"p": 155.39918962052909, "d1_open": 158.98498094367304, "h1_open": 156.39399479459698, "m5_open": 155.6921426442066, "m1_open": 155.6921426442066, "band": {"m1": 0.001881617265342569, "m5": 0.004774220521899109, "h1": 0.010463182378241113, "d1": 0.03341851609729698}, "garch_variance": 5.41077830486209e-06, "prev_return": -0.001459423816896971, "boundary_trend": 1, "trend_ou": 0.09710633876960703, "reversion_strength": {"s1": 0.002645480578274048, "m1": 0.009447304871809989, "m5": 0.011715152974709363, "h1": 0.04320287271163793, "d1": 0.05}}, "MSFT": {"p": 133.05393596238645, "d1_open": 137.08846618531726, "h1_open": 133.29083440032448, "m5_open": 133.30866258964755, "m1_open": 133.30866258964755, "band": {"m1": 0.0019108032614894605, "m5": 0.004832956206137055, "h1": 0.010644041381472128, "d1": 0.03419378757557961}, "garch_variance": 3.3873267115396296e-06, "prev_return": 0.0, "boundary_trend": 1, "trend_ou": -0.0002992291801491449, "reversion_strength": {"s1": 0.00502554902391116, "m1": 0.0038098335627198736, "m5": 0.0032918974962767448, "h1": 0.046518504108642444, "d1": 0.05}}, "NVDA": {"p": 77.19204934852876, "d1_open": 77.58920212535816, "h1_open": 77.08644892077346, "m5_open": 77.34671697777846, "m1_open": 77.34671697777846, "band": {"m1": 0.0019996663761971322, "m5": 0.005011789774797899, "h1": 0.011194705962840019, "d1": 0.036554270252185224}, "garch_variance": 5.199278792315127e-06, "prev_return": 0.0, "boundary_trend": 1, "trend_ou": 0.24296668531446844, "reversion_strength": {"s1": 0.0011925680738830492, "m1": 0.020956231791063703, "m5": 0.022867711633453934, "h1": 0.013888096527728985, "d1": 0.05}}}