{"AAPL": {"p": 90.21910083248855, "d1_open": 87.95021220263737, "h1_open": 90.00052714134381, "m5_open": 89.96295948127816, "m1_open": 89.96295948127816, "band": {"m1": 0.004135455940640713, "m5": 0.009297522181605549, "h1": 0.020232936471457883, "d1": 0.0667243987690406}, "garch_variance": 1.666752517869841e-05, "prev_return": -0.0012837871984841276, "boundary_trend": -1, "trend_ou": 0.06833557437355714, "reversion_strength": {"s1": 0.008338960049529932, "m1": 0.001351140996985631, "m5": 0.013839264509730786, "h1": 0.04009322855887123, "d1": 0.05}}, "GOOG": {"p": 174.16502872932347, "d1_open": 175.76656301755804, "h1_open": 176.08648575624287, "m5_open": 173.85130274081234, "m1_open": 173.85130274081234, "band": {"m1": 0.0033956967972069594, "m5": 0.007808785623080151, "h1": 0.01564881672310013, "d1": 0.04707407873827945}, "garch_variance": 5.449274144922577e-06, "prev_return": 7.584093127685647e-05, "boundary_trend": 0, "trend_ou": 0.01450033532701145, "reversion_strength": {"s1": 0.0062823601171641975, "m1": 0.013292119646085305, "m5": 0.03312992683192555, "h1": 0.04623311401955329, "d1": 0.05}}, "AMZN": {"p": 169.83408304440837, "d1_open": 169.8941041712876, "h1_open": 171.4747272210238, "m5_open": 169.07777877588208, "m1_open": 169.07777877588208, "band": {"m1": 0.00447311452753828, "m5": 0.009977046979746083, "h1": 0.02232533020547101, "d1": 0.07569366850036628}, "garch_variance": 2.2033409967903908e-05, "prev_return": 0.0009729794682178361, "boundary_trend": -1, "trend_ou": 0.06275092448361, "reversion_strength": {"s1": 0.002645480578274048, "m1": 0.009447304871809989, "m5": 0.011715152974709363, "h1": 0.04320287271163793, "d1": 0.05}}, "MSFT": {"p": 163.45955694810436, "d1_open": 164.41906387237157, "h1_open": 160.99657128302283, "m5_open": 162.80019750687867, "m1_open": 162.80019750687867, "band": {"m1": 0.004050114504300987, "m5": 0.009125775853947762, "h1": 0.01970409493276159, "d1": 0.0644574629010007}, "garch_variance": 1.0976909776787322e-05, "prev_return": 0.0054140071858465744, "boundary_trend": -1, "trend_ou": 0.009615275394591099, "reversion_strength": {"s1": 0.00502554902391116, "m1": 0.0038098335627198736, "m5": 0.0032918974962767448, "h1": 0.046518504108642444, "d1": 0.05}}, "NVDA": {"p": 100.98446783208448, "d1_open": 97.6331941946038, "h1_open": 102.01551314508438, "m5_open": 100.7986222974022, "m1_open": 100.7986222974022, "band": {"m1": 0.0029157483991295637, "m5": 0.006842908103666282, "h1": 0.012674685278631847, "d1": 0.03432514592117997}, "garch_variance": 2.2620460797772824e-06, "prev_return": 0.0025975241366417816, "boundary_trend": -1, "trend_ou": 0.047333051331290885, "reversion_strength": {"s1": 0.0011925680738830492, "m1": 0.020956231791063703, "m5": 0.022867711633453934, "h1": 0.013888096527728985, "d1": 0.05}}}