{"AAPL": {"p": 57.66228874710422, "d1_open": 58.881026803928506, "h1_open": 57.95099828715578, "m5_open": 57.78763003756043, "m1_open": 57.788193158916975, "band": {"m1": 0.0021787220698616123, "m5": 0.0053721324073108395, "h1": 0.012304273514209856, "d1": 0.041310550340194784}, "garch_variance": 8.567755599361155e-06, "prev_return": -0.004357451034424807, "boundary_trend": 1, "trend_ou": -0.18088959486747136, "reversion_strength": {"s1": 0.008338960049529932, "m1": 0.001351140996985631, "m5": 0.013839264509730786, "h1": 0.04009322855887123, "d1": 0.05}}, "GOOG": {"p": 115.69154148253229, "d1_open": 119.02146768303125, "h1_open": 116.73471203161151, "m5_open": 115.7476917120329, "m1_open": 115.76748260822121, "band": {"m1": 0.0018027399121485629, "m5": 0.004615482910634756, "h1": 0.009974397297739824, "d1": 0.03132328652534859}, "garch_variance": 3.2883845084449996e-06, "prev_return": 0.0010480572961880474, "boundary_trend": 1, "trend_ou": -0.09521495858187594, "reversion_strength": {"s1": 0.0062823601171641975, "m1": 0.013292119646085305, "m5": 0.03312992683192555, "h1": 0.04623311401955329, "d1": 0.05}}, "AMZN": {"p": 154.08948685476153, "d1_open": 158.98498094367304, "h1_open": 155.272478808972, "m5_open": 154.0679183593806, "m1_open": 153.79124188647395, "band": {"m1": 0.0019392844782912567, "m5": 0.004890273549302708, "h1": 0.010820533026837055, "d1": 0.03495033790684416}, "garch_variance": 3.931658590430494e-06, "prev_return": 0.0, "boundary_trend": -1, "trend_ou": 0.11241768373677805, "reversion_strength": {"s1": 0.002645480578274048, "m1": 0.009447304871809989, "m5": 0.011715152974709363, "h1": 0.04320287271163793, "d1": 0.05}}, "MSFT": {"p": 133.3367659150851, "d1_open": 137.08846618531726, "h1_open": 133.13886604045118, "m5_open": 132.8288239311095, "m1_open": 133.09255920194275, "band": {"m1": 0.001834863756521451, "m5": 0.004680130900379518, "h1": 0.01017346148057559, "d1": 0.032176596454869116}, "garch_variance": 3.343582315263063e-06, "prev_return": 0.003669731631372464, "boundary_trend": -1, "trend_ou": -0.020308819635121267, "reversion_strength": {"s1": 0.00502554902391116, "m1": 0.0038098335627198736, "m5": 0.0032918974962767448, "h1": 0.046518504108642444, "d1": 0.05}}, "NVDA": {"p": 77.56266724503276, "d1_open": 77.58920212535816, "h1_open": 77.04681052606045, "m5_open": 77.46800173134834, "m1_open": 77.61856432346293, "band": {"m1": 0.0018267198979963846, "m5": 0.004663741701244448, "h1": 0.010122995835069268, "d1": 0.03196027006306545}, "garch_variance": 3.106612671187341e-06, "prev_return": -0.000310425551605574, "boundary_trend": 0, "trend_ou": 0.2456441482805615, "reversion_strength": {"s1": 0.0011925680738830492, "m1": 0.020956231791063703, "m5": 0.022867711633453934, "h1": 0.013888096527728985, "d1": 0.05}}}