{"AAPL": {"p": 83.5595708993371, "d1_open": 81.94143766685488, "h1_open": 83.16511765564458, "m5_open": 83.37249221823006, "m1_open": 83.39470883785353, "band": {"m1": 0.001976888747271949, "m5": 0.004965950680819222, "h1": 0.011053558158850698, "d1": 0.035949225080530854}, "garch_variance": 3.251244527577972e-06, "prev_return": 0.00031316660298526857, "boundary_trend": -1, "trend_ou": -0.15327062521908932, "reversion_strength": {"s1": 0.008338960049529932, "m1": 0.001351140996985631, "m5": 0.013839264509730786, "h1": 0.04009322855887123, "d1": 0.05}}, "GOOG": {"p": 152.1051864077733, "d1_open": 151.7016903651911, "h1_open": 152.3937591816353, "m5_open": 152.89652497836443, "m1_open": 152.29908671927404, "band": {"m1": 0.002081088107774822, "m5": 0.005175647848786009, "h1": 0.01169925797951164, "d1": 0.0387170864838762}, "garch_variance": 2.94173590948705e-06, "prev_return": -0.002981004047727327, "boundary_trend": 1, "trend_ou": -0.0913522796511642, "reversion_strength": {"s1": 0.0062823601171641975, "m1": 0.013292119646085305, "m5": 0.03312992683192555, "h1": 0.04623311401955329, "d1": 0.05}}, "AMZN": {"p": 169.16229817128644, "d1_open": 165.13593115049974, "h1_open": 168.6793807914225, "m5_open": 170.1167084306988, "m1_open": 169.3394611288408, "band": {"m1": 0.0022970816135586066, "m5": 0.0056103263942539425, "h1": 0.013037720780774925, "d1": 0.044454550563760915}, "garch_variance": 5.378526084153651e-06, "prev_return": 0.0, "boundary_trend": 1, "trend_ou": 0.0246243600075503, "reversion_strength": {"s1": 0.002645480578274048, "m1": 0.009447304871809989, "m5": 0.011715152974709363, "h1": 0.04320287271163793, "d1": 0.05}}, "MSFT": {"p": 160.29761981917923, "d1_open": 158.81978513575737, "h1_open": 159.9210688610481, "m5_open": 159.97434904298393, "m1_open": 159.95691441358295, "band": {"m1": 0.0021299823570951233, "m5": 0.005274045627456124, "h1": 0.012002244560860185, "d1": 0.04001587089950106}, "garch_variance": 3.2467892627346806e-06, "prev_return": 0.0, "boundary_trend": -1, "trend_ou": 0.11947125738901321, "reversion_strength": {"s1": 0.00502554902391116, "m1": 0.0038098335627198736, "m5": 0.0032918974962767448, "h1": 0.046518504108642444, "d1": 0.05}}, "NVDA": {"p": 98.89044186077668, "d1_open": 100.31090827320226, "h1_open": 98.94100541546996, "m5_open": 98.92085442933212, "m1_open": 99.09200656191099, "band": {"m1": 0.002034116657112851, "m5": 0.005081119627772259, "h1": 0.011408186545654012, "d1": 0.037469377623486164}, "garch_variance": 3.854601499316513e-06, "prev_return": 0.0, "boundary_trend": 1, "trend_ou": -0.10292468389898843, "reversion_strength": {"s1": 0.0011925680738830492, "m1": 0.020956231791063703, "m5": 0.022867711633453934, "h1": 0.013888096527728985, "d1": 0.05}}}