{"AAPL": {"p": 58.079953097166666, "d1_open": 58.881026803928506, "h1_open": 58.18002329517424, "m5_open": 58.12557576963788, "m1_open": 57.955179397386466, "band": {"m1": 0.0021529344068569275, "m5": 0.005320235736597441, "h1": 0.01214447321124225, "d1": 0.040625549234922405}, "garch_variance": 6.648554073341661e-06, "prev_return": 0.0, "boundary_trend": -1, "trend_ou": -0.18491383312416487, "reversion_strength": {"s1": 0.008338960049529932, "m1": 0.001351140996985631, "m5": 0.013839264509730786, "h1": 0.04009322855887123, "d1": 0.05}}, "GOOG": {"p": 116.63510724283454, "d1_open": 119.02146768303125, "h1_open": 117.8132584785911, "m5_open": 116.91395482631673, "m1_open": 116.68618226495147, "band": {"m1": 0.0020119203963143368, "m5": 0.005036450514579646, "h1": 0.011270641348180855, "d1": 0.0368797754103219}, "garch_variance": 5.956577283608035e-06, "prev_return": -0.002447707703966273, "boundary_trend": 0, "trend_ou": -0.14608527271079136, "reversion_strength": {"s1": 0.0062823601171641975, "m1": 0.013292119646085305, "m5": 0.03312992683192555, "h1": 0.04623311401955329, "d1": 0.05}}, "AMZN": {"p": 154.5025697571924, "d1_open": 158.98498094367304, "h1_open": 156.39399479459698, "m5_open": 155.02523920679062, "m1_open": 154.52498389478674, "band": {"m1": 0.0021447852664461128, "m5": 0.005303835907872345, "h1": 0.012093974835087062, "d1": 0.04040908253968856}, "garch_variance": 7.757848989446704e-06, "prev_return": 0.0, "boundary_trend": 1, "trend_ou": 0.10705596424545853, "reversion_strength": {"s1": 0.002645480578274048, "m1": 0.009447304871809989, "m5": 0.011715152974709363, "h1": 0.04320287271163793, "d1": 0.05}}, "MSFT": {"p": 133.14293374490055, "d1_open": 137.08846618531726, "h1_open": 133.29083440032448, "m5_open": 133.14182717659855, "m1_open": 132.90427676411332, "band": {"m1": 0.001795705801182049, "m5": 0.004601327035380595, "h1": 0.009930808506333929, "d1": 0.031136438504812753}, "garch_variance": 3.1017541582864704e-06, "prev_return": 0.0, "boundary_trend": -1, "trend_ou": -0.016972290516237068, "reversion_strength": {"s1": 0.00502554902391116, "m1": 0.0038098335627198736, "m5": 0.0032918974962767448, "h1": 0.046518504108642444, "d1": 0.05}}, "NVDA": {"p": 77.06855740655818, "d1_open": 77.58920212535816, "h1_open": 77.08644892077346, "m5_open": 77.05683058553053, "m1_open": 77.21317240174726, "band": {"m1": 0.0018729316603729586, "m5": 0.004756741079075125, "h1": 0.010409359652802652, "d1": 0.033187799222989214}, "garch_variance": 4.015048700022511e-06, "prev_return": -0.0001039674914748979, "boundary_trend": 1, "trend_ou": 0.2430537291578688, "reversion_strength": {"s1": 0.0011925680738830492, "m1": 0.020956231791063703, "m5": 0.022867711633453934, "h1": 0.013888096527728985, "d1": 0.05}}}