{"AAPL": {"p": 89.50548457147727, "d1_open": 87.95021220263737, "h1_open": 89.17288531883615, "m5_open": 89.59307540712173, "m1_open": 89.42948334419975, "reversion_strength": {"s1": 0.008338960049529932, "m1": 0.001351140996985631, "m5": 0.013839264509730786, "h1": 0.04009322855887123, "d1": 0.05}, "garch_variance": 1.8870933908904771e-06, "prev_return": 0.0008494843990883765, "boundary_trend": 0}, "GOOG": {"p": 179.003206564612, "d1_open": 175.76656301755804, "h1_open": 176.0396410021823, "m5_open": 175.18765561019197, "m1_open": 178.8775542492223, "reversion_strength": {"s1": 0.0062823601171641975, "m1": 0.013292119646085305, "m5": 0.03312992683192555, "h1": 0.04623311401955329, "d1": 0.05}, "garch_variance": 1.7529004537149124e-06, "prev_return": 0.0007022021539636633, "boundary_trend": 0}, "AMZN": {"p": 167.78427791134305, "d1_open": 169.8941041712876, "h1_open": 162.3870609310141, "m5_open": 167.42766266799555, "m1_open": 167.8217547903418, "reversion_strength": {"s1": 0.002645480578274048, "m1": 0.009447304871809989, "m5": 0.011715152974709363, "h1": 0.04320287271163793, "d1": 0.05}, "garch_variance": 1.373521925206473e-06, "prev_return": -0.00022333853091276135, "boundary_trend": 0}, "MSFT": {"p": 164.2658632011339, "d1_open": 164.41906387237157, "h1_open": 164.33550431317852, "m5_open": 164.15736081413894, "m1_open": 164.27399137866576, "reversion_strength": {"s1": 0.00502554902391116, "m1": 0.0038098335627198736, "m5": 0.0032918974962767448, "h1": 0.046518504108642444, "d1": 0.05}, "garch_variance": 2.1699110897658047e-06, "prev_return": -4.948061807544411e-05, "boundary_trend": 0}, "NVDA": {"p": 98.68375061608947, "d1_open": 97.6331941946038, "h1_open": 98.01165686841159, "m5_open": 98.49327490530693, "m1_open": 98.68312839590645, "reversion_strength": {"s1": 0.0011925680738830492, "m1": 0.020956231791063703, "m5": 0.022867711633453934, "h1": 0.013888096527728985, "d1": 0.05}, "garch_variance": 1.432606103237421e-06, "prev_return": 6.305213783949664e-06, "boundary_trend": -1}}