{"AAPL": {"p": 58.42461021699723, "d1_open": 58.881026803928506, "h1_open": 57.935104588267784, "m5_open": 58.3508982546917, "m1_open": 58.3508982546917, "band": {"m1": 0.001556613212093389, "m5": 0.004120162481473793, "h1": 0.008449205921146738, "d1": 0.024785390418042893}, "garch_variance": 1.7189240492179838e-06, "prev_return": 0.0, "boundary_trend": -1, "trend_ou": -0.16262506200175095, "reversion_strength": {"s1": 0.008338960049529932, "m1": 0.001351140996985631, "m5": 0.013839264509730786, "h1": 0.04009322855887123, "d1": 0.05}}, "GOOG": {"p": 116.27885622996267, "d1_open": 119.02146768303125, "h1_open": 116.09550753836272, "m5_open": 116.08273901490072, "m1_open": 116.08273901490072, "band": {"m1": 0.0016894606099600625, "m5": 0.004387512712511252, "h1": 0.00927243113638613, "d1": 0.02831423342931927}, "garch_variance": 4.333245373641571e-06, "prev_return": 0.0, "boundary_trend": -1, "trend_ou": -0.12243432706129719, "reversion_strength": {"s1": 0.0062823601171641975, "m1": 0.013292119646085305, "m5": 0.03312992683192555, "h1": 0.04623311401955329, "d1": 0.05}}, "AMZN": {"p": 156.3231096166493, "d1_open": 158.98498094367304, "h1_open": 156.28356493298796, "m5_open": 156.0485418684218, "m1_open": 156.0485418684218, "band": {"m1": 0.001759502171183462, "m5": 0.004528468635442412, "h1": 0.009706462816643077, "d1": 0.030174756689775872}, "garch_variance": 3.0052333883357427e-06, "prev_return": 0.0, "boundary_trend": -1, "trend_ou": 0.05503371335920981, "reversion_strength": {"s1": 0.002645480578274048, "m1": 0.009447304871809989, "m5": 0.011715152974709363, "h1": 0.04320287271163793, "d1": 0.05}}, "MSFT": {"p": 134.39371353695438, "d1_open": 137.08846618531726, "h1_open": 133.73171007353216, "m5_open": 134.54761561359064, "m1_open": 134.54761561359064, "band": {"m1": 0.0017578362181812743, "m5": 0.004525115969698223, "h1": 0.009696139283470219, "d1": 0.030130503759697523}, "garch_variance": 4.498624430263201e-06, "prev_return": 0.0006148799180050952, "boundary_trend": 1, "trend_ou": -0.03989141732651979, "reversion_strength": {"s1": 0.00502554902391116, "m1": 0.0038098335627198736, "m5": 0.0032918974962767448, "h1": 0.046518504108642444, "d1": 0.05}}, "NVDA": {"p": 77.57450625539853, "d1_open": 77.58920212535816, "h1_open": 77.45406808949511, "m5_open": 77.540259233052, "m1_open": 77.540259233052, "band": {"m1": 0.0016831684215051154, "m5": 0.004374849927510001, "h1": 0.009233439870630593, "d1": 0.02814709319464822}, "garch_variance": 3.918683076564379e-06, "prev_return": 0.002126156662245756, "boundary_trend": 0, "trend_ou": 0.22012197549580093, "reversion_strength": {"s1": 0.0011925680738830492, "m1": 0.020956231791063703, "m5": 0.022867711633453934, "h1": 0.013888096527728985, "d1": 0.05}}}