{"AAPL": {"p": 83.83533415655076, "d1_open": 81.94143766685488, "h1_open": 83.16511765564458, "m5_open": 84.00156816642209, "m1_open": 84.00156816642209, "band": {"m1": 0.001978939363869844, "m5": 0.004970077467117036, "h1": 0.01106626536514366, "d1": 0.03600369588061043}, "garch_variance": 4.134794108219736e-06, "prev_return": 0.0, "boundary_trend": 1, "trend_ou": -0.15602609193316785, "reversion_strength": {"s1": 0.008338960049529932, "m1": 0.001351140996985631, "m5": 0.013839264509730786, "h1": 0.04009322855887123, "d1": 0.05}}, "GOOG": {"p": 151.4542721184997, "d1_open": 151.7016903651911, "h1_open": 152.3937591816353, "m5_open": 151.78209401164045, "m1_open": 151.78209401164045, "band": {"m1": 0.002159819280893763, "m5": 0.00533409127832404, "h1": 0.01218713721521889, "d1": 0.040808433055144366}, "garch_variance": 4.449719937737135e-06, "prev_return": -0.004319645278584054, "boundary_trend": 1, "trend_ou": -0.07692751531229454, "reversion_strength": {"s1": 0.0062823601171641975, "m1": 0.013292119646085305, "m5": 0.03312992683192555, "h1": 0.04623311401955329, "d1": 0.05}}, "AMZN": {"p": 170.03035374816236, "d1_open": 165.13593115049974, "h1_open": 168.6793807914225, "m5_open": 170.27739001094693, "m1_open": 170.27739001094693, "band": {"m1": 0.001944239743487825, "m5": 0.004900245828146167, "h1": 0.010851239682168817, "d1": 0.03508196527206723}, "garch_variance": 2.8761785309820317e-06, "prev_return": -0.0028155728465219234, "boundary_trend": 0, "trend_ou": 0.025157333200467553, "reversion_strength": {"s1": 0.002645480578274048, "m1": 0.009447304871809989, "m5": 0.011715152974709363, "h1": 0.04320287271163793, "d1": 0.05}}, "MSFT": {"p": 160.3847919462877, "d1_open": 158.81978513575737, "h1_open": 159.9210688610481, "m5_open": 160.6748953010412, "m1_open": 160.6748953010412, "band": {"m1": 0.0018055300687140523, "m5": 0.004621097992408228, "h1": 0.009991687265598147, "d1": 0.031397401823462116}, "garch_variance": 2.514343304243922e-06, "prev_return": -0.0029235187258826252, "boundary_trend": 1, "trend_ou": 0.12418578662793717, "reversion_strength": {"s1": 0.00502554902391116, "m1": 0.0038098335627198736, "m5": 0.0032918974962767448, "h1": 0.046518504108642444, "d1": 0.05}}, "NVDA": {"p": 99.76263425919333, "d1_open": 100.31090827320226, "h1_open": 98.94100541546996, "m5_open": 99.94635487698208, "m1_open": 99.94635487698208, "band": {"m1": 0.001838192278396499, "m5": 0.004686829421439001, "h1": 0.010194087576238868, "d1": 0.03226501242195063}, "garch_variance": 2.8301848547721306e-06, "prev_return": -0.0008146437738088608, "boundary_trend": 1, "trend_ou": -0.060850512109722955, "reversion_strength": {"s1": 0.0011925680738830492, "m1": 0.020956231791063703, "m5": 0.022867711633453934, "h1": 0.013888096527728985, "d1": 0.05}}}