{"AAPL": {"p": 89.11692802333738, "d1_open": 87.95021220263737, "h1_open": 89.17288531883615, "m5_open": 89.17288531883615, "m1_open": 89.10868510803925, "reversion_strength": {"s1": 0.008338960049529932, "m1": 0.001351140996985631, "m5": 0.013839264509730786, "h1": 0.04009322855887123, "d1": 0.05}, "garch_variance": 1.1842029523206002e-06, "prev_return": 9.249978338332823e-05, "boundary_trend": 0}, "GOOG": {"p": 177.79301082415654, "d1_open": 175.76656301755804, "h1_open": 176.0396410021823, "m5_open": 176.0396410021823, "m1_open": 177.70085972545812, "reversion_strength": {"s1": 0.0062823601171641975, "m1": 0.013292119646085305, "m5": 0.03312992683192555, "h1": 0.04623311401955329, "d1": 0.05}, "garch_variance": 1.235096274390988e-06, "prev_return": 0.0005184398854472088, "boundary_trend": 0}, "AMZN": {"p": 162.4110042866679, "d1_open": 169.8941041712876, "h1_open": 162.3870609310141, "m5_open": 162.3870609310141, "m1_open": 162.4600313628792, "reversion_strength": {"s1": 0.002645480578274048, "m1": 0.009447304871809989, "m5": 0.011715152974709363, "h1": 0.04320287271163793, "d1": 0.05}, "garch_variance": 1.4658777803041086e-06, "prev_return": -0.000301824854810306, "boundary_trend": 0}, "MSFT": {"p": 164.87647994837644, "d1_open": 164.41906387237157, "h1_open": 164.33550431317852, "m5_open": 164.33550431317852, "m1_open": 164.66723111051587, "reversion_strength": {"s1": 0.00502554902391116, "m1": 0.0038098335627198736, "m5": 0.0032918974962767448, "h1": 0.046518504108642444, "d1": 0.05}, "garch_variance": 1.9565781420702954e-06, "prev_return": 0.001269930870839187, "boundary_trend": -1}, "NVDA": {"p": 97.82725903493537, "d1_open": 97.6331941946038, "h1_open": 98.01165686841159, "m5_open": 98.01165686841159, "m1_open": 97.74216189735704, "reversion_strength": {"s1": 0.0011925680738830492, "m1": 0.020956231791063703, "m5": 0.022867711633453934, "h1": 0.013888096527728985, "d1": 0.05}, "garch_variance": 1.641088921848512e-06, "prev_return": 0.0008702499863552513, "boundary_trend": 0}}