{"AAPL": {"p": 58.23684141375316, "d1_open": 58.881026803928506, "h1_open": 58.18002329517424, "m5_open": 58.23802413864398, "m1_open": 58.123683917626515, "band": {"m1": 0.0019468397131712398, "m5": 0.004905478166202566, "h1": 0.01086735110502403, "d1": 0.03515102861086184}, "garch_variance": 4.1632789723577435e-06, "prev_return": 0.0, "boundary_trend": -1, "trend_ou": -0.1753893056681281, "reversion_strength": {"s1": 0.008338960049529932, "m1": 0.001351140996985631, "m5": 0.013839264509730786, "h1": 0.04009322855887123, "d1": 0.05}}, "GOOG": {"p": 117.52502080717568, "d1_open": 119.02146768303125, "h1_open": 117.8132584785911, "m5_open": 117.52394196185423, "m1_open": 117.30968191844137, "band": {"m1": 0.0018356446391528053, "m5": 0.004681702396361059, "h1": 0.010178300433258113, "d1": 0.03219733914355201}, "garch_variance": 3.2534690322412512e-06, "prev_return": 0.0, "boundary_trend": -1, "trend_ou": -0.1433508515665792, "reversion_strength": {"s1": 0.0062823601171641975, "m1": 0.013292119646085305, "m5": 0.03312992683192555, "h1": 0.04623311401955329, "d1": 0.05}}, "AMZN": {"p": 155.97759284885828, "d1_open": 158.98498094367304, "h1_open": 156.39399479459698, "m5_open": 156.10490295664312, "m1_open": 156.25842333734425, "band": {"m1": 0.001797218239427035, "m5": 0.004604370758635398, "h1": 0.009940180743349927, "d1": 0.031176613602078584}, "garch_variance": 2.9065396511102765e-06, "prev_return": -0.0035944403488634784, "boundary_trend": 1, "trend_ou": 0.0959580803801559, "reversion_strength": {"s1": 0.002645480578274048, "m1": 0.009447304871809989, "m5": 0.011715152974709363, "h1": 0.04320287271163793, "d1": 0.05}}, "MSFT": {"p": 133.5655534020617, "d1_open": 137.08846618531726, "h1_open": 133.29083440032448, "m5_open": 132.91459635465824, "m1_open": 133.5692089535225, "band": {"m1": 0.001942904534927342, "m5": 0.004897558772751325, "h1": 0.010842965697339274, "d1": 0.035046497950366386}, "garch_variance": 3.575264333915367e-06, "prev_return": 0.00026861224325529963, "boundary_trend": -1, "trend_ou": 0.005801497728146234, "reversion_strength": {"s1": 0.00502554902391116, "m1": 0.0038098335627198736, "m5": 0.0032918974962767448, "h1": 0.046518504108642444, "d1": 0.05}}, "NVDA": {"p": 77.20924921834846, "d1_open": 77.58920212535816, "h1_open": 77.08644892077346, "m5_open": 77.50697838647532, "m1_open": 77.36097090505227, "band": {"m1": 0.0019612174579610444, "m5": 0.004934412819444398, "h1": 0.010956446730827124, "d1": 0.035532946548542006}, "garch_variance": 5.806675747292476e-06, "prev_return": -0.00016020595524122522, "boundary_trend": 1, "trend_ou": 0.24925695797814484, "reversion_strength": {"s1": 0.0011925680738830492, "m1": 0.020956231791063703, "m5": 0.022867711633453934, "h1": 0.013888096527728985, "d1": 0.05}}}