{"AAPL": {"p": 57.24393799493734, "d1_open": 58.881026803928506, "h1_open": 57.95099828715578, "m5_open": 57.34348891392542, "m1_open": 57.23282081050859, "band": {"m1": 0.0021620568296099765, "m5": 0.0053385942582532195, "h1": 0.01220100279748165, "d1": 0.04086786935782247}, "garch_variance": 6.314386932924279e-06, "prev_return": -0.0019654968959621497, "boundary_trend": 1, "trend_ou": -0.18948899915009115, "reversion_strength": {"s1": 0.008338960049529932, "m1": 0.001351140996985631, "m5": 0.013839264509730786, "h1": 0.04009322855887123, "d1": 0.05}}, "GOOG": {"p": 115.610932812726, "d1_open": 119.02146768303125, "h1_open": 116.73471203161151, "m5_open": 115.79600430654979, "m1_open": 115.63467901744454, "band": {"m1": 0.0017466431738820771, "m5": 0.004502590402562869, "h1": 0.009626778524807575, "d1": 0.029833181442629864}, "garch_variance": 3.818250897830827e-06, "prev_return": -0.0019504960458366317, "boundary_trend": 1, "trend_ou": -0.10158245747741028, "reversion_strength": {"s1": 0.0062823601171641975, "m1": 0.013292119646085305, "m5": 0.03312992683192555, "h1": 0.04623311401955329, "d1": 0.05}}, "AMZN": {"p": 155.42337501350514, "d1_open": 158.98498094367304, "h1_open": 155.272478808972, "m5_open": 154.86662339316624, "m1_open": 155.14682152745303, "band": {"m1": 0.0017825275653692773, "m5": 0.004574806347389803, "h1": 0.009849145965797515, "d1": 0.030786383282839017}, "garch_variance": 3.742607756451538e-06, "prev_return": 0.0, "boundary_trend": -1, "trend_ou": 0.09611341217847784, "reversion_strength": {"s1": 0.002645480578274048, "m1": 0.009447304871809989, "m5": 0.011715152974709363, "h1": 0.04320287271163793, "d1": 0.05}}, "MSFT": {"p": 133.51133834383526, "d1_open": 137.08846618531726, "h1_open": 133.13886604045118, "m5_open": 133.44595369429956, "m1_open": 133.56442447601356, "band": {"m1": 0.0018287262553995814, "m5": 0.004667779417631085, "h1": 0.010135428777163861, "d1": 0.032013565200298764}, "garch_variance": 3.639095073114832e-06, "prev_return": -0.002224592303511769, "boundary_trend": 0, "trend_ou": -0.016847363601046612, "reversion_strength": {"s1": 0.00502554902391116, "m1": 0.0038098335627198736, "m5": 0.0032918974962767448, "h1": 0.046518504108642444, "d1": 0.05}}, "NVDA": {"p": 77.67354525510626, "d1_open": 77.58920212535816, "h1_open": 77.04681052606045, "m5_open": 77.58450323426142, "m1_open": 77.54420253121644, "band": {"m1": 0.0016679870276279864, "m5": 0.0043442979616777865, "h1": 0.009139364213577255, "d1": 0.027743827819902176}, "garch_variance": 2.8447484199829424e-06, "prev_return": 0.0, "boundary_trend": -1, "trend_ou": 0.25090712294634127, "reversion_strength": {"s1": 0.0011925680738830492, "m1": 0.020956231791063703, "m5": 0.022867711633453934, "h1": 0.013888096527728985, "d1": 0.05}}}