{"AAPL": {"p": 89.60683638678684, "d1_open": 87.95021220263737, "h1_open": 89.17288531883615, "m5_open": 89.48592828043384, "m1_open": 89.48592828043384, "reversion_strength": {"s1": 0.008338960049529932, "m1": 0.001351140996985631, "m5": 0.013839264509730786, "h1": 0.04009322855887123, "d1": 0.05}, "garch_variance": 1.3522162888084177e-06, "prev_return": 0.0013502290273625923, "boundary_trend": -1}, "GOOG": {"p": 181.93376843547443, "d1_open": 175.76656301755804, "h1_open": 176.0396410021823, "m5_open": 182.2209772817461, "m1_open": 182.2209772817461, "reversion_strength": {"s1": 0.0062823601171641975, "m1": 0.013292119646085305, "m5": 0.03312992683192555, "h1": 0.04623311401955329, "d1": 0.05}, "garch_variance": 2.4249904071569545e-06, "prev_return": -0.001577400317870521, "boundary_trend": 0}, "AMZN": {"p": 167.31065991259203, "d1_open": 169.8941041712876, "h1_open": 162.3870609310141, "m5_open": 167.2322313533559, "m1_open": 167.2322313533559, "reversion_strength": {"s1": 0.002645480578274048, "m1": 0.009447304871809989, "m5": 0.011715152974709363, "h1": 0.04320287271163793, "d1": 0.05}, "garch_variance": 2.5081170015577592e-06, "prev_return": 0.00046886998779826984, "boundary_trend": 0}, "MSFT": {"p": 163.45268776887337, "d1_open": 164.41906387237157, "h1_open": 164.33550431317852, "m5_open": 163.20350832876423, "m1_open": 163.20350832876423, "reversion_strength": {"s1": 0.00502554902391116, "m1": 0.0038098335627198736, "m5": 0.0032918974962767448, "h1": 0.046518504108642444, "d1": 0.05}, "garch_variance": 1.2277313998127715e-06, "prev_return": 0.001525637605640589, "boundary_trend": 0}, "NVDA": {"p": 98.66136565307406, "d1_open": 97.6331941946038, "h1_open": 98.01165686841159, "m5_open": 98.54384540916142, "m1_open": 98.54384540916142, "reversion_strength": {"s1": 0.0011925680738830492, "m1": 0.020956231791063703, "m5": 0.022867711633453934, "h1": 0.013888096527728985, "d1": 0.05}, "garch_variance": 1.3572222926359937e-06, "prev_return": 0.0011918575294366796, "boundary_trend": -1}}