{"AAPL": {"p": 57.458489461013464, "d1_open": 58.881026803928506, "h1_open": 57.95099828715578, "m5_open": 57.5644145128643, "m1_open": 57.5644145128643, "band": {"m1": 0.00184276112961562, "m5": 0.004696024057153534, "h1": 0.010222399711731594, "d1": 0.03238637542155063}, "garch_variance": 3.972872312534274e-06, "prev_return": -0.003682873840094252, "boundary_trend": 0, "trend_ou": -0.1908313922819742, "reversion_strength": {"s1": 0.008338960049529932, "m1": 0.001351140996985631, "m5": 0.013839264509730786, "h1": 0.04009322855887123, "d1": 0.05}}, "GOOG": {"p": 115.62493603051368, "d1_open": 119.02146768303125, "h1_open": 116.73471203161151, "m5_open": 115.61859754809805, "m1_open": 115.61859754809805, "band": {"m1": 0.0017272850968010265, "m5": 0.004463633023922649, "h1": 0.00950682090856836, "d1": 0.029318970279173177}, "garch_variance": 2.9323780239533467e-06, "prev_return": -0.0009453970191536219, "boundary_trend": 1, "trend_ou": -0.09272891977656186, "reversion_strength": {"s1": 0.0062823601171641975, "m1": 0.013292119646085305, "m5": 0.03312992683192555, "h1": 0.04623311401955329, "d1": 0.05}}, "AMZN": {"p": 156.13287230919215, "d1_open": 158.98498094367304, "h1_open": 155.272478808972, "m5_open": 155.83652786619996, "m1_open": 155.83652786619996, "band": {"m1": 0.0019016365870692155, "m5": 0.004814508629718906, "h1": 0.010587237577680583, "d1": 0.0339502919897873}, "garch_variance": 5.619332857550488e-06, "prev_return": 0.003185290921645413, "boundary_trend": -1, "trend_ou": 0.09011154127546293, "reversion_strength": {"s1": 0.002645480578274048, "m1": 0.009447304871809989, "m5": 0.011715152974709363, "h1": 0.04320287271163793, "d1": 0.05}}, "MSFT": {"p": 132.863055424383, "d1_open": 137.08846618531726, "h1_open": 133.13886604045118, "m5_open": 133.10934659841362, "m1_open": 133.10934659841362, "band": {"m1": 0.0018502921118955806, "m5": 0.004711179866637339, "h1": 0.01026906750205299, "d1": 0.03258642190054421}, "garch_variance": 3.7278710333953325e-06, "prev_return": 0.0, "boundary_trend": 1, "trend_ou": -0.04195879440776729, "reversion_strength": {"s1": 0.00502554902391116, "m1": 0.0038098335627198736, "m5": 0.0032918974962767448, "h1": 0.046518504108642444, "d1": 0.05}}, "NVDA": {"p": 77.71995035958746, "d1_open": 77.58920212535816, "h1_open": 77.04681052606045, "m5_open": 77.72310624084193, "m1_open": 77.72310624084193, "band": {"m1": 0.0016030177666648345, "m5": 0.004213549846112409, "h1": 0.00873676442841615, "d1": 0.026018040742554212}, "garch_variance": 2.034359784291061e-06, "prev_return": 0.0015636989924065123, "boundary_trend": -1, "trend_ou": 0.24773630118050421, "reversion_strength": {"s1": 0.0011925680738830492, "m1": 0.020956231791063703, "m5": 0.022867711633453934, "h1": 0.013888096527728985, "d1": 0.05}}}