{"AAPL": {"p": 88.5615079237886, "d1_open": 87.95021220263737, "h1_open": 88.46025421232386, "m5_open": 88.67954470103834, "m1_open": 88.65150031886174, "reversion_strength": {"s1": 0.008338960049529932, "m1": 0.001351140996985631, "m5": 0.013839264509730786, "h1": 0.04009322855887123, "d1": 0.05}, "garch_variance": 1.2556643835861474e-06, "prev_return": -0.001015641049168529, "boundary_trend": 1}, "GOOG": {"p": 177.34995959586684, "d1_open": 175.76656301755804, "h1_open": 171.25338368742615, "m5_open": 174.28904531343082, "m1_open": 177.4150051715602, "reversion_strength": {"s1": 0.0062823601171641975, "m1": 0.013292119646085305, "m5": 0.03312992683192555, "h1": 0.04623311401955329, "d1": 0.05}, "garch_variance": 1.280257559806616e-06, "prev_return": -0.0003666967309745069, "boundary_trend": 0}, "AMZN": {"p": 167.46672215617085, "d1_open": 169.8941041712876, "h1_open": 168.5021874081404, "m5_open": 167.2568774362557, "m1_open": 167.40435166975865, "reversion_strength": {"s1": 0.002645480578274048, "m1": 0.009447304871809989, "m5": 0.011715152974709363, "h1": 0.04320287271163793, "d1": 0.05}, "garch_variance": 1.5399072591072583e-06, "prev_return": 0.0003725044771459162, "boundary_trend": 0}, "MSFT": {"p": 164.5429175918222, "d1_open": 164.41906387237157, "h1_open": 164.11163536945244, "m5_open": 164.57030429193398, "m1_open": 164.33983305787584, "reversion_strength": {"s1": 0.00502554902391116, "m1": 0.0038098335627198736, "m5": 0.0032918974962767448, "h1": 0.046518504108642444, "d1": 0.05}, "garch_variance": 1.409528981901417e-06, "prev_return": 0.001234996723649998, "boundary_trend": 0}, "NVDA": {"p": 97.3421929932234, "d1_open": 97.6331941946038, "h1_open": 97.10451824378742, "m5_open": 97.22579362349654, "m1_open": 97.3709716842142, "reversion_strength": {"s1": 0.0011925680738830492, "m1": 0.020956231791063703, "m5": 0.022867711633453934, "h1": 0.013888096527728985, "d1": 0.05}, "garch_variance": 1.2014587006470035e-06, "prev_return": -0.00029560087781453523, "boundary_trend": 1}}