{"AAPL": {"p": 89.4849173200213, "d1_open": 87.95021220263737, "h1_open": 90.06205021135978, "m5_open": 89.43828050948615, "m1_open": 89.55896073945782, "reversion_strength": {"s1": 0.008338960049529932, "m1": 0.001351140996985631, "m5": 0.013839264509730786, "h1": 0.04009322855887123, "d1": 0.05}, "garch_variance": 1.8756078856269352e-06, "prev_return": -0.0008270980774105327, "boundary_trend": 1}, "GOOG": {"p": 176.2346359283391, "d1_open": 175.76656301755804, "h1_open": 182.2768621595806, "m5_open": 179.97283012961958, "m1_open": 175.59971976239748, "reversion_strength": {"s1": 0.0062823601171641975, "m1": 0.013292119646085305, "m5": 0.03312992683192555, "h1": 0.04623311401955329, "d1": 0.05}, "garch_variance": 5.543351246160645e-06, "prev_return": 0.003609180541258989, "boundary_trend": 0}, "AMZN": {"p": 170.3733841604824, "d1_open": 169.8941041712876, "h1_open": 170.28724881804374, "m5_open": 171.08245750981635, "m1_open": 170.53137741379888, "reversion_strength": {"s1": 0.002645480578274048, "m1": 0.009447304871809989, "m5": 0.011715152974709363, "h1": 0.04320287271163793, "d1": 0.05}, "garch_variance": 2.7611450132270263e-06, "prev_return": -0.0009269055902802461, "boundary_trend": 0}, "MSFT": {"p": 161.70996654991058, "d1_open": 164.41906387237157, "h1_open": 161.08021439952043, "m5_open": 161.17938055062453, "m1_open": 161.43246958140492, "reversion_strength": {"s1": 0.00502554902391116, "m1": 0.0038098335627198736, "m5": 0.0032918974962767448, "h1": 0.046518504108642444, "d1": 0.05}, "garch_variance": 1.8184814456781479e-06, "prev_return": 0.0017174905285771472, "boundary_trend": -1}, "NVDA": {"p": 99.6461296360846, "d1_open": 97.6331941946038, "h1_open": 98.64308364945421, "m5_open": 99.93391101055609, "m1_open": 99.53592983522182, "reversion_strength": {"s1": 0.0011925680738830492, "m1": 0.020956231791063703, "m5": 0.022867711633453934, "h1": 0.013888096527728985, "d1": 0.05}, "garch_variance": 1.3853766638124074e-06, "prev_return": 0.0011065234730404815, "boundary_trend": 0}}