{"AAPL": {"p": 58.278945016024274, "d1_open": 58.881026803928506, "h1_open": 58.18002329517424, "m5_open": 58.278524002763376, "m1_open": 58.161167738856726, "band": {"m1": 0.002025015689099844, "m5": 0.005062804282947937, "h1": 0.011351789909576023, "d1": 0.03722762740568528}, "garch_variance": 5.502912229174177e-06, "prev_return": 0.0040500369141856256, "boundary_trend": -1, "trend_ou": -0.1749163666791888, "reversion_strength": {"s1": 0.008338960049529932, "m1": 0.001351140996985631, "m5": 0.013839264509730786, "h1": 0.04009322855887123, "d1": 0.05}}, "GOOG": {"p": 117.35572304165053, "d1_open": 119.02146768303125, "h1_open": 117.8132584785911, "m5_open": 116.98282257385429, "m1_open": 117.19413207695892, "band": {"m1": 0.001785233978347057, "m5": 0.0045802528984439555, "h1": 0.009865916993622955, "d1": 0.03085827408894913}, "garch_variance": 2.359918240946733e-06, "prev_return": 0.002086252047833376, "boundary_trend": 0, "trend_ou": -0.14236738132537705, "reversion_strength": {"s1": 0.0062823601171641975, "m1": 0.013292119646085305, "m5": 0.03312992683192555, "h1": 0.04623311401955329, "d1": 0.05}}, "AMZN": {"p": 155.64723786806374, "d1_open": 158.98498094367304, "h1_open": 156.39399479459698, "m5_open": 156.14031446178467, "m1_open": 155.83137691035228, "band": {"m1": 0.0019674077320573466, "m5": 0.004946870505755216, "h1": 0.010994806456400623, "d1": 0.03569737961861648}, "garch_variance": 4.090225796284587e-06, "prev_return": -0.0001401450563588099, "boundary_trend": 1, "trend_ou": 0.11223232820939953, "reversion_strength": {"s1": 0.002645480578274048, "m1": 0.009447304871809989, "m5": 0.011715152974709363, "h1": 0.04320287271163793, "d1": 0.05}}, "MSFT": {"p": 133.49243011395598, "d1_open": 137.08846618531726, "h1_open": 133.29083440032448, "m5_open": 133.01378541059967, "m1_open": 133.25394909161233, "band": {"m1": 0.0017896732064555266, "m5": 0.004589186672680305, "h1": 0.009893425884077545, "d1": 0.030976193892705887}, "garch_variance": 2.533333747262507e-06, "prev_return": 0.00357935023438405, "boundary_trend": -1, "trend_ou": -0.012171719394193252, "reversion_strength": {"s1": 0.00502554902391116, "m1": 0.0038098335627198736, "m5": 0.0032918974962767448, "h1": 0.046518504108642444, "d1": 0.05}}, "NVDA": {"p": 77.35786989501905, "d1_open": 77.58920212535816, "h1_open": 77.08644892077346, "m5_open": 77.42771822864486, "m1_open": 77.27523061536624, "band": {"m1": 0.0019923951929790994, "m5": 0.00499715680084076, "h1": 0.011149648088422958, "d1": 0.03636112485005687}, "garch_variance": 5.648624923095164e-06, "prev_return": -0.0009215695664094485, "boundary_trend": -1, "trend_ou": 0.22731461571117248, "reversion_strength": {"s1": 0.0011925680738830492, "m1": 0.020956231791063703, "m5": 0.022867711633453934, "h1": 0.013888096527728985, "d1": 0.05}}}