{"AAPL": {"p": 58.39592627549459, "d1_open": 58.881026803928506, "h1_open": 58.18002329517424, "m5_open": 58.56801790457984, "m1_open": 58.51245697259605, "band": {"m1": 0.0019915536473888618, "m5": 0.004995463223009416, "h1": 0.011144433221133251, "d1": 0.03633877076316868}, "garch_variance": 4.105080689482461e-06, "prev_return": -0.003983112560837861, "boundary_trend": 1, "trend_ou": -0.174598882899211, "reversion_strength": {"s1": 0.008338960049529932, "m1": 0.001351140996985631, "m5": 0.013839264509730786, "h1": 0.04009322855887123, "d1": 0.05}}, "GOOG": {"p": 116.7697500158428, "d1_open": 119.02146768303125, "h1_open": 117.8132584785911, "m5_open": 116.88775361734564, "m1_open": 116.9848894497642, "band": {"m1": 0.0018390360920397262, "m5": 0.004688527563638938, "h1": 0.010199316498138902, "d1": 0.03228742675543053}, "garch_variance": 3.073461919120277e-06, "prev_return": 0.0, "boundary_trend": 1, "trend_ou": -0.1413833972261935, "reversion_strength": {"s1": 0.0062823601171641975, "m1": 0.013292119646085305, "m5": 0.03312992683192555, "h1": 0.04623311401955329, "d1": 0.05}}, "AMZN": {"p": 156.45005754162506, "d1_open": 158.98498094367304, "h1_open": 156.39399479459698, "m5_open": 155.8316152576379, "m1_open": 156.14021592528985, "band": {"m1": 0.001984380606233264, "m5": 0.004981027756143028, "h1": 0.011099983510833586, "d1": 0.03614823232163344}, "garch_variance": 4.889460807251697e-06, "prev_return": 0.0, "boundary_trend": -1, "trend_ou": 0.10542392123830316, "reversion_strength": {"s1": 0.002645480578274048, "m1": 0.009447304871809989, "m5": 0.011715152974709363, "h1": 0.04320287271163793, "d1": 0.05}}, "MSFT": {"p": 132.8783489569631, "d1_open": 137.08846618531726, "h1_open": 133.29083440032448, "m5_open": 132.67300009600453, "m1_open": 132.65837710610992, "band": {"m1": 0.0018312390658895641, "m5": 0.0046728363511942435, "h1": 0.010151000094251668, "d1": 0.03208031331790312}, "garch_variance": 3.002099446323033e-06, "prev_return": -0.00017275477128010278, "boundary_trend": -1, "trend_ou": -0.014220306464236072, "reversion_strength": {"s1": 0.00502554902391116, "m1": 0.0038098335627198736, "m5": 0.0032918974962767448, "h1": 0.046518504108642444, "d1": 0.05}}, "NVDA": {"p": 77.34727979478974, "d1_open": 77.58920212535816, "h1_open": 77.08644892077346, "m5_open": 77.73335286764028, "m1_open": 77.34738081461994, "band": {"m1": 0.0019772280328197445, "m5": 0.00496663347981301, "h1": 0.01105566063449265, "d1": 0.03595823756743982}, "garch_variance": 4.550763546145385e-06, "prev_return": -0.001976581944788067, "boundary_trend": 1, "trend_ou": 0.2376732752229693, "reversion_strength": {"s1": 0.0011925680738830492, "m1": 0.020956231791063703, "m5": 0.022867711633453934, "h1": 0.013888096527728985, "d1": 0.05}}}