{"AAPL": {"p": 90.52805897119565, "d1_open": 87.95021220263737, "h1_open": 89.92327454616381, "m5_open": 90.42451367382752, "m1_open": 90.40590784273962, "reversion_strength": {"s1": 0.008338960049529932, "m1": 0.001351140996985631, "m5": 0.013839264509730786, "h1": 0.04009322855887123, "d1": 0.05}, "garch_variance": 1.5212097770715024e-06, "prev_return": 0.0013502290273625923, "boundary_trend": -1}, "GOOG": {"p": 178.89295911682493, "d1_open": 175.76656301755804, "h1_open": 183.39762262224193, "m5_open": 180.3579572816138, "m1_open": 179.69877923708722, "reversion_strength": {"s1": 0.0062823601171641975, "m1": 0.013292119646085305, "m5": 0.03312992683192555, "h1": 0.04623311401955329, "d1": 0.05}, "garch_variance": 7.083474320053057e-06, "prev_return": -0.004494367217606498, "boundary_trend": 0}, "AMZN": {"p": 168.61702786402844, "d1_open": 169.8941041712876, "h1_open": 168.9436681978484, "m5_open": 169.60820101882007, "m1_open": 168.3898616069457, "reversion_strength": {"s1": 0.002645480578274048, "m1": 0.009447304871809989, "m5": 0.011715152974709363, "h1": 0.04320287271163793, "d1": 0.05}, "garch_variance": 1.992432500799957e-06, "prev_return": 0.001348140341256737, "boundary_trend": 0}, "MSFT": {"p": 161.68837474490778, "d1_open": 164.41906387237157, "h1_open": 162.58297699275926, "m5_open": 161.95635382915742, "m1_open": 161.85497585527938, "reversion_strength": {"s1": 0.00502554902391116, "m1": 0.0038098335627198736, "m5": 0.0032918974962767448, "h1": 0.046518504108642444, "d1": 0.05}, "garch_variance": 2.4323513088338436e-06, "prev_return": -0.001029853494360357, "boundary_trend": 0}, "NVDA": {"p": 98.66725825043648, "d1_open": 97.6331941946038, "h1_open": 98.32781845318762, "m5_open": 96.96223221914875, "m1_open": 98.63110591536253, "reversion_strength": {"s1": 0.0011925680738830492, "m1": 0.020956231791063703, "m5": 0.022867711633453934, "h1": 0.013888096527728985, "d1": 0.05}, "garch_variance": 1.366250444183512e-06, "prev_return": 0.0003664737478328598, "boundary_trend": 0}}