{"AAPL": {"p": 87.93160346194352, "d1_open": 87.95021220263737, "h1_open": 87.95021220263737, "m5_open": 87.92120877263224, "m1_open": 87.87408677819381, "reversion_strength": {"s1": 0.008338960049529932, "m1": 0.001351140996985631, "m5": 0.013839264509730786, "h1": 0.04009322855887123, "d1": 0.05}, "garch_variance": 1.1657001726157245e-06, "prev_return": 0.000654321094194783, "boundary_trend": 0}, "GOOG": {"p": 175.57990108539713, "d1_open": 175.76656301755804, "h1_open": 175.76656301755804, "m5_open": 175.96515847975317, "m1_open": 175.50390060231456, "reversion_strength": {"s1": 0.0062823601171641975, "m1": 0.013292119646085305, "m5": 0.03312992683192555, "h1": 0.04623311401955329, "d1": 0.05}, "garch_variance": 1.1371102705257748e-06, "prev_return": 0.0004329478255867694, "boundary_trend": 0}, "AMZN": {"p": 169.21549262953297, "d1_open": 169.8941041712876, "h1_open": 169.8941041712876, "m5_open": 170.2593522688174, "m1_open": 169.20855781216858, "reversion_strength": {"s1": 0.002645480578274048, "m1": 0.009447304871809989, "m5": 0.011715152974709363, "h1": 0.04320287271163793, "d1": 0.05}, "garch_variance": 1.2991851094677183e-06, "prev_return": 4.09830055299448e-05, "boundary_trend": 0}, "MSFT": {"p": 164.6338926635969, "d1_open": 164.41906387237157, "h1_open": 164.41906387237157, "m5_open": 164.46211409044528, "m1_open": 164.50279419818926, "reversion_strength": {"s1": 0.00502554902391116, "m1": 0.0038098335627198736, "m5": 0.0032918974962767448, "h1": 0.046518504108642444, "d1": 0.05}, "garch_variance": 1.0037427767668458e-06, "prev_return": 0.0007966202345329086, "boundary_trend": 0}, "NVDA": {"p": 96.2927380661563, "d1_open": 97.6331941946038, "h1_open": 97.6331941946038, "m5_open": 98.20183275629712, "m1_open": 96.40771082416134, "reversion_strength": {"s1": 0.0011925680738830492, "m1": 0.020956231791063703, "m5": 0.022867711633453934, "h1": 0.013888096527728985, "d1": 0.05}, "garch_variance": 1.2132426800085283e-06, "prev_return": -0.0011932797490587675, "boundary_trend": 1}}