{"AAPL": {"p": 90.28876605471534, "d1_open": 87.95021220263737, "h1_open": 89.92327454616381, "m5_open": 90.41092396065393, "m1_open": 90.41092396065393, "reversion_strength": {"s1": 0.008338960049529932, "m1": 0.001351140996985631, "m5": 0.013839264509730786, "h1": 0.04009322855887123, "d1": 0.05}, "garch_variance": 1.2935606275779088e-06, "prev_return": -0.0013520546110228153, "boundary_trend": 1}, "GOOG": {"p": 176.6131150823275, "d1_open": 175.76656301755804, "h1_open": 183.39762262224193, "m5_open": 176.48093786759392, "m1_open": 176.48093786759392, "reversion_strength": {"s1": 0.0062823601171641975, "m1": 0.013292119646085305, "m5": 0.03312992683192555, "h1": 0.04623311401955329, "d1": 0.05}, "garch_variance": 2.4661343209952874e-06, "prev_return": 0.000748679961066074, "boundary_trend": 0}, "AMZN": {"p": 170.4859614932722, "d1_open": 169.8941041712876, "h1_open": 168.9436681978484, "m5_open": 170.3479195551779, "m1_open": 170.3479195551779, "reversion_strength": {"s1": 0.002645480578274048, "m1": 0.009447304871809989, "m5": 0.011715152974709363, "h1": 0.04320287271163793, "d1": 0.05}, "garch_variance": 1.6285319015127236e-06, "prev_return": 0.0008100247851979924, "boundary_trend": 0}, "MSFT": {"p": 162.48784868516972, "d1_open": 164.41906387237157, "h1_open": 162.58297699275926, "m5_open": 162.3889565456209, "m1_open": 162.3889565456209, "reversion_strength": {"s1": 0.00502554902391116, "m1": 0.0038098335627198736, "m5": 0.0032918974962767448, "h1": 0.046518504108642444, "d1": 0.05}, "garch_variance": 1.8104450668399417e-06, "prev_return": 0.0006087978028038801, "boundary_trend": -1}, "NVDA": {"p": 97.16393406904574, "d1_open": 97.6331941946038, "h1_open": 98.32781845318762, "m5_open": 97.11899512756206, "m1_open": 97.11899512756206, "reversion_strength": {"s1": 0.0011925680738830492, "m1": 0.020956231791063703, "m5": 0.022867711633453934, "h1": 0.013888096527728985, "d1": 0.05}, "garch_variance": 1.3355743955229937e-06, "prev_return": 0.00046261339038851563, "boundary_trend": 0}}