{"AAPL": {"p": 58.4123301402037, "d1_open": 58.881026803928506, "h1_open": 58.18002329517424, "m5_open": 58.18002329517424, "m1_open": 58.29540365836816, "band": {"m1": 0.0020057581644133513, "m5": 0.005024049262098298, "h1": 0.011232455393736084, "d1": 0.036716087228792896}, "garch_variance": 3.5139618711958535e-06, "prev_return": 0.0009240789575161264, "boundary_trend": -1, "trend_ou": -0.17943935216664456, "reversion_strength": {"s1": 0.008338960049529932, "m1": 0.001351140996985631, "m5": 0.013839264509730786, "h1": 0.04009322855887123, "d1": 0.05}}, "GOOG": {"p": 117.52907926098757, "d1_open": 119.02146768303125, "h1_open": 117.8132584785911, "m5_open": 117.8132584785911, "m1_open": 117.54973300042532, "band": {"m1": 0.0022869333196277315, "m5": 0.005589903346677365, "h1": 0.01297483410335621, "d1": 0.04418498008899491}, "garch_variance": 9.057159335419833e-06, "prev_return": 0.0021138347697494705, "boundary_trend": 1, "trend_ou": -0.1337667880483603, "reversion_strength": {"s1": 0.0062823601171641975, "m1": 0.013292119646085305, "m5": 0.03312992683192555, "h1": 0.04623311401955329, "d1": 0.05}}, "AMZN": {"p": 155.823566364178, "d1_open": 158.98498094367304, "h1_open": 156.39399479459698, "m5_open": 156.39399479459698, "m1_open": 156.1135276167615, "band": {"m1": 0.0018573742904287763, "m5": 0.004725432476003452, "h1": 0.010312954157275284, "d1": 0.032774546746215334}, "garch_variance": 3.642235889717241e-06, "prev_return": 0.0, "boundary_trend": 1, "trend_ou": 0.09500181529312181, "reversion_strength": {"s1": 0.002645480578274048, "m1": 0.009447304871809989, "m5": 0.011715152974709363, "h1": 0.04320287271163793, "d1": 0.05}}, "MSFT": {"p": 133.47630949694607, "d1_open": 137.08846618531726, "h1_open": 133.29083440032448, "m5_open": 133.29083440032448, "m1_open": 133.1964309699234, "band": {"m1": 0.002101246444702923, "m5": 0.005216215719302129, "h1": 0.011824174624647278, "d1": 0.039252555055560814}, "garch_variance": 5.0761506391401865e-06, "prev_return": 0.001521763077044698, "boundary_trend": -1, "trend_ou": 0.002341127390758874, "reversion_strength": {"s1": 0.00502554902391116, "m1": 0.0038098335627198736, "m5": 0.0032918974962767448, "h1": 0.046518504108642444, "d1": 0.05}}, "NVDA": {"p": 76.81831059426894, "d1_open": 77.58920212535816, "h1_open": 77.08644892077346, "m5_open": 77.08644892077346, "m1_open": 76.95220946854826, "band": {"m1": 0.0017400263774629368, "m5": 0.004489274356635041, "h1": 0.009585775737069053, "d1": 0.02965741860364557}, "garch_variance": 2.3541912314916746e-06, "prev_return": 0.0, "boundary_trend": 1, "trend_ou": 0.23752678187052415, "reversion_strength": {"s1": 0.0011925680738830492, "m1": 0.020956231791063703, "m5": 0.022867711633453934, "h1": 0.013888096527728985, "d1": 0.05}}}