{"AAPL": {"p": 88.42743392957985, "d1_open": 87.95021220263737, "h1_open": 86.8359256319159, "m5_open": 88.35899574781406, "m1_open": 88.38977335691494, "reversion_strength": {"s1": 0.008338960049529932, "m1": 0.001351140996985631, "m5": 0.013839264509730786, "h1": 0.04009322855887123, "d1": 0.05}, "garch_variance": 1.456059954393485e-06, "prev_return": 0.0004259831247461461, "boundary_trend": 0}, "GOOG": {"p": 171.9067921489783, "d1_open": 175.76656301755804, "h1_open": 175.75153234700423, "m5_open": 173.39562003928023, "m1_open": 171.84378750245583, "reversion_strength": {"s1": 0.0062823601171641975, "m1": 0.013292119646085305, "m5": 0.03312992683192555, "h1": 0.04623311401955329, "d1": 0.05}, "garch_variance": 1.966916232947405e-06, "prev_return": 0.00036657187482779603, "boundary_trend": 0}, "AMZN": {"p": 169.6354674963624, "d1_open": 169.8941041712876, "h1_open": 166.80472498164232, "m5_open": 168.24357809292263, "m1_open": 169.56709614759586, "reversion_strength": {"s1": 0.002645480578274048, "m1": 0.009447304871809989, "m5": 0.011715152974709363, "h1": 0.04320287271163793, "d1": 0.05}, "garch_variance": 1.5592697435382703e-06, "prev_return": 0.0004031299112718134, "boundary_trend": 0}, "MSFT": {"p": 164.10462056340663, "d1_open": 164.41906387237157, "h1_open": 164.04525621182805, "m5_open": 164.4659852367981, "m1_open": 164.24977828087515, "reversion_strength": {"s1": 0.00502554902391116, "m1": 0.0038098335627198736, "m5": 0.0032918974962767448, "h1": 0.046518504108642444, "d1": 0.05}, "garch_variance": 1.2611980791236698e-06, "prev_return": -0.000884152777825186, "boundary_trend": 1}, "NVDA": {"p": 95.68437211367335, "d1_open": 97.6331941946038, "h1_open": 96.51017604046937, "m5_open": 95.41022629582449, "m1_open": 95.57039790831958, "reversion_strength": {"s1": 0.0011925680738830492, "m1": 0.020956231791063703, "m5": 0.022867711633453934, "h1": 0.013888096527728985, "d1": 0.05}, "garch_variance": 1.5916797403889513e-06, "prev_return": 0.0011918575294366796, "boundary_trend": -1}}