{"AAPL": {"p": 89.9583541011686, "d1_open": 87.95021220263737, "h1_open": 90.00052714134381, "m5_open": 90.3060943161685, "m1_open": 90.31317501087884, "band": {"m1": 0.003928783476691051, "m5": 0.008881601870983616, "h1": 0.01895223405386318, "d1": 0.06123453075699288}, "garch_variance": 1.4896699300101837e-05, "prev_return": -0.007857607381827815, "boundary_trend": 1, "trend_ou": 0.06918767402694755, "reversion_strength": {"s1": 0.008338960049529932, "m1": 0.001351140996985631, "m5": 0.013839264509730786, "h1": 0.04009322855887123, "d1": 0.05}}, "GOOG": {"p": 173.8139374501853, "d1_open": 175.76656301755804, "h1_open": 176.08648575624287, "m5_open": 173.89624531506882, "m1_open": 173.20921219318546, "band": {"m1": 0.0034912996216701474, "m5": 0.008001182595986752, "h1": 0.01624124575829424, "d1": 0.04961358921709053}, "garch_variance": 6.715609276275944e-06, "prev_return": 0.0, "boundary_trend": -1, "trend_ou": 0.010145751193579841, "reversion_strength": {"s1": 0.0062823601171641975, "m1": 0.013292119646085305, "m5": 0.03312992683192555, "h1": 0.04623311401955329, "d1": 0.05}}, "AMZN": {"p": 168.7110363829491, "d1_open": 169.8941041712876, "h1_open": 171.4747272210238, "m5_open": 169.42244265706864, "m1_open": 168.14199078777625, "band": {"m1": 0.004429019908263922, "m5": 0.009888308270220589, "h1": 0.022052085843699897, "d1": 0.07452237729286086}, "garch_variance": 2.103480496980479e-05, "prev_return": 0.005729673211368326, "boundary_trend": 0, "trend_ou": 0.061904146424177214, "reversion_strength": {"s1": 0.002645480578274048, "m1": 0.009447304871809989, "m5": 0.011715152974709363, "h1": 0.04320287271163793, "d1": 0.05}}, "MSFT": {"p": 161.4633368118615, "d1_open": 164.41906387237157, "h1_open": 160.99657128302283, "m5_open": 161.44720687590916, "m1_open": 162.14093279396332, "band": {"m1": 0.004179055655013706, "m5": 0.009385264914229379, "h1": 0.02050311401972348, "d1": 0.06788254375215268}, "garch_variance": 1.5718136294355922e-05, "prev_return": 0.0, "boundary_trend": 1, "trend_ou": 0.010989274652613939, "reversion_strength": {"s1": 0.00502554902391116, "m1": 0.0038098335627198736, "m5": 0.0032918974962767448, "h1": 0.046518504108642444, "d1": 0.05}}, "NVDA": {"p": 101.17221605402294, "d1_open": 97.6331941946038, "h1_open": 102.01551314508438, "m5_open": 101.39832577312721, "m1_open": 101.18501157005922, "band": {"m1": 0.0029881418115669444, "m5": 0.006988597035866129, "h1": 0.013123290847824008, "d1": 0.03624814171669028}, "garch_variance": 2.5425960099555546e-06, "prev_return": 0.0, "boundary_trend": -1, "trend_ou": 0.04818091587069791, "reversion_strength": {"s1": 0.0011925680738830492, "m1": 0.020956231791063703, "m5": 0.022867711633453934, "h1": 0.013888096527728985, "d1": 0.05}}}