{"AAPL": {"p": 58.78480421930434, "d1_open": 58.881026803928506, "h1_open": 58.18002329517424, "m5_open": 58.70070751042904, "m1_open": 58.793189211938895, "band": {"m1": 0.0018706132218924794, "m5": 0.004752075311635523, "h1": 0.010394992815004089, "d1": 0.03312621423479755}, "garch_variance": 2.5729350689649036e-06, "prev_return": 0.001679253723647522, "boundary_trend": -1, "trend_ou": -0.18245105568323688, "reversion_strength": {"s1": 0.008338960049529932, "m1": 0.001351140996985631, "m5": 0.013839264509730786, "h1": 0.04009322855887123, "d1": 0.05}}, "GOOG": {"p": 117.8819951074477, "d1_open": 119.02146768303125, "h1_open": 117.8132584785911, "m5_open": 117.53485842152293, "m1_open": 117.63239574661351, "band": {"m1": 0.002121859027438617, "m5": 0.0052576977418720946, "h1": 0.011951906128099541, "d1": 0.03980008981874985}, "garch_variance": 4.121000445168301e-06, "prev_return": 0.004243724423704991, "boundary_trend": -1, "trend_ou": -0.1440522832831757, "reversion_strength": {"s1": 0.0062823601171641975, "m1": 0.013292119646085305, "m5": 0.03312992683192555, "h1": 0.04623311401955329, "d1": 0.05}}, "AMZN": {"p": 156.28493624312551, "d1_open": 158.98498094367304, "h1_open": 156.39399479459698, "m5_open": 155.57506190724217, "m1_open": 156.2904125316019, "band": {"m1": 0.0017766140833560663, "m5": 0.004562905694401068, "h1": 0.009812501458029095, "d1": 0.030629302677499873}, "garch_variance": 2.1249225303136342e-06, "prev_return": 0.0, "boundary_trend": -1, "trend_ou": 0.09788188163266637, "reversion_strength": {"s1": 0.002645480578274048, "m1": 0.009447304871809989, "m5": 0.011715152974709363, "h1": 0.04320287271163793, "d1": 0.05}}, "MSFT": {"p": 134.2087558528954, "d1_open": 137.08846618531726, "h1_open": 133.29083440032448, "m5_open": 133.55293932181672, "m1_open": 134.04453947889806, "band": {"m1": 0.0019493530254357744, "m5": 0.004910536109567531, "h1": 0.010882925531495011, "d1": 0.03521779005717004}, "garch_variance": 3.4095696005216814e-06, "prev_return": 0.0, "boundary_trend": -1, "trend_ou": 0.022881155032820368, "reversion_strength": {"s1": 0.00502554902391116, "m1": 0.0038098335627198736, "m5": 0.0032918974962767448, "h1": 0.046518504108642444, "d1": 0.05}}, "NVDA": {"p": 77.42569195581346, "d1_open": 77.58920212535816, "h1_open": 77.08644892077346, "m5_open": 77.07051393030584, "m1_open": 77.34798793869409, "band": {"m1": 0.001799260804990034, "m5": 0.004608481342538028, "h1": 0.009952838059204378, "d1": 0.03123087054145271}, "garch_variance": 2.4401671211761778e-06, "prev_return": 0.0011103035161372753, "boundary_trend": -1, "trend_ou": 0.25127285280856293, "reversion_strength": {"s1": 0.0011925680738830492, "m1": 0.020956231791063703, "m5": 0.022867711633453934, "h1": 0.013888096527728985, "d1": 0.05}}}