{"AAPL": {"p": 58.239155650782365, "d1_open": 58.881026803928506, "h1_open": 57.935104588267784, "m5_open": 58.10992051533566, "m1_open": 58.20202765113662, "band": {"m1": 0.0016411308959366835, "m5": 0.004290251039210792, "h1": 0.008972942852322904, "d1": 0.02703044483950022}, "garch_variance": 2.5911924370335385e-06, "prev_return": -0.0010020731803859586, "boundary_trend": -1, "trend_ou": -0.17590036769881812, "reversion_strength": {"s1": 0.008338960049529932, "m1": 0.001351140996985631, "m5": 0.013839264509730786, "h1": 0.04009322855887123, "d1": 0.05}}, "GOOG": {"p": 116.52803310373537, "d1_open": 119.02146768303125, "h1_open": 116.09550753836272, "m5_open": 116.3888914266636, "m1_open": 116.46142806753592, "band": {"m1": 0.0015209102047467188, "m5": 0.004048311565188298, "h1": 0.008227962476565662, "d1": 0.023837006708764}, "garch_variance": 1.6272037956027365e-06, "prev_return": -0.00070213758056108, "boundary_trend": 0, "trend_ou": -0.12886205781639673, "reversion_strength": {"s1": 0.0062823601171641975, "m1": 0.013292119646085305, "m5": 0.03312992683192555, "h1": 0.04623311401955329, "d1": 0.05}}, "AMZN": {"p": 155.8762968209114, "d1_open": 158.98498094367304, "h1_open": 156.28356493298796, "m5_open": 155.8783458704862, "m1_open": 156.18463706628668, "band": {"m1": 0.0019742034246584155, "m5": 0.004960546573304381, "h1": 0.01103691782323244, "d1": 0.03587789450055743}, "garch_variance": 6.771305082874948e-06, "prev_return": -0.0008251303842034075, "boundary_trend": 1, "trend_ou": 0.06118351381946802, "reversion_strength": {"s1": 0.002645480578274048, "m1": 0.009447304871809989, "m5": 0.011715152974709363, "h1": 0.04320287271163793, "d1": 0.05}}, "MSFT": {"p": 134.38036476201546, "d1_open": 137.08846618531726, "h1_open": 133.73171007353216, "m5_open": 133.94590238791469, "m1_open": 134.13944212115996, "band": {"m1": 0.001796061151334549, "m5": 0.00460204216376772, "h1": 0.009933010530690256, "d1": 0.03114587771794257}, "garch_variance": 4.959773523081286e-06, "prev_return": 0.003592126165208609, "boundary_trend": -1, "trend_ou": -0.03759095990164247, "reversion_strength": {"s1": 0.00502554902391116, "m1": 0.0038098335627198736, "m5": 0.0032918974962767448, "h1": 0.046518504108642444, "d1": 0.05}}, "NVDA": {"p": 77.33056316174833, "d1_open": 77.58920212535816, "h1_open": 77.45406808949511, "m5_open": 77.57589801194331, "m1_open": 77.45331396020262, "band": {"m1": 0.0015848359763839383, "m5": 0.0041769596989937536, "h1": 0.008624095994876716, "d1": 0.025535075441046193}, "garch_variance": 2.41115206214722e-06, "prev_return": -9.023867024082536e-05, "boundary_trend": 1, "trend_ou": 0.22800741162258295, "reversion_strength": {"s1": 0.0011925680738830492, "m1": 0.020956231791063703, "m5": 0.022867711633453934, "h1": 0.013888096527728985, "d1": 0.05}}}