{"AAPL": {"p": 89.64405002482962, "d1_open": 87.95021220263737, "h1_open": 90.00052714134381, "m5_open": 89.75226907269757, "m1_open": 89.3118493247566, "band": {"m1": 0.003719559079614284, "m5": 0.008460545894010062, "h1": 0.017655717885065404, "d1": 0.055676875407553186}, "garch_variance": 1.1573928944277741e-05, "prev_return": 0.0, "boundary_trend": -1, "trend_ou": 0.06992821639739291, "reversion_strength": {"s1": 0.008338960049529932, "m1": 0.001351140996985631, "m5": 0.013839264509730786, "h1": 0.04009322855887123, "d1": 0.05}}, "GOOG": {"p": 173.42364459334917, "d1_open": 175.76656301755804, "h1_open": 176.08648575624287, "m5_open": 174.69416460581544, "m1_open": 173.56859861596547, "band": {"m1": 0.003494292828243246, "m5": 0.008007206308018084, "h1": 0.016259793981029235, "d1": 0.04969309815942891}, "garch_variance": 7.48742980642478e-06, "prev_return": -0.0043236905677435334, "boundary_trend": 0, "trend_ou": 0.021217255771361597, "reversion_strength": {"s1": 0.0062823601171641975, "m1": 0.013292119646085305, "m5": 0.03312992683192555, "h1": 0.04623311401955329, "d1": 0.05}}, "AMZN": {"p": 170.7768610085799, "d1_open": 169.8941041712876, "h1_open": 171.4747272210238, "m5_open": 170.091166122583, "m1_open": 171.4784328506214, "band": {"m1": 0.004091312419752646, "m5": 0.00920868505948084, "h1": 0.019959389077469972, "d1": 0.06555180858149834}, "garch_variance": 1.4436187486104973e-05, "prev_return": -0.005143310262202858, "boundary_trend": 1, "trend_ou": 0.07777294313836455, "reversion_strength": {"s1": 0.002645480578274048, "m1": 0.009447304871809989, "m5": 0.011715152974709363, "h1": 0.04320287271163793, "d1": 0.05}}, "MSFT": {"p": 160.59689691640475, "d1_open": 164.41906387237157, "h1_open": 160.99657128302283, "m5_open": 161.38691588307134, "m1_open": 161.21866494266908, "band": {"m1": 0.0038566751962958125, "m5": 0.008736486755949683, "h1": 0.018505395383312112, "d1": 0.059319108961653905}, "garch_variance": 1.560775618327428e-05, "prev_return": -0.007713388635579285, "boundary_trend": 1, "trend_ou": 0.02152412739613587, "reversion_strength": {"s1": 0.00502554902391116, "m1": 0.0038098335627198736, "m5": 0.0032918974962767448, "h1": 0.046518504108642444, "d1": 0.05}}, "NVDA": {"p": 101.04649957610583, "d1_open": 97.6331941946038, "h1_open": 102.01551314508438, "m5_open": 101.6378473173216, "m1_open": 101.34097014249966, "band": {"m1": 0.003136719645578462, "m5": 0.0072876041589856186, "h1": 0.01404399401061149, "d1": 0.04019483438513322}, "garch_variance": 3.5167792114977488e-06, "prev_return": 0.00023167905160092358, "boundary_trend": 1, "trend_ou": 0.04331409687625629, "reversion_strength": {"s1": 0.0011925680738830492, "m1": 0.020956231791063703, "m5": 0.022867711633453934, "h1": 0.013888096527728985, "d1": 0.05}}}