{"AAPL": {"p": 88.36726160453837, "d1_open": 87.95021220263737, "h1_open": 88.46025421232386, "m5_open": 88.4830000993572, "m1_open": 88.48681977442848, "reversion_strength": {"s1": 0.008338960049529932, "m1": 0.001351140996985631, "m5": 0.013839264509730786, "h1": 0.04009322855887123, "d1": 0.05}, "garch_variance": 1.6618725965512758e-06, "prev_return": -0.0013520546110228153, "boundary_trend": 1}, "GOOG": {"p": 170.7244046389354, "d1_open": 175.76656301755804, "h1_open": 171.25338368742615, "m5_open": 171.75094645248745, "m1_open": 170.54646753727312, "reversion_strength": {"s1": 0.0062823601171641975, "m1": 0.013292119646085305, "m5": 0.03312992683192555, "h1": 0.04623311401955329, "d1": 0.05}, "garch_variance": 1.505109398725465e-06, "prev_return": 0.0010427911216206835, "boundary_trend": 0}, "AMZN": {"p": 167.59435287829794, "d1_open": 169.8941041712876, "h1_open": 168.5021874081404, "m5_open": 167.86744767928258, "m1_open": 167.53098941749323, "reversion_strength": {"s1": 0.002645480578274048, "m1": 0.009447304871809989, "m5": 0.011715152974709363, "h1": 0.04320287271163793, "d1": 0.05}, "garch_variance": 1.801681890886524e-06, "prev_return": 0.0003781478364226173, "boundary_trend": 0}, "MSFT": {"p": 164.2484261869826, "d1_open": 164.41906387237157, "h1_open": 164.11163536945244, "m5_open": 164.79090094120014, "m1_open": 164.25768389291775, "reversion_strength": {"s1": 0.00502554902391116, "m1": 0.0038098335627198736, "m5": 0.0032918974962767448, "h1": 0.046518504108642444, "d1": 0.05}, "garch_variance": 1.1110190456147638e-06, "prev_return": -5.63624581310472e-05, "boundary_trend": 1}, "NVDA": {"p": 97.3376756183665, "d1_open": 97.6331941946038, "h1_open": 97.10451824378742, "m5_open": 97.40711954719143, "m1_open": 97.31709298340118, "reversion_strength": {"s1": 0.0011925680738830492, "m1": 0.020956231791063703, "m5": 0.022867711633453934, "h1": 0.013888096527728985, "d1": 0.05}, "garch_variance": 1.2354642874814322e-06, "prev_return": 0.00021147835411253928, "boundary_trend": 0}}