{"AAPL": {"p": 55.257740993853744, "d1_open": 55.53712856805172, "h1_open": 55.05670946032792, "m5_open": 55.13858660747425, "m1_open": 55.136804639870824, "band": {"m1": 0.0021933870628308818, "m5": 0.005401645136362799, "h1": 0.012395149151877423, "d1": 0.041700098489282064}, "garch_variance": 2.9146544981971365e-06, "prev_return": 0.004386781160527586, "boundary_trend": -1, "trend_ou": 0.040900355368198776, "reversion_strength": {"s1": 0.008338960049529932, "m1": 0.001351140996985631, "m5": 0.013839264509730786, "h1": 0.04009322855887123, "d1": 0.05}}, "GOOG": {"p": 97.2478125834744, "d1_open": 100.24132710088554, "h1_open": 97.94485073564063, "m5_open": 97.26420208343438, "m1_open": 97.26356666453566, "band": {"m1": 0.002402557456531471, "m5": 0.005822592433638219, "h1": 0.013691330673992676, "d1": 0.04725631933989326}, "garch_variance": 5.6209558476957415e-06, "prev_return": -0.0013271901016350931, "boundary_trend": 0, "trend_ou": 0.13607967535438045, "reversion_strength": {"s1": 0.0062823601171641975, "m1": 0.013292119646085305, "m5": 0.03312992683192555, "h1": 0.04623311401955329, "d1": 0.05}}, "AMZN": {"p": 130.64561846498245, "d1_open": 136.62257042864903, "h1_open": 132.1599159210106, "m5_open": 130.33921835482468, "m1_open": 130.33314476828298, "band": {"m1": 0.0023974998627940684, "m5": 0.00581241422257875, "h1": 0.013659989911885724, "d1": 0.04712197380809729}, "garch_variance": 4.288606292389766e-06, "prev_return": 0.0, "boundary_trend": -1, "trend_ou": 0.07096909669851634, "reversion_strength": {"s1": 0.002645480578274048, "m1": 0.009447304871809989, "m5": 0.011715152974709363, "h1": 0.04320287271163793, "d1": 0.05}}, "MSFT": {"p": 151.6531081020477, "d1_open": 151.63091538707712, "h1_open": 153.24572122429387, "m5_open": 151.43998443251218, "m1_open": 151.505694116321, "band": {"m1": 0.0024876118410816035, "m5": 0.0059937610807128715, "h1": 0.014218393417808008, "d1": 0.04951563021325618}, "garch_variance": 4.895884408138062e-06, "prev_return": -0.0015120028684975668, "boundary_trend": -1, "trend_ou": -0.09324071798604935, "reversion_strength": {"s1": 0.00502554902391116, "m1": 0.0038098335627198736, "m5": 0.0032918974962767448, "h1": 0.046518504108642444, "d1": 0.05}}, "NVDA": {"p": 74.98625345139082, "d1_open": 75.76416089410631, "h1_open": 74.8079337476142, "m5_open": 74.8244090372693, "m1_open": 74.82210323592807, "band": {"m1": 0.0021938733123440827, "m5": 0.005402623694631786, "h1": 0.012398162329904186, "d1": 0.04171301479945411}, "garch_variance": 2.9417327617975767e-06, "prev_return": 0.004387753664233747, "boundary_trend": -1, "trend_ou": 0.04083483819064804, "reversion_strength": {"s1": 0.0011925680738830492, "m1": 0.020956231791063703, "m5": 0.022867711633453934, "h1": 0.013888096527728985, "d1": 0.05}}}