{"AAPL": {"p": 55.14980696375372, "d1_open": 55.53712856805172, "h1_open": 55.05670946032792, "m5_open": 55.13858660747425, "m1_open": 55.257740993853744, "band": {"m1": 0.0021987798372744196, "m5": 0.005412497885581565, "h1": 0.012428566952852903, "d1": 0.041843347470534725}, "garch_variance": 3.819526895435065e-06, "prev_return": -0.0021113119899308025, "boundary_trend": 0, "trend_ou": 0.03852205306468613, "reversion_strength": {"s1": 0.008338960049529932, "m1": 0.001351140996985631, "m5": 0.013839264509730786, "h1": 0.04009322855887123, "d1": 0.05}}, "GOOG": {"p": 97.09923733427284, "d1_open": 100.24132710088554, "h1_open": 97.94485073564063, "m5_open": 97.26420208343438, "m1_open": 97.2478125834744, "band": {"m1": 0.002408406076686129, "m5": 0.00583436255465457, "h1": 0.013727573247524327, "d1": 0.04741167701109948}, "garch_variance": 5.257813173877633e-06, "prev_return": 0.000882342251462871, "boundary_trend": 1, "trend_ou": 0.13886739626506608, "reversion_strength": {"s1": 0.0062823601171641975, "m1": 0.013292119646085305, "m5": 0.03312992683192555, "h1": 0.04623311401955329, "d1": 0.05}}, "AMZN": {"p": 130.8403893255706, "d1_open": 136.62257042864903, "h1_open": 132.1599159210106, "m5_open": 130.33921835482468, "m1_open": 130.64561846498245, "band": {"m1": 0.0023638035091117344, "m5": 0.005744601618893933, "h1": 0.013451181245262372, "d1": 0.04622689310567556}, "garch_variance": 3.873973537302994e-06, "prev_return": 0.0035079725864132147, "boundary_trend": 0, "trend_ou": 0.07317432590946195, "reversion_strength": {"s1": 0.002645480578274048, "m1": 0.009447304871809989, "m5": 0.011715152974709363, "h1": 0.04320287271163793, "d1": 0.05}}, "MSFT": {"p": 152.02622558673258, "d1_open": 151.63091538707712, "h1_open": 153.24572122429387, "m5_open": 151.43998443251218, "m1_open": 151.6531081020477, "band": {"m1": 0.0024603352305434863, "m5": 0.005938867960889756, "h1": 0.014049366444439826, "d1": 0.04879107799759785}, "garch_variance": 4.68271660008288e-06, "prev_return": 0.0032405373550052742, "boundary_trend": -1, "trend_ou": -0.09741142953050497, "reversion_strength": {"s1": 0.00502554902391116, "m1": 0.0038098335627198736, "m5": 0.0032918974962767448, "h1": 0.046518504108642444, "d1": 0.05}}, "NVDA": {"p": 74.86616467815547, "d1_open": 75.76416089410631, "h1_open": 74.8079337476142, "m5_open": 74.8244090372693, "m1_open": 74.98625345139082, "band": {"m1": 0.002199945300238331, "m5": 0.005414843334552871, "h1": 0.012435789062692663, "d1": 0.041874305817488786}, "garch_variance": 3.843867763461668e-06, "prev_return": -5.222664845907692e-05, "boundary_trend": 1, "trend_ou": 0.04282073440393, "reversion_strength": {"s1": 0.0011925680738830492, "m1": 0.020956231791063703, "m5": 0.022867711633453934, "h1": 0.013888096527728985, "d1": 0.05}}}