{"AAPL": {"p": 87.38339955986007, "d1_open": 87.95021220263737, "h1_open": 87.95021220263737, "m5_open": 87.33726535532767, "m1_open": 87.36387396945659, "reversion_strength": {"s1": 0.008338960049529932, "m1": 0.001351140996985631, "m5": 0.013839264509730786, "h1": 0.04009322855887123, "d1": 0.05}, "garch_variance": 1.135680643570823e-06, "prev_return": 0.00022347233339196798, "boundary_trend": 0}, "GOOG": {"p": 178.8752813913743, "d1_open": 175.76656301755804, "h1_open": 175.76656301755804, "m5_open": 179.92036181934276, "m1_open": 179.01322545801386, "reversion_strength": {"s1": 0.0062823601171641975, "m1": 0.013292119646085305, "m5": 0.03312992683192555, "h1": 0.04623311401955329, "d1": 0.05}, "garch_variance": 1.4080189767489854e-06, "prev_return": -0.0007708773589018409, "boundary_trend": 0}, "AMZN": {"p": 168.71797906070222, "d1_open": 169.8941041712876, "h1_open": 169.8941041712876, "m5_open": 170.50115327140887, "m1_open": 168.6977695737187, "reversion_strength": {"s1": 0.002645480578274048, "m1": 0.009447304871809989, "m5": 0.011715152974709363, "h1": 0.04320287271163793, "d1": 0.05}, "garch_variance": 1.1776323690786595e-06, "prev_return": 0.00011978982658331034, "boundary_trend": 1}, "MSFT": {"p": 163.91822173808325, "d1_open": 164.41906387237157, "h1_open": 164.41906387237157, "m5_open": 163.73045888798322, "m1_open": 164.03923588345066, "reversion_strength": {"s1": 0.00502554902391116, "m1": 0.0038098335627198736, "m5": 0.0032918974962767448, "h1": 0.046518504108642444, "d1": 0.05}, "garch_variance": 1.2673709184113985e-06, "prev_return": -0.0007379868824287545, "boundary_trend": -1}, "NVDA": {"p": 97.56026666560665, "d1_open": 97.6331941946038, "h1_open": 97.6331941946038, "m5_open": 96.35254174746721, "m1_open": 97.55974185673931, "reversion_strength": {"s1": 0.0011925680738830492, "m1": 0.020956231791063703, "m5": 0.022867711633453934, "h1": 0.013888096527728985, "d1": 0.05}, "garch_variance": 1.1399605667210143e-06, "prev_return": 5.379344448724067e-06, "boundary_trend": 0}}