{"AAPL": {"p": 88.46441657062499, "d1_open": 87.95021220263737, "h1_open": 88.46025421232386, "m5_open": 88.74649554727908, "m1_open": 88.58410618817716, "reversion_strength": {"s1": 0.008338960049529932, "m1": 0.001351140996985631, "m5": 0.013839264509730786, "h1": 0.04009322855887123, "d1": 0.05}, "garch_variance": 1.1042519538131947e-06, "prev_return": -0.001352054611022704, "boundary_trend": 1}, "GOOG": {"p": 174.12093799519124, "d1_open": 175.76656301755804, "h1_open": 171.25338368742615, "m5_open": 175.2936996533437, "m1_open": 173.88233826365155, "reversion_strength": {"s1": 0.0062823601171641975, "m1": 0.013292119646085305, "m5": 0.03312992683192555, "h1": 0.04623311401955329, "d1": 0.05}, "garch_variance": 1.9838700654690122e-06, "prev_return": 0.0013712501301243758, "boundary_trend": 0}, "AMZN": {"p": 167.29531246113936, "d1_open": 169.8941041712876, "h1_open": 168.5021874081404, "m5_open": 166.16557762513477, "m1_open": 167.06682760577456, "reversion_strength": {"s1": 0.002645480578274048, "m1": 0.009447304871809989, "m5": 0.011715152974709363, "h1": 0.04320287271163793, "d1": 0.05}, "garch_variance": 1.3826896961348176e-06, "prev_return": 0.0013666911623642236, "boundary_trend": 0}, "MSFT": {"p": 165.18939318559174, "d1_open": 164.41906387237157, "h1_open": 164.11163536945244, "m5_open": 164.77359628540833, "m1_open": 165.06916667273936, "reversion_strength": {"s1": 0.00502554902391116, "m1": 0.0038098335627198736, "m5": 0.0032918974962767448, "h1": 0.046518504108642444, "d1": 0.05}, "garch_variance": 1.3524880749417824e-06, "prev_return": 0.000728075107060893, "boundary_trend": 0}, "NVDA": {"p": 96.84506468088956, "d1_open": 97.6331941946038, "h1_open": 97.10451824378742, "m5_open": 96.43513954360233, "m1_open": 96.81280206769128, "reversion_strength": {"s1": 0.0011925680738830492, "m1": 0.020956231791063703, "m5": 0.022867711633453934, "h1": 0.013888096527728985, "d1": 0.05}, "garch_variance": 1.2486429556679434e-06, "prev_return": 0.00033319187119454987, "boundary_trend": 0}}