{"AAPL": {"p": 83.9167249158196, "d1_open": 81.94143766685488, "h1_open": 83.16511765564458, "m5_open": 83.58864617814717, "m1_open": 83.75344191749755, "band": {"m1": 0.001949567618760018, "m5": 0.004910967970302005, "h1": 0.010884255317688614, "d1": 0.03522349032804235}, "garch_variance": 3.3735997651363533e-06, "prev_return": 0.003899140177493723, "boundary_trend": -1, "trend_ou": -0.15071659549615576, "reversion_strength": {"s1": 0.008338960049529932, "m1": 0.001351140996985631, "m5": 0.013839264509730786, "h1": 0.04009322855887123, "d1": 0.05}}, "GOOG": {"p": 151.45187601757928, "d1_open": 151.7016903651911, "h1_open": 152.3937591816353, "m5_open": 151.3456365239431, "m1_open": 151.68213566942055, "band": {"m1": 0.002190870697605702, "m5": 0.005396581049033052, "h1": 0.01237955580690127, "d1": 0.04163325594677622}, "garch_variance": 5.472273325996438e-06, "prev_return": 0.0006740800982760948, "boundary_trend": 1, "trend_ou": -0.07871812762351846, "reversion_strength": {"s1": 0.0062823601171641975, "m1": 0.013292119646085305, "m5": 0.03312992683192555, "h1": 0.04623311401955329, "d1": 0.05}}, "AMZN": {"p": 170.13288010455818, "d1_open": 165.13593115049974, "h1_open": 168.6793807914225, "m5_open": 170.40640269154596, "m1_open": 169.79609991804332, "band": {"m1": 0.0019834388815609, "m5": 0.004979132571797883, "h1": 0.011094147856477143, "d1": 0.036123217164528494}, "garch_variance": 3.279440024985421e-06, "prev_return": 0.0, "boundary_trend": -1, "trend_ou": 0.02576451358762388, "reversion_strength": {"s1": 0.002645480578274048, "m1": 0.009447304871809989, "m5": 0.011715152974709363, "h1": 0.04320287271163793, "d1": 0.05}}, "MSFT": {"p": 160.3854980625347, "d1_open": 158.81978513575737, "h1_open": 159.9210688610481, "m5_open": 160.96181329992777, "m1_open": 160.67366207800998, "band": {"m1": 0.0017934738758576159, "m5": 0.004596835372309072, "h1": 0.009916977770955519, "d1": 0.031077151577034758}, "garch_variance": 3.0040590189100234e-06, "prev_return": 0.0, "boundary_trend": 1, "trend_ou": 0.13150495582119046, "reversion_strength": {"s1": 0.00502554902391116, "m1": 0.0038098335627198736, "m5": 0.0032918974962767448, "h1": 0.046518504108642444, "d1": 0.05}}, "NVDA": {"p": 99.9412973066542, "d1_open": 100.31090827320226, "h1_open": 98.94100541546996, "m5_open": 99.63721065145782, "m1_open": 99.81701673456757, "band": {"m1": 0.0018246199745177909, "m5": 0.004659515686763332, "h1": 0.010109983085211823, "d1": 0.03190448951778832}, "garch_variance": 3.1365655071931126e-06, "prev_return": 0.0, "boundary_trend": -1, "trend_ou": -0.06262534812106602, "reversion_strength": {"s1": 0.0011925680738830492, "m1": 0.020956231791063703, "m5": 0.022867711633453934, "h1": 0.013888096527728985, "d1": 0.05}}}