{"AAPL": {"p": 58.250180738188604, "d1_open": 58.881026803928506, "h1_open": 58.18002329517424, "m5_open": 58.51855199985677, "m1_open": 58.35645036194068, "band": {"m1": 0.0018210433138575663, "m5": 0.004652317796031492, "h1": 0.010087819329736488, "d1": 0.03180948220731613}, "garch_variance": 3.5998135286045373e-06, "prev_return": -0.003642090653684161, "boundary_trend": 1, "trend_ou": -0.17749341029531643, "reversion_strength": {"s1": 0.008338960049529932, "m1": 0.001351140996985631, "m5": 0.013839264509730786, "h1": 0.04009322855887123, "d1": 0.05}}, "GOOG": {"p": 117.81320712481424, "d1_open": 119.02146768303125, "h1_open": 117.8132584785911, "m5_open": 117.82879068469468, "m1_open": 117.82592980811826, "band": {"m1": 0.0019163350352788412, "m5": 0.004844088686143341, "h1": 0.010678320529890142, "d1": 0.03434072881485181}, "garch_variance": 2.951388251779813e-06, "prev_return": 0.0018101890873371371, "boundary_trend": 1, "trend_ou": -0.1528973413418571, "reversion_strength": {"s1": 0.0062823601171641975, "m1": 0.013292119646085305, "m5": 0.03312992683192555, "h1": 0.04623311401955329, "d1": 0.05}}, "AMZN": {"p": 156.10257710060563, "d1_open": 158.98498094367304, "h1_open": 156.39399479459698, "m5_open": 156.01598994934983, "m1_open": 156.37331781112633, "band": {"m1": 0.0017313740880507073, "m5": 0.004471861960076968, "h1": 0.009532159460588841, "d1": 0.02942758669489769}, "garch_variance": 2.15574957201394e-06, "prev_return": -0.003462751636150492, "boundary_trend": 1, "trend_ou": 0.09501791933246534, "reversion_strength": {"s1": 0.002645480578274048, "m1": 0.009447304871809989, "m5": 0.011715152974709363, "h1": 0.04320287271163793, "d1": 0.05}}, "MSFT": {"p": 133.31453607511037, "d1_open": 137.08846618531726, "h1_open": 133.29083440032448, "m5_open": 133.5689667792177, "m1_open": 133.5722252706728, "band": {"m1": 0.0019292124170293488, "m5": 0.004870003917013057, "h1": 0.010758118745990095, "d1": 0.03468279241055298}, "garch_variance": 4.903821217119804e-06, "prev_return": 0.0, "boundary_trend": 1, "trend_ou": 0.007034126167587838, "reversion_strength": {"s1": 0.00502554902391116, "m1": 0.0038098335627198736, "m5": 0.0032918974962767448, "h1": 0.046518504108642444, "d1": 0.05}}, "NVDA": {"p": 77.51981675246644, "d1_open": 77.58920212535816, "h1_open": 77.08644892077346, "m5_open": 77.29050824109868, "m1_open": 77.38018812512583, "band": {"m1": 0.001804449313496603, "m5": 0.004618923014488299, "h1": 0.009984990070464533, "d1": 0.031368693579588006}, "garch_variance": 3.122788061112843e-06, "prev_return": 0.0036089025439034203, "boundary_trend": -1, "trend_ou": 0.25466940333092747, "reversion_strength": {"s1": 0.0011925680738830492, "m1": 0.020956231791063703, "m5": 0.022867711633453934, "h1": 0.013888096527728985, "d1": 0.05}}}