{"AAPL": {"p": 58.800347156891874, "d1_open": 58.881026803928506, "h1_open": 58.18002329517424, "m5_open": 58.70070751042904, "m1_open": 58.80329191451611, "band": {"m1": 0.0019137247681889175, "m5": 0.004838835624956092, "h1": 0.010662145296340656, "d1": 0.0342713919446853}, "garch_variance": 3.07971987211377e-06, "prev_return": 0.0, "boundary_trend": -1, "trend_ou": -0.17654894803280827, "reversion_strength": {"s1": 0.008338960049529932, "m1": 0.001351140996985631, "m5": 0.013839264509730786, "h1": 0.04009322855887123, "d1": 0.05}}, "GOOG": {"p": 117.37929056258231, "d1_open": 119.02146768303125, "h1_open": 117.8132584785911, "m5_open": 117.53485842152293, "m1_open": 117.12328953375822, "band": {"m1": 0.0021857397435059633, "m5": 0.005386255203092249, "h1": 0.01234776044725576, "d1": 0.04149696173396661}, "garch_variance": 5.078771236012786e-06, "prev_return": 0.0, "boundary_trend": -1, "trend_ou": -0.14512763798855272, "reversion_strength": {"s1": 0.0062823601171641975, "m1": 0.013292119646085305, "m5": 0.03312992683192555, "h1": 0.04623311401955329, "d1": 0.05}}, "AMZN": {"p": 156.29710780728846, "d1_open": 158.98498094367304, "h1_open": 156.39399479459698, "m5_open": 155.57506190724217, "m1_open": 156.1150261702083, "band": {"m1": 0.0018154898439298741, "m5": 0.004641141653389104, "h1": 0.010053405735266701, "d1": 0.03166196465065057}, "garch_variance": 2.291529249326485e-06, "prev_return": 0.00041648950676063555, "boundary_trend": -1, "trend_ou": 0.09719775039510706, "reversion_strength": {"s1": 0.002645480578274048, "m1": 0.009447304871809989, "m5": 0.011715152974709363, "h1": 0.04320287271163793, "d1": 0.05}}, "MSFT": {"p": 133.81900742298512, "d1_open": 137.08846618531726, "h1_open": 133.29083440032448, "m5_open": 133.55293932181672, "m1_open": 133.55453784983723, "band": {"m1": 0.0019802365191458234, "m5": 0.004972687941754051, "h1": 0.011074303542393764, "d1": 0.03603815238787884}, "garch_variance": 3.730577749933809e-06, "prev_return": 0.0, "boundary_trend": -1, "trend_ou": 0.021652143952788985, "reversion_strength": {"s1": 0.00502554902391116, "m1": 0.0038098335627198736, "m5": 0.0032918974962767448, "h1": 0.046518504108642444, "d1": 0.05}}, "NVDA": {"p": 77.20825934793878, "d1_open": 77.58920212535816, "h1_open": 77.08644892077346, "m5_open": 77.07051393030584, "m1_open": 77.34857975606563, "band": {"m1": 0.0018141303766582159, "m5": 0.004638405778279751, "h1": 0.010044981424702148, "d1": 0.03162585294159425}, "garch_variance": 2.9082736585436182e-06, "prev_return": 0.0, "boundary_trend": 1, "trend_ou": 0.25180297698628384, "reversion_strength": {"s1": 0.0011925680738830492, "m1": 0.020956231791063703, "m5": 0.022867711633453934, "h1": 0.013888096527728985, "d1": 0.05}}}