{"AAPL": {"p": 58.35769147389666, "d1_open": 58.881026803928506, "h1_open": 57.935104588267784, "m5_open": 58.10992051533566, "m1_open": 58.28861541838293, "band": {"m1": 0.0016280033404055332, "m5": 0.004263832343319341, "h1": 0.008891594366005211, "d1": 0.026681735844554497}, "garch_variance": 2.3746863146919226e-06, "prev_return": 0.0, "boundary_trend": -1, "trend_ou": -0.178908400294572, "reversion_strength": {"s1": 0.008338960049529932, "m1": 0.001351140996985631, "m5": 0.013839264509730786, "h1": 0.04009322855887123, "d1": 0.05}}, "GOOG": {"p": 116.22935380981039, "d1_open": 119.02146768303125, "h1_open": 116.09550753836272, "m5_open": 116.3888914266636, "m1_open": 116.35153444788418, "band": {"m1": 0.00150667630658405, "m5": 0.004019666397699415, "h1": 0.008139758235708656, "d1": 0.023458909788077877}, "garch_variance": 1.5001671217377785e-06, "prev_return": -0.0025561932185864753, "boundary_trend": 1, "trend_ou": -0.12508220623104818, "reversion_strength": {"s1": 0.0062823601171641975, "m1": 0.013292119646085305, "m5": 0.03312992683192555, "h1": 0.04623311401955329, "d1": 0.05}}, "AMZN": {"p": 156.48977082083442, "d1_open": 158.98498094367304, "h1_open": 156.28356493298796, "m5_open": 155.8783458704862, "m1_open": 156.18364139068402, "band": {"m1": 0.0019600607811714327, "m5": 0.004932085052307786, "h1": 0.010949279066918146, "d1": 0.03550222158989868}, "garch_variance": 5.552130333668298e-06, "prev_return": 0.003920126582511837, "boundary_trend": -1, "trend_ou": 0.06553395025391724, "reversion_strength": {"s1": 0.002645480578274048, "m1": 0.009447304871809989, "m5": 0.011715152974709363, "h1": 0.04320287271163793, "d1": 0.05}}, "MSFT": {"p": 133.88963165684368, "d1_open": 137.08846618531726, "h1_open": 133.73171007353216, "m5_open": 133.94590238791469, "m1_open": 134.13652834812396, "band": {"m1": 0.0018406372546001509, "m5": 0.004691749841134262, "h1": 0.010209238539628655, "d1": 0.03232995864842962}, "garch_variance": 5.943809478807787e-06, "prev_return": 0.0, "boundary_trend": 1, "trend_ou": -0.04303631514526877, "reversion_strength": {"s1": 0.00502554902391116, "m1": 0.0038098335627198736, "m5": 0.0032918974962767448, "h1": 0.046518504108642444, "d1": 0.05}}, "NVDA": {"p": 77.56884370205677, "d1_open": 77.58920212535816, "h1_open": 77.45406808949511, "m5_open": 77.57589801194331, "m1_open": 77.44662717042677, "band": {"m1": 0.0015780742957476185, "m5": 0.004163352079203294, "h1": 0.008582195392481772, "d1": 0.025355464023426207}, "garch_variance": 2.0568746661276237e-06, "prev_return": 0.0, "boundary_trend": -1, "trend_ou": 0.2293179727488465, "reversion_strength": {"s1": 0.0011925680738830492, "m1": 0.020956231791063703, "m5": 0.022867711633453934, "h1": 0.013888096527728985, "d1": 0.05}}}