{"AAPL": {"p": 89.08952343138178, "d1_open": 87.95021220263737, "h1_open": 88.46025421232386, "m5_open": 89.1990608931945, "m1_open": 89.15775943402646, "reversion_strength": {"s1": 0.008338960049529932, "m1": 0.001351140996985631, "m5": 0.013839264509730786, "h1": 0.04009322855887123, "d1": 0.05}, "garch_variance": 1.5510959316256116e-06, "prev_return": -0.0007656330562918558, "boundary_trend": 0}, "GOOG": {"p": 177.51693156283633, "d1_open": 175.76656301755804, "h1_open": 171.25338368742615, "m5_open": 175.95488826925583, "m1_open": 177.78967342640752, "reversion_strength": {"s1": 0.0062823601171641975, "m1": 0.013292119646085305, "m5": 0.03312992683192555, "h1": 0.04623311401955329, "d1": 0.05}, "garch_variance": 1.4461136620863531e-06, "prev_return": -0.0015352482239962162, "boundary_trend": 0}, "AMZN": {"p": 162.1039432892399, "d1_open": 169.8941041712876, "h1_open": 168.5021874081404, "m5_open": 164.00823410459716, "m1_open": 162.16802513553844, "reversion_strength": {"s1": 0.002645480578274048, "m1": 0.009447304871809989, "m5": 0.011715152974709363, "h1": 0.04320287271163793, "d1": 0.05}, "garch_variance": 1.1079042497592533e-06, "prev_return": -0.00039523519374191516, "boundary_trend": 1}, "MSFT": {"p": 164.75530831453872, "d1_open": 164.41906387237157, "h1_open": 164.11163536945244, "m5_open": 164.8782666664081, "m1_open": 164.7804615798952, "reversion_strength": {"s1": 0.00502554902391116, "m1": 0.0038098335627198736, "m5": 0.0032918974962767448, "h1": 0.046518504108642444, "d1": 0.05}, "garch_variance": 2.2516368258200404e-06, "prev_return": -0.00015265878671299034, "boundary_trend": 1}, "NVDA": {"p": 97.0654978171198, "d1_open": 97.6331941946038, "h1_open": 97.10451824378742, "m5_open": 96.05624288450326, "m1_open": 97.00251924883648, "reversion_strength": {"s1": 0.0011925680738830492, "m1": 0.020956231791063703, "m5": 0.022867711633453934, "h1": 0.013888096527728985, "d1": 0.05}, "garch_variance": 1.15553409323171e-06, "prev_return": 0.000649036059071162, "boundary_trend": 0}}