{"AAPL": {"p": 90.3257463059189, "d1_open": 87.95021220263737, "h1_open": 89.92327454616381, "m5_open": 90.30457706023275, "m1_open": 90.30457706023275, "reversion_strength": {"s1": 0.008338960049529932, "m1": 0.001351140996985631, "m5": 0.013839264509730786, "h1": 0.04009322855887123, "d1": 0.05}, "garch_variance": 1.2778596908912305e-06, "prev_return": 0.00023439304529355656, "boundary_trend": -1}, "GOOG": {"p": 176.6403815168271, "d1_open": 175.76656301755804, "h1_open": 183.39762262224193, "m5_open": 176.8991612351268, "m1_open": 176.8991612351268, "reversion_strength": {"s1": 0.0062823601171641975, "m1": 0.013292119646085305, "m5": 0.03312992683192555, "h1": 0.04623311401955329, "d1": 0.05}, "garch_variance": 3.794820157032888e-06, "prev_return": -0.0014639367494877847, "boundary_trend": 1}, "AMZN": {"p": 168.64211022432661, "d1_open": 169.8941041712876, "h1_open": 168.9436681978484, "m5_open": 168.5484536614515, "m1_open": 168.5484536614515, "reversion_strength": {"s1": 0.002645480578274048, "m1": 0.009447304871809989, "m5": 0.011715152974709363, "h1": 0.04320287271163793, "d1": 0.05}, "garch_variance": 3.6407943303423897e-06, "prev_return": 0.0005555111875273106, "boundary_trend": 0}, "MSFT": {"p": 161.826801330924, "d1_open": 164.41906387237157, "h1_open": 162.58297699275926, "m5_open": 161.8878535713971, "m1_open": 161.8878535713971, "reversion_strength": {"s1": 0.00502554902391116, "m1": 0.0038098335627198736, "m5": 0.0032918974962767448, "h1": 0.046518504108642444, "d1": 0.05}, "garch_variance": 1.7491803175187494e-06, "prev_return": -0.00037719788259428597, "boundary_trend": 1}, "NVDA": {"p": 97.04495354991029, "d1_open": 97.6331941946038, "h1_open": 98.32781845318762, "m5_open": 96.98462954042147, "m1_open": 96.98462954042147, "reversion_strength": {"s1": 0.0011925680738830492, "m1": 0.020956231791063703, "m5": 0.022867711633453934, "h1": 0.013888096527728985, "d1": 0.05}, "garch_variance": 1.3860339166870087e-06, "prev_return": 0.000621802206361207, "boundary_trend": 0}}