{"AAPL": {"p": 88.96250073981686, "d1_open": 87.95021220263737, "h1_open": 90.36175952352136, "m5_open": 89.7039705115156, "m1_open": 89.06698224084805, "band": {"m1": 0.003622759665219838, "m5": 0.008265740830318726, "h1": 0.017055873853269694, "d1": 0.05310557975203491}, "garch_variance": 8.345366571329969e-06, "prev_return": 0.0, "boundary_trend": 1, "trend_ou": 0.06655854454689128, "reversion_strength": {"s1": 0.008338960049529932, "m1": 0.001351140996985631, "m5": 0.013839264509730786, "h1": 0.04009322855887123, "d1": 0.05}}, "GOOG": {"p": 177.99958955721252, "d1_open": 175.76656301755804, "h1_open": 175.77288560235982, "m5_open": 176.4420083629544, "m1_open": 177.2177676738615, "band": {"m1": 0.0044116450264165274, "m5": 0.00985334199499997, "h1": 0.02194441763884025, "d1": 0.07406084600686257}, "garch_variance": 1.886834374921635e-05, "prev_return": 0.007661381463511348, "boundary_trend": -1, "trend_ou": -0.014088352282252718, "reversion_strength": {"s1": 0.0062823601171641975, "m1": 0.013292119646085305, "m5": 0.03312992683192555, "h1": 0.04623311401955329, "d1": 0.05}}, "AMZN": {"p": 169.17648136889167, "d1_open": 169.8941041712876, "h1_open": 168.9021703391811, "m5_open": 170.2038936340742, "m1_open": 168.76087583974353, "band": {"m1": 0.0036917970501981713, "m5": 0.008404675887539063, "h1": 0.017483682880928563, "d1": 0.05493942894599569}, "garch_variance": 6.700425663382073e-06, "prev_return": -0.0012253376809716707, "boundary_trend": -1, "trend_ou": 0.06289389830519726, "reversion_strength": {"s1": 0.002645480578274048, "m1": 0.009447304871809989, "m5": 0.011715152974709363, "h1": 0.04320287271163793, "d1": 0.05}}, "MSFT": {"p": 160.29658050676196, "d1_open": 164.41906387237157, "h1_open": 160.00715142749434, "m5_open": 160.3151046511867, "m1_open": 160.8594659208148, "band": {"m1": 0.0034992371187526645, "m5": 0.008017156500729695, "h1": 0.016290432628712097, "d1": 0.049824434002584767}, "garch_variance": 9.823514978318729e-06, "prev_return": 0.0, "boundary_trend": 1, "trend_ou": 0.004949110629179286, "reversion_strength": {"s1": 0.00502554902391116, "m1": 0.0038098335627198736, "m5": 0.0032918974962767448, "h1": 0.046518504108642444, "d1": 0.05}}, "NVDA": {"p": 102.28601112334258, "d1_open": 97.6331941946038, "h1_open": 100.4340456706556, "m5_open": 101.82829056094205, "m1_open": 102.18503319888084, "band": {"m1": 0.003846060442938612, "m5": 0.008715124976885699, "h1": 0.018439618162549652, "d1": 0.05903714786341265}, "garch_variance": 9.632445583827714e-06, "prev_return": 0.0015972435161352128, "boundary_trend": -1, "trend_ou": 0.03775138708650386, "reversion_strength": {"s1": 0.0011925680738830492, "m1": 0.020956231791063703, "m5": 0.022867711633453934, "h1": 0.013888096527728985, "d1": 0.05}}}