{"AAPL": {"p": 89.06698224084805, "d1_open": 87.95021220263737, "h1_open": 90.36175952352136, "m5_open": 89.7039705115156, "m1_open": 89.38852954491205, "band": {"m1": 0.003597187532908677, "m5": 0.008214277906759089, "h1": 0.01689740914516067, "d1": 0.05242630381709909}, "garch_variance": 8.178763966479522e-06, "prev_return": -0.0029552978992931638, "boundary_trend": 1, "trend_ou": 0.06797477736013195, "reversion_strength": {"s1": 0.008338960049529932, "m1": 0.001351140996985631, "m5": 0.013839264509730786, "h1": 0.04009322855887123, "d1": 0.05}}, "GOOG": {"p": 177.2177676738615, "d1_open": 175.76656301755804, "h1_open": 175.77288560235982, "m5_open": 176.4420083629544, "m1_open": 176.44738200281537, "band": {"m1": 0.004366092952480419, "m5": 0.009761670214546459, "h1": 0.02166214176085664, "d1": 0.07285084023828964}, "garch_variance": 1.6128660642478337e-05, "prev_return": 0.008732241392139262, "boundary_trend": -1, "trend_ou": -0.012358062079888139, "reversion_strength": {"s1": 0.0062823601171641975, "m1": 0.013292119646085305, "m5": 0.03312992683192555, "h1": 0.04623311401955329, "d1": 0.05}}, "AMZN": {"p": 168.76087583974353, "d1_open": 169.8941041712876, "h1_open": 168.9021703391811, "m5_open": 170.2038936340742, "m1_open": 169.21390584879973, "band": {"m1": 0.003728317296517149, "m5": 0.008478171465530907, "h1": 0.017709990570197034, "d1": 0.055909521082253825}, "garch_variance": 7.335802439038498e-06, "prev_return": -0.0010989370509276787, "boundary_trend": 1, "trend_ou": 0.06227783344861751, "reversion_strength": {"s1": 0.002645480578274048, "m1": 0.009447304871809989, "m5": 0.011715152974709363, "h1": 0.04320287271163793, "d1": 0.05}}, "MSFT": {"p": 160.8594659208148, "d1_open": 164.41906387237157, "h1_open": 160.00715142749434, "m5_open": 160.3151046511867, "m1_open": 160.3134147779346, "band": {"m1": 0.0034061475369145445, "m5": 0.007829817331041336, "h1": 0.015713577588448976, "d1": 0.047351683120239504}, "garch_variance": 7.885285899224813e-06, "prev_return": 0.006812321419067187, "boundary_trend": -1, "trend_ou": 0.005635766160733923, "reversion_strength": {"s1": 0.00502554902391116, "m1": 0.0038098335627198736, "m5": 0.0032918974962767448, "h1": 0.046518504108642444, "d1": 0.05}}, "NVDA": {"p": 102.18503319888084, "d1_open": 97.6331941946038, "h1_open": 100.4340456706556, "m5_open": 101.82829056094205, "m1_open": 101.79371277949322, "band": {"m1": 0.003844249401093213, "m5": 0.00871148032547693, "h1": 0.018428395546699228, "d1": 0.05898904091919023}, "garch_variance": 1.0832324527076946e-05, "prev_return": 0.0, "boundary_trend": -1, "trend_ou": 0.037697573127331664, "reversion_strength": {"s1": 0.0011925680738830492, "m1": 0.020956231791063703, "m5": 0.022867711633453934, "h1": 0.013888096527728985, "d1": 0.05}}}