{"AAPL": {"p": 88.962335514306, "d1_open": 87.95021220263737, "h1_open": 90.36175952352136, "m5_open": 89.7039705115156, "m1_open": 88.96250073981686, "band": {"m1": 0.003623674911400746, "m5": 0.008267582727727717, "h1": 0.01706154542641583, "d1": 0.053129891557467}, "garch_variance": 7.443922582770373e-06, "prev_return": -0.0008158452415559504, "boundary_trend": 1, "trend_ou": 0.0700871124996086, "reversion_strength": {"s1": 0.008338960049529932, "m1": 0.001351140996985631, "m5": 0.013839264509730786, "h1": 0.04009322855887123, "d1": 0.05}}, "GOOG": {"p": 178.19978304755804, "d1_open": 175.76656301755804, "h1_open": 175.77288560235982, "m5_open": 176.4420083629544, "m1_open": 177.99958955721252, "band": {"m1": 0.004465804900540072, "m5": 0.009962336639173737, "h1": 0.02228003410366133, "d1": 0.07549950191101724}, "garch_variance": 2.0225948455076505e-05, "prev_return": 0.0, "boundary_trend": -1, "trend_ou": -0.011691646250598759, "reversion_strength": {"s1": 0.0062823601171641975, "m1": 0.013292119646085305, "m5": 0.03312992683192555, "h1": 0.04623311401955329, "d1": 0.05}}, "AMZN": {"p": 169.7939597233739, "d1_open": 169.8941041712876, "h1_open": 168.9021703391811, "m5_open": 170.2038936340742, "m1_open": 169.17648136889167, "band": {"m1": 0.0036499065915420255, "m5": 0.008320372965691656, "h1": 0.017224097202944176, "d1": 0.05382668714870238}, "garch_variance": 6.1765488756653076e-06, "prev_return": 0.0, "boundary_trend": -1, "trend_ou": 0.0613003248808691, "reversion_strength": {"s1": 0.002645480578274048, "m1": 0.009447304871809989, "m5": 0.011715152974709363, "h1": 0.04320287271163793, "d1": 0.05}}, "MSFT": {"p": 159.7271831574236, "d1_open": 164.41906387237157, "h1_open": 160.00715142749434, "m5_open": 160.3151046511867, "m1_open": 160.29658050676196, "band": {"m1": 0.003552149069794462, "m5": 0.008123639748146136, "h1": 0.016618315997032455, "d1": 0.05122994116076212}, "garch_variance": 8.744693180920483e-06, "prev_return": 0.0, "boundary_trend": 1, "trend_ou": 0.0024031703983209488, "reversion_strength": {"s1": 0.00502554902391116, "m1": 0.0038098335627198736, "m5": 0.0032918974962767448, "h1": 0.046518504108642444, "d1": 0.05}}, "NVDA": {"p": 102.27558224212207, "d1_open": 97.6331941946038, "h1_open": 100.4340456706556, "m5_open": 101.82829056094205, "m1_open": 102.28601112334258, "band": {"m1": 0.0038293036404117697, "m5": 0.008681402562303694, "h1": 0.018335780055154217, "d1": 0.058592034700206165}, "garch_variance": 8.729623324758547e-06, "prev_return": 0.0, "boundary_trend": -1, "trend_ou": 0.038813850637655134, "reversion_strength": {"s1": 0.0011925680738830492, "m1": 0.020956231791063703, "m5": 0.022867711633453934, "h1": 0.013888096527728985, "d1": 0.05}}}