{"AAPL": {"p": 58.06760777946594, "d1_open": 58.881026803928506, "h1_open": 57.95099828715578, "m5_open": 57.8043474708804, "m1_open": 58.01240640694667, "band": {"m1": 0.0017723548046905432, "m5": 0.004554334061432966, "h1": 0.00978610767348761, "d1": 0.030516162894611582}, "garch_variance": 2.9994261835450172e-06, "prev_return": 0.0, "boundary_trend": -1, "trend_ou": -0.1923805126238084, "reversion_strength": {"s1": 0.008338960049529932, "m1": 0.001351140996985631, "m5": 0.013839264509730786, "h1": 0.04009322855887123, "d1": 0.05}}, "GOOG": {"p": 116.28318749453915, "d1_open": 119.02146768303125, "h1_open": 116.73471203161151, "m5_open": 116.6080033221347, "m1_open": 116.47004668629906, "band": {"m1": 0.0016043540556241608, "m5": 0.0042162390757679805, "h1": 0.008745045108232456, "d1": 0.026053536763032507}, "garch_variance": 3.0318821367496328e-06, "prev_return": 0.0, "boundary_trend": 1, "trend_ou": -0.11077721420349254, "reversion_strength": {"s1": 0.0062823601171641975, "m1": 0.013292119646085305, "m5": 0.03312992683192555, "h1": 0.04623311401955329, "d1": 0.05}}, "AMZN": {"p": 156.67397767554195, "d1_open": 158.98498094367304, "h1_open": 155.272478808972, "m5_open": 156.60703738012538, "m1_open": 156.61028682017135, "band": {"m1": 0.0018494650308946343, "m5": 0.004709515398230425, "h1": 0.010263942268544778, "d1": 0.032564452038455684}, "garch_variance": 4.765364032159122e-06, "prev_return": -0.0006260147380758867, "boundary_trend": -1, "trend_ou": 0.07061782057554797, "reversion_strength": {"s1": 0.002645480578274048, "m1": 0.009447304871809989, "m5": 0.011715152974709363, "h1": 0.04320287271163793, "d1": 0.05}}, "MSFT": {"p": 133.6837640603729, "d1_open": 137.08846618531726, "h1_open": 133.13886604045118, "m5_open": 133.11544389482313, "m1_open": 133.68658793482166, "band": {"m1": 0.0016307590662769202, "m5": 0.00426937813465754, "h1": 0.008908670974655763, "d1": 0.026754936555583832}, "garch_variance": 2.008847721982397e-06, "prev_return": 0.0016109668834800213, "boundary_trend": -1, "trend_ou": -0.040291686763365794, "reversion_strength": {"s1": 0.00502554902391116, "m1": 0.0038098335627198736, "m5": 0.0032918974962767448, "h1": 0.046518504108642444, "d1": 0.05}}, "NVDA": {"p": 77.47707182694458, "d1_open": 77.58920212535816, "h1_open": 77.04681052606045, "m5_open": 77.26061216455734, "m1_open": 77.35582626235832, "band": {"m1": 0.001567374694894241, "m5": 0.004141819547847053, "h1": 0.008515892391015856, "d1": 0.02507124910991483}, "garch_variance": 1.7442246947818326e-06, "prev_return": 0.0, "boundary_trend": -1, "trend_ou": 0.23179220910022305, "reversion_strength": {"s1": 0.0011925680738830492, "m1": 0.020956231791063703, "m5": 0.022867711633453934, "h1": 0.013888096527728985, "d1": 0.05}}}