{"AAPL": {"p": 58.35370018659854, "d1_open": 58.881026803928506, "h1_open": 57.935104588267784, "m5_open": 58.10986597350929, "m1_open": 58.29658906255833, "band": {"m1": 0.0015943417760422099, "m5": 0.004196089751788504, "h1": 0.008683001280906908, "d1": 0.02578757925541786}, "garch_variance": 2.130431320282215e-06, "prev_return": 0.0, "boundary_trend": -1, "trend_ou": -0.16584605008583153, "reversion_strength": {"s1": 0.008338960049529932, "m1": 0.001351140996985631, "m5": 0.013839264509730786, "h1": 0.04009322855887123, "d1": 0.05}}, "GOOG": {"p": 116.07945898008799, "d1_open": 119.02146768303125, "h1_open": 116.09550753836272, "m5_open": 116.24545513629725, "m1_open": 116.25616204597732, "band": {"m1": 0.0016048963205581494, "m5": 0.0042173303628967726, "h1": 0.00874840540112617, "d1": 0.026067941018240323}, "garch_variance": 3.1042653805681946e-06, "prev_return": -0.0027209781861114927, "boundary_trend": 0, "trend_ou": -0.12038288453850653, "reversion_strength": {"s1": 0.0062823601171641975, "m1": 0.013292119646085305, "m5": 0.03312992683192555, "h1": 0.04623311401955329, "d1": 0.05}}, "AMZN": {"p": 156.0551323865334, "d1_open": 158.98498094367304, "h1_open": 156.28356493298796, "m5_open": 156.64382952261067, "m1_open": 156.34152183210327, "band": {"m1": 0.0018318194822067302, "m5": 0.004674004416500633, "h1": 0.010154596802620068, "d1": 0.032095730993351446}, "garch_variance": 3.771919393148986e-06, "prev_return": -0.0008088854885660811, "boundary_trend": 1, "trend_ou": 0.05570483413480017, "reversion_strength": {"s1": 0.002645480578274048, "m1": 0.009447304871809989, "m5": 0.011715152974709363, "h1": 0.04320287271163793, "d1": 0.05}}, "MSFT": {"p": 134.5485915784405, "d1_open": 137.08846618531726, "h1_open": 133.73171007353216, "m5_open": 134.3164812324416, "m1_open": 134.3142559405238, "band": {"m1": 0.0017446818007201264, "m5": 0.004498643215215439, "h1": 0.00961462433986048, "d1": 0.02978108122775022}, "garch_variance": 3.093194950368255e-06, "prev_return": 0.003489367141888433, "boundary_trend": -1, "trend_ou": -0.038058640790676786, "reversion_strength": {"s1": 0.00502554902391116, "m1": 0.0038098335627198736, "m5": 0.0032918974962767448, "h1": 0.046518504108642444, "d1": 0.05}}, "NVDA": {"p": 77.54112829143232, "d1_open": 77.58920212535816, "h1_open": 77.45406808949511, "m5_open": 77.41602174839632, "m1_open": 77.41442101647407, "band": {"m1": 0.0016367399419197533, "m5": 0.004281414414709654, "h1": 0.008945733105472453, "d1": 0.02691380734682588}, "garch_variance": 4.053548617607134e-06, "prev_return": 0.0, "boundary_trend": -1, "trend_ou": 0.22732172205417528, "reversion_strength": {"s1": 0.0011925680738830492, "m1": 0.020956231791063703, "m5": 0.022867711633453934, "h1": 0.013888096527728985, "d1": 0.05}}}