{"AAPL": {"p": 90.34899245172548, "d1_open": 87.95021220263737, "h1_open": 89.92327454616381, "m5_open": 90.33983162164124, "m1_open": 90.37338495043569, "reversion_strength": {"s1": 0.008338960049529932, "m1": 0.001351140996985631, "m5": 0.013839264509730786, "h1": 0.04009322855887123, "d1": 0.05}, "garch_variance": 1.3499708946448206e-06, "prev_return": -0.0002699444220353596, "boundary_trend": 0}, "GOOG": {"p": 176.7880633351792, "d1_open": 175.76656301755804, "h1_open": 183.39762262224193, "m5_open": 177.3564440630893, "m1_open": 176.7675209810246, "reversion_strength": {"s1": 0.0062823601171641975, "m1": 0.013292119646085305, "m5": 0.03312992683192555, "h1": 0.04623311401955329, "d1": 0.05}, "garch_variance": 5.241885945058965e-06, "prev_return": 0.00011620438250154816, "boundary_trend": 0}, "AMZN": {"p": 172.30238146990462, "d1_open": 169.8941041712876, "h1_open": 168.9436681978484, "m5_open": 171.62632039862208, "m1_open": 172.17471068715287, "reversion_strength": {"s1": 0.002645480578274048, "m1": 0.009447304871809989, "m5": 0.011715152974709363, "h1": 0.04320287271163793, "d1": 0.05}, "garch_variance": 1.6359100547942e-06, "prev_return": 0.0007412439985366322, "boundary_trend": 0}, "MSFT": {"p": 162.70053628137023, "d1_open": 164.41906387237157, "h1_open": 162.58297699275926, "m5_open": 162.24033006590386, "m1_open": 162.77440860224294, "reversion_strength": {"s1": 0.00502554902391116, "m1": 0.0038098335627198736, "m5": 0.0032918974962767448, "h1": 0.046518504108642444, "d1": 0.05}, "garch_variance": 2.3318831336184964e-06, "prev_return": -0.00045393553821853786, "boundary_trend": -1}, "NVDA": {"p": 97.95137041943616, "d1_open": 97.6331941946038, "h1_open": 98.32781845318762, "m5_open": 98.86974620631537, "m1_open": 97.9311907570295, "reversion_strength": {"s1": 0.0011925680738830492, "m1": 0.020956231791063703, "m5": 0.022867711633453934, "h1": 0.013888096527728985, "d1": 0.05}, "garch_variance": 1.1912376858835082e-06, "prev_return": 0.00020603837684016508, "boundary_trend": -1}}