{"AAPL": {"p": 87.58990221989559, "d1_open": 87.95021220263737, "h1_open": 86.8359256319159, "m5_open": 87.62962274888132, "m1_open": 87.59489344074707, "reversion_strength": {"s1": 0.008338960049529932, "m1": 0.001351140996985631, "m5": 0.013839264509730786, "h1": 0.04009322855887123, "d1": 0.05}, "garch_variance": 1.3268704034268704e-06, "prev_return": -5.698235208153804e-05, "boundary_trend": 1}, "GOOG": {"p": 180.85603224213696, "d1_open": 175.76656301755804, "h1_open": 175.75153234700423, "m5_open": 182.19954726276296, "m1_open": 181.05854293791026, "reversion_strength": {"s1": 0.0062823601171641975, "m1": 0.013292119646085305, "m5": 0.03312992683192555, "h1": 0.04623311401955329, "d1": 0.05}, "garch_variance": 2.5652397568617085e-06, "prev_return": -0.0011191078270775215, "boundary_trend": 0}, "AMZN": {"p": 166.3387433662039, "d1_open": 169.8941041712876, "h1_open": 166.80472498164232, "m5_open": 167.92063885706887, "m1_open": 166.32224116501968, "reversion_strength": {"s1": 0.002645480578274048, "m1": 0.009447304871809989, "m5": 0.011715152974709363, "h1": 0.04320287271163793, "d1": 0.05}, "garch_variance": 1.1244508911575876e-06, "prev_return": 9.921332506727568e-05, "boundary_trend": 1}, "MSFT": {"p": 164.4592782089781, "d1_open": 164.41906387237157, "h1_open": 164.04525621182805, "m5_open": 164.51651417980537, "m1_open": 164.47238251659968, "reversion_strength": {"s1": 0.00502554902391116, "m1": 0.0038098335627198736, "m5": 0.0032918974962767448, "h1": 0.046518504108642444, "d1": 0.05}, "garch_variance": 1.1485069296225166e-06, "prev_return": -7.967799511668411e-05, "boundary_trend": 0}, "NVDA": {"p": 97.71118079014846, "d1_open": 97.6331941946038, "h1_open": 96.51017604046937, "m5_open": 97.56966085545051, "m1_open": 97.67717129482453, "reversion_strength": {"s1": 0.0011925680738830492, "m1": 0.020956231791063703, "m5": 0.022867711633453934, "h1": 0.013888096527728985, "d1": 0.05}, "garch_variance": 1.1480353095006915e-06, "prev_return": 0.0003481220380281259, "boundary_trend": 0}}