{"AAPL": {"p": 55.330317578894025, "d1_open": 55.53712856805172, "h1_open": 55.05670946032792, "m5_open": 55.07131912224494, "m1_open": 55.20040624877304, "band": {"m1": 0.002353448804987243, "m5": 0.005723763178815598, "h1": 0.013387015490655872, "d1": 0.04595183972961907}, "garch_variance": 4.956264591779397e-06, "prev_return": 0.0, "boundary_trend": -1, "trend_ou": 0.041282611926164045, "reversion_strength": {"s1": 0.008338960049529932, "m1": 0.001351140996985631, "m5": 0.013839264509730786, "h1": 0.04009322855887123, "d1": 0.05}}, "GOOG": {"p": 96.5334807281936, "d1_open": 100.24132710088554, "h1_open": 97.94485073564063, "m5_open": 96.85843386112379, "m1_open": 96.78478276713695, "band": {"m1": 0.0025965036213179754, "m5": 0.006212901561232418, "h1": 0.014893171100038962, "d1": 0.0524081369830027}, "garch_variance": 7.453739355952946e-06, "prev_return": -0.001501594489440012, "boundary_trend": 1, "trend_ou": 0.13959567614209795, "reversion_strength": {"s1": 0.0062823601171641975, "m1": 0.013292119646085305, "m5": 0.03312992683192555, "h1": 0.04623311401955329, "d1": 0.05}}, "AMZN": {"p": 131.270968482065, "d1_open": 136.62257042864903, "h1_open": 132.1599159210106, "m5_open": 131.27659585600577, "m1_open": 130.98341440181042, "band": {"m1": 0.002195347262612056, "m5": 0.005405589962326965, "h1": 0.012407296065649788, "d1": 0.04175216753549285}, "garch_variance": 2.7882043004236344e-06, "prev_return": 0.0026903217060666174, "boundary_trend": -1, "trend_ou": 0.08114673151979396, "reversion_strength": {"s1": 0.002645480578274048, "m1": 0.009447304871809989, "m5": 0.011715152974709363, "h1": 0.04320287271163793, "d1": 0.05}}, "MSFT": {"p": 152.05429803938387, "d1_open": 151.63091538707712, "h1_open": 153.24572122429387, "m5_open": 151.65749090496686, "m1_open": 151.65016277900557, "band": {"m1": 0.002664918078375147, "m5": 0.006350583000193637, "h1": 0.01531711998455456, "d1": 0.054225439260152025}, "garch_variance": 8.67176285563693e-06, "prev_return": 0.005329848773926814, "boundary_trend": -1, "trend_ou": -0.09519150265473834, "reversion_strength": {"s1": 0.00502554902391116, "m1": 0.0038098335627198736, "m5": 0.0032918974962767448, "h1": 0.046518504108642444, "d1": 0.05}}, "NVDA": {"p": 74.43956588776032, "d1_open": 75.76416089410631, "h1_open": 74.8079337476142, "m5_open": 74.44277429999924, "m1_open": 74.62028053453496, "band": {"m1": 0.002421789967554506, "m5": 0.0058612971154611854, "h1": 0.013810510185829416, "d1": 0.047767195075532766}, "garch_variance": 6.320428265785376e-06, "prev_return": 0.0, "boundary_trend": 1, "trend_ou": 0.05015412448694257, "reversion_strength": {"s1": 0.0011925680738830492, "m1": 0.020956231791063703, "m5": 0.022867711633453934, "h1": 0.013888096527728985, "d1": 0.05}}}