{"AAPL": {"p": 88.31434438672896, "d1_open": 87.95021220263737, "h1_open": 86.8359256319159, "m5_open": 88.49245837056161, "m1_open": 88.27815764586775, "reversion_strength": {"s1": 0.008338960049529932, "m1": 0.001351140996985631, "m5": 0.013839264509730786, "h1": 0.04009322855887123, "d1": 0.05}, "garch_variance": 1.1782852606720219e-06, "prev_return": 0.0004098332709622359, "boundary_trend": 0}, "GOOG": {"p": 169.25256512643068, "d1_open": 175.76656301755804, "h1_open": 175.75153234700423, "m5_open": 170.18749775387968, "m1_open": 169.4518851197132, "reversion_strength": {"s1": 0.0062823601171641975, "m1": 0.013292119646085305, "m5": 0.03312992683192555, "h1": 0.04623311401955329, "d1": 0.05}, "garch_variance": 1.744981543822217e-06, "prev_return": -0.0011769554025419006, "boundary_trend": 0}, "AMZN": {"p": 168.8198243492663, "d1_open": 169.8941041712876, "h1_open": 166.80472498164232, "m5_open": 169.52457644966026, "m1_open": 168.73343787958157, "reversion_strength": {"s1": 0.002645480578274048, "m1": 0.009447304871809989, "m5": 0.011715152974709363, "h1": 0.04320287271163793, "d1": 0.05}, "garch_variance": 1.2113444145667793e-06, "prev_return": 0.0005118390561553339, "boundary_trend": 0}, "MSFT": {"p": 164.53959345237766, "d1_open": 164.41906387237157, "h1_open": 164.04525621182805, "m5_open": 164.06148245335197, "m1_open": 164.60155603667562, "reversion_strength": {"s1": 0.00502554902391116, "m1": 0.0038098335627198736, "m5": 0.0032918974962767448, "h1": 0.046518504108642444, "d1": 0.05}, "garch_variance": 8.650272598903393e-07, "prev_return": -0.0003765107166097298, "boundary_trend": -1}, "NVDA": {"p": 96.1434336296876, "d1_open": 97.6331941946038, "h1_open": 96.51017604046937, "m5_open": 95.8346390185308, "m1_open": 96.16992961086929, "reversion_strength": {"s1": 0.0011925680738830492, "m1": 0.020956231791063703, "m5": 0.022867711633453934, "h1": 0.013888096527728985, "d1": 0.05}, "garch_variance": 1.2928904911480712e-06, "prev_return": -0.0002755500803777968, "boundary_trend": 0}}