{"AAPL": {"p": 58.51855199985677, "d1_open": 58.881026803928506, "h1_open": 58.18002329517424, "m5_open": 58.78480421930434, "m1_open": 58.617460593188014, "band": {"m1": 0.0017599001124315456, "m5": 0.004529269476756002, "h1": 0.009708928768365634, "d1": 0.030185327255814416}, "garch_variance": 2.0383820125115637e-06, "prev_return": -0.0025265578450272014, "boundary_trend": 1, "trend_ou": -0.17466605870444818, "reversion_strength": {"s1": 0.008338960049529932, "m1": 0.001351140996985631, "m5": 0.013839264509730786, "h1": 0.04009322855887123, "d1": 0.05}}, "GOOG": {"p": 117.82879068469468, "d1_open": 119.02146768303125, "h1_open": 117.8132584785911, "m5_open": 117.8819951074477, "m1_open": 118.0645273248257, "band": {"m1": 0.0019966762707858536, "m5": 0.005005772303734341, "h1": 0.01117617695730196, "d1": 0.036474843686418686}, "garch_variance": 3.2284509268916014e-06, "prev_return": 0.0, "boundary_trend": 1, "trend_ou": -0.14926814033700106, "reversion_strength": {"s1": 0.0062823601171641975, "m1": 0.013292119646085305, "m5": 0.03312992683192555, "h1": 0.04623311401955329, "d1": 0.05}}, "AMZN": {"p": 156.01598994934983, "d1_open": 158.98498094367304, "h1_open": 156.39399479459698, "m5_open": 156.28493624312551, "m1_open": 156.28859307878707, "band": {"m1": 0.0017442292112760777, "m5": 0.004497732396528927, "h1": 0.009611819745653328, "d1": 0.02976905903444982}, "garch_variance": 2.554182504513666e-06, "prev_return": 0.0, "boundary_trend": 1, "trend_ou": 0.09379512584296218, "reversion_strength": {"s1": 0.002645480578274048, "m1": 0.009447304871809989, "m5": 0.011715152974709363, "h1": 0.04320287271163793, "d1": 0.05}}, "MSFT": {"p": 133.5689667792177, "d1_open": 137.08846618531726, "h1_open": 133.29083440032448, "m5_open": 134.2087558528954, "m1_open": 133.564853667797, "band": {"m1": 0.0018780883562850817, "m5": 0.004767118729414048, "h1": 0.010441314528625227, "d1": 0.033324777218968}, "garch_variance": 2.9059540030316637e-06, "prev_return": -0.0018455325641582112, "boundary_trend": 1, "trend_ou": 0.001998571714378219, "reversion_strength": {"s1": 0.00502554902391116, "m1": 0.0038098335627198736, "m5": 0.0032918974962767448, "h1": 0.046518504108642444, "d1": 0.05}}, "NVDA": {"p": 77.29050824109868, "d1_open": 77.58920212535816, "h1_open": 77.08644892077346, "m5_open": 77.42569195581346, "m1_open": 77.4249237934792, "band": {"m1": 0.0017360760049188013, "m5": 0.004481324385244419, "h1": 0.009561296173749451, "d1": 0.029552484334942005}, "garch_variance": 2.4481456618476147e-06, "prev_return": -0.0034721554981526964, "boundary_trend": 1, "trend_ou": 0.25475780477029153, "reversion_strength": {"s1": 0.0011925680738830492, "m1": 0.020956231791063703, "m5": 0.022867711633453934, "h1": 0.013888096527728985, "d1": 0.05}}}