{"AAPL": {"p": 57.55194479068609, "d1_open": 58.881026803928506, "h1_open": 57.95099828715578, "m5_open": 57.54653632248736, "m1_open": 57.54653632248736, "band": {"m1": 0.0019142513852419398, "m5": 0.004839895421331892, "h1": 0.010665408622862551, "d1": 0.03428538054316008}, "garch_variance": 4.994974844856706e-06, "prev_return": -0.001818441704644181, "boundary_trend": -1, "trend_ou": -0.1944121381999406, "reversion_strength": {"s1": 0.008338960049529932, "m1": 0.001351140996985631, "m5": 0.013839264509730786, "h1": 0.04009322855887123, "d1": 0.05}}, "GOOG": {"p": 116.3130594147609, "d1_open": 119.02146768303125, "h1_open": 116.73471203161151, "m5_open": 116.12131214200191, "m1_open": 116.12131214200191, "band": {"m1": 0.0016512668451808714, "m5": 0.004310649243584633, "h1": 0.009035753032516095, "d1": 0.027299687400719988}, "garch_variance": 2.0717804442859863e-06, "prev_return": 0.0, "boundary_trend": -1, "trend_ou": -0.09498481868998018, "reversion_strength": {"s1": 0.0062823601171641975, "m1": 0.013292119646085305, "m5": 0.03312992683192555, "h1": 0.04623311401955329, "d1": 0.05}}, "AMZN": {"p": 156.87578348372227, "d1_open": 158.98498094367304, "h1_open": 155.272478808972, "m5_open": 156.5830490208845, "m1_open": 156.5830490208845, "band": {"m1": 0.0018695156638489756, "m5": 0.0047498665186804494, "h1": 0.01038819149656571, "d1": 0.03309705965523119}, "garch_variance": 3.87392720303636e-06, "prev_return": 0.0037390356837893888, "boundary_trend": -1, "trend_ou": 0.08568037128285186, "reversion_strength": {"s1": 0.002645480578274048, "m1": 0.009447304871809989, "m5": 0.011715152974709363, "h1": 0.04320287271163793, "d1": 0.05}}, "MSFT": {"p": 133.21199957555203, "d1_open": 137.08846618531726, "h1_open": 133.13886604045118, "m5_open": 132.97463376888277, "m1_open": 132.97463376888277, "band": {"m1": 0.0017850457635538023, "m5": 0.004579874123479076, "h1": 0.0098647506692073, "d1": 0.030853274514486537}, "garch_variance": 3.126453414833711e-06, "prev_return": 0.0026546440090655077, "boundary_trend": -1, "trend_ou": -0.031031068846835413, "reversion_strength": {"s1": 0.00502554902391116, "m1": 0.0038098335627198736, "m5": 0.0032918974962767448, "h1": 0.046518504108642444, "d1": 0.05}}, "NVDA": {"p": 77.4667109377811, "d1_open": 77.58920212535816, "h1_open": 77.04681052606045, "m5_open": 77.58856861454744, "m1_open": 77.58856861454744, "band": {"m1": 0.001570562248308995, "m5": 0.0041482343753526255, "h1": 0.008535644937080639, "d1": 0.025155920513129027}, "garch_variance": 1.930288546251096e-06, "prev_return": -0.0030642805504515333, "boundary_trend": 1, "trend_ou": 0.24386177753181693, "reversion_strength": {"s1": 0.0011925680738830492, "m1": 0.020956231791063703, "m5": 0.022867711633453934, "h1": 0.013888096527728985, "d1": 0.05}}}