{"AAPL": {"p": 89.95871473454991, "d1_open": 87.95021220263737, "h1_open": 90.36175952352136, "m5_open": 90.19671077674973, "m1_open": 90.02903200082665, "band": {"m1": 0.0037934816127415, "m5": 0.008609312122237353, "h1": 0.018113799068603283, "d1": 0.057640489438319696}, "garch_variance": 1.3525856886236114e-05, "prev_return": -0.004148721312691368, "boundary_trend": 0, "trend_ou": 0.07248173403261096, "reversion_strength": {"s1": 0.008338960049529932, "m1": 0.001351140996985631, "m5": 0.013839264509730786, "h1": 0.04009322855887123, "d1": 0.05}}, "GOOG": {"p": 178.21403138218895, "d1_open": 175.76656301755804, "h1_open": 175.77288560235982, "m5_open": 178.31646596525604, "m1_open": 178.8629978749722, "band": {"m1": 0.003628288133898328, "m5": 0.008276866658917647, "h1": 0.017090132520664603, "d1": 0.053252433197209105}, "garch_variance": 5.234001284659142e-06, "prev_return": -0.0011243202468621007, "boundary_trend": 1, "trend_ou": 0.019945659855361956, "reversion_strength": {"s1": 0.0062823601171641975, "m1": 0.013292119646085305, "m5": 0.03312992683192555, "h1": 0.04623311401955329, "d1": 0.05}}, "AMZN": {"p": 171.38628745372603, "d1_open": 169.8941041712876, "h1_open": 168.9021703391811, "m5_open": 171.3185104820652, "m1_open": 170.79934623216835, "band": {"m1": 0.0034364371673872986, "m5": 0.00789077403651672, "h1": 0.015901275563462984, "d1": 0.04815627058318098}, "garch_variance": 8.593343518748583e-06, "prev_return": 0.006242557562774054, "boundary_trend": -1, "trend_ou": 0.06756440513841099, "reversion_strength": {"s1": 0.002645480578274048, "m1": 0.009447304871809989, "m5": 0.011715152974709363, "h1": 0.04320287271163793, "d1": 0.05}}, "MSFT": {"p": 159.4830472793166, "d1_open": 164.41906387237157, "h1_open": 160.00715142749434, "m5_open": 160.8534633646115, "m1_open": 159.91276667139948, "band": {"m1": 0.0037489308525504874, "m5": 0.008519655446824596, "h1": 0.017837728104954202, "d1": 0.056457081699277004}, "garch_variance": 8.406979339682846e-06, "prev_return": 0.0, "boundary_trend": 1, "trend_ou": 0.013347961580354178, "reversion_strength": {"s1": 0.00502554902391116, "m1": 0.0038098335627198736, "m5": 0.0032918974962767448, "h1": 0.046518504108642444, "d1": 0.05}}, "NVDA": {"p": 101.80108377953025, "d1_open": 97.6331941946038, "h1_open": 100.4340456706556, "m5_open": 101.70654718253269, "m1_open": 102.17326261768868, "band": {"m1": 0.00364262458321468, "m5": 0.008305718206622256, "h1": 0.01717897224777817, "d1": 0.053633254197762686}, "garch_variance": 7.338544532167251e-06, "prev_return": 0.0, "boundary_trend": 1, "trend_ou": 0.041481352615233384, "reversion_strength": {"s1": 0.0011925680738830492, "m1": 0.020956231791063703, "m5": 0.022867711633453934, "h1": 0.013888096527728985, "d1": 0.05}}}