{"AAPL": {"p": 90.40590784273962, "d1_open": 87.95021220263737, "h1_open": 89.92327454616381, "m5_open": 90.42451367382752, "m1_open": 90.52822423789175, "reversion_strength": {"s1": 0.008338960049529932, "m1": 0.001351140996985631, "m5": 0.013839264509730786, "h1": 0.04009322855887123, "d1": 0.05}, "garch_variance": 1.4564283957700384e-06, "prev_return": -0.0013520546110228153, "boundary_trend": 1}, "GOOG": {"p": 179.68590714415183, "d1_open": 175.76656301755804, "h1_open": 183.39762262224193, "m5_open": 180.3579572816138, "m1_open": 179.56433134571807, "reversion_strength": {"s1": 0.0062823601171641975, "m1": 0.013292119646085305, "m5": 0.03312992683192555, "h1": 0.04623311401955329, "d1": 0.05}, "garch_variance": 2.2114177303396118e-06, "prev_return": 0.0006768307438623838, "boundary_trend": 0}, "AMZN": {"p": 167.76865876964175, "d1_open": 169.8941041712876, "h1_open": 168.9436681978484, "m5_open": 169.60820101882007, "m1_open": 168.21366475274544, "reversion_strength": {"s1": 0.002645480578274048, "m1": 0.009447304871809989, "m5": 0.011715152974709363, "h1": 0.04320287271163793, "d1": 0.05}, "garch_variance": 1.8406071845400007e-06, "prev_return": -0.002648986045814835, "boundary_trend": 1}, "MSFT": {"p": 162.324125357873, "d1_open": 164.41906387237157, "h1_open": 162.58297699275926, "m5_open": 161.95635382915742, "m1_open": 162.36643948457734, "reversion_strength": {"s1": 0.00502554902391116, "m1": 0.0038098335627198736, "m5": 0.0032918974962767448, "h1": 0.046518504108642444, "d1": 0.05}, "garch_variance": 1.4960677958725963e-06, "prev_return": -0.00026064278747638646, "boundary_trend": 0}, "NVDA": {"p": 98.54555083678498, "d1_open": 97.6331941946038, "h1_open": 98.32781845318762, "m5_open": 96.96223221914875, "m1_open": 98.42816854540695, "reversion_strength": {"s1": 0.0011925680738830492, "m1": 0.020956231791063703, "m5": 0.022867711633453934, "h1": 0.013888096527728985, "d1": 0.05}, "garch_variance": 1.4358483514057743e-06, "prev_return": 0.0011918575294366796, "boundary_trend": -1}}