{"AAPL": {"p": 90.24325868258471, "d1_open": 87.95021220263737, "h1_open": 89.92327454616381, "m5_open": 90.22249258852682, "m1_open": 90.22249258852682, "reversion_strength": {"s1": 0.008338960049529932, "m1": 0.001351140996985631, "m5": 0.013839264509730786, "h1": 0.04009322855887123, "d1": 0.05}, "garch_variance": 1.4278184760917356e-06, "prev_return": 0.0002301388934273997, "boundary_trend": 0}, "GOOG": {"p": 177.74199180471075, "d1_open": 175.76656301755804, "h1_open": 183.39762262224193, "m5_open": 177.59965071089536, "m1_open": 177.59965071089536, "reversion_strength": {"s1": 0.0062823601171641975, "m1": 0.013292119646085305, "m5": 0.03312992683192555, "h1": 0.04623311401955329, "d1": 0.05}, "garch_variance": 4.369097203699606e-06, "prev_return": 0.0008011506921681291, "boundary_trend": 0}, "AMZN": {"p": 170.10146872352033, "d1_open": 169.8941041712876, "h1_open": 168.9436681978484, "m5_open": 170.15182078383458, "m1_open": 170.15182078383458, "reversion_strength": {"s1": 0.002645480578274048, "m1": 0.009447304871809989, "m5": 0.011715152974709363, "h1": 0.04320287271163793, "d1": 0.05}, "garch_variance": 2.570198555611654e-06, "prev_return": -0.0002959681051413758, "boundary_trend": 0}, "MSFT": {"p": 161.3559124550067, "d1_open": 164.41906387237157, "h1_open": 162.58297699275926, "m5_open": 161.5460546719591, "m1_open": 161.5460546719591, "reversion_strength": {"s1": 0.00502554902391116, "m1": 0.0038098335627198736, "m5": 0.0032918974962767448, "h1": 0.046518504108642444, "d1": 0.05}, "garch_variance": 1.743362015448966e-06, "prev_return": -0.0011777087679052554, "boundary_trend": 1}, "NVDA": {"p": 97.03496974674985, "d1_open": 97.6331941946038, "h1_open": 98.32781845318762, "m5_open": 97.1508287234367, "m1_open": 97.1508287234367, "reversion_strength": {"s1": 0.0011925680738830492, "m1": 0.020956231791063703, "m5": 0.022867711633453934, "h1": 0.013888096527728985, "d1": 0.05}, "garch_variance": 1.4663979874572767e-06, "prev_return": -0.0011932797490587675, "boundary_trend": 1}}