{"AAPL": {"p": 57.54653632248736, "d1_open": 58.881026803928506, "h1_open": 57.95099828715578, "m5_open": 57.5644145128643, "m1_open": 57.45136190086133, "band": {"m1": 0.0019188556119195267, "m5": 0.004849161248783305, "h1": 0.010693939972053684, "d1": 0.034407683225745105}, "garch_variance": 5.5531266540933055e-06, "prev_return": -0.00026177899798935305, "boundary_trend": -1, "trend_ou": -0.1940750869101861, "reversion_strength": {"s1": 0.008338960049529932, "m1": 0.001351140996985631, "m5": 0.013839264509730786, "h1": 0.04009322855887123, "d1": 0.05}}, "GOOG": {"p": 116.12131214200191, "d1_open": 119.02146768303125, "h1_open": 116.73471203161151, "m5_open": 115.61859754809805, "m1_open": 115.97687055238036, "band": {"m1": 0.0016698477809295562, "m5": 0.004348042655462287, "h1": 0.009150894880054664, "d1": 0.027793255256113942}, "garch_variance": 2.24065959577953e-06, "prev_return": 0.0, "boundary_trend": -1, "trend_ou": -0.09364492204715143, "reversion_strength": {"s1": 0.0062823601171641975, "m1": 0.013292119646085305, "m5": 0.03312992683192555, "h1": 0.04623311401955329, "d1": 0.05}}, "AMZN": {"p": 156.5830490208845, "d1_open": 158.98498094367304, "h1_open": 155.272478808972, "m5_open": 155.83652786619996, "m1_open": 156.4687956868144, "band": {"m1": 0.0018896628166847197, "m5": 0.0047904118816448705, "h1": 0.010513038836415843, "d1": 0.03363223114239035}, "garch_variance": 4.288553639814045e-06, "prev_return": 0.0, "boundary_trend": -1, "trend_ou": 0.0874440773632452, "reversion_strength": {"s1": 0.002645480578274048, "m1": 0.009447304871809989, "m5": 0.011715152974709363, "h1": 0.04320287271163793, "d1": 0.05}}, "MSFT": {"p": 132.97463376888277, "d1_open": 137.08846618531726, "h1_open": 133.13886604045118, "m5_open": 133.10934659841362, "m1_open": 132.7351633219472, "band": {"m1": 0.0018041221402254675, "m5": 0.004618264590981087, "h1": 0.009982962651855842, "d1": 0.03136000283268695}, "garch_variance": 3.439151607765581e-06, "prev_return": 0.0, "boundary_trend": -1, "trend_ou": -0.03024306342920039, "reversion_strength": {"s1": 0.00502554902391116, "m1": 0.0038098335627198736, "m5": 0.0032918974962767448, "h1": 0.046518504108642444, "d1": 0.05}}, "NVDA": {"p": 77.58856861454744, "d1_open": 77.58920212535816, "h1_open": 77.04681052606045, "m5_open": 77.72310624084193, "m1_open": 77.71088394557495, "band": {"m1": 0.00157397940696673, "m5": 0.004155111274496363, "h1": 0.008556820294797048, "d1": 0.025246690950799715}, "garch_variance": 1.767516007953594e-06, "prev_return": -0.001513479598067351, "boundary_trend": 1, "trend_ou": 0.24708630653639313, "reversion_strength": {"s1": 0.0011925680738830492, "m1": 0.020956231791063703, "m5": 0.022867711633453934, "h1": 0.013888096527728985, "d1": 0.05}}}