{"AAPL": {"p": 87.26852914106277, "d1_open": 87.95021220263737, "h1_open": 86.8359256319159, "m5_open": 87.23479638846081, "m1_open": 87.33732714435443, "reversion_strength": {"s1": 0.008338960049529932, "m1": 0.001351140996985631, "m5": 0.013839264509730786, "h1": 0.04009322855887123, "d1": 0.05}, "garch_variance": 1.2163824216560956e-06, "prev_return": -0.0007880377934119481, "boundary_trend": 0}, "GOOG": {"p": 179.64844683461143, "d1_open": 175.76656301755804, "h1_open": 175.75153234700423, "m5_open": 177.9603719727754, "m1_open": 179.59328372539903, "reversion_strength": {"s1": 0.0062823601171641975, "m1": 0.013292119646085305, "m5": 0.03312992683192555, "h1": 0.04623311401955329, "d1": 0.05}, "garch_variance": 1.338835049437382e-06, "prev_return": 0.00030710858429487914, "boundary_trend": 0}, "AMZN": {"p": 166.2319756969139, "d1_open": 169.8941041712876, "h1_open": 166.80472498164232, "m5_open": 166.59983664729887, "m1_open": 166.51114820075514, "reversion_strength": {"s1": 0.002645480578274048, "m1": 0.009447304871809989, "m5": 0.011715152974709363, "h1": 0.04320287271163793, "d1": 0.05}, "garch_variance": 1.3021039524384413e-06, "prev_return": -0.001678006541963811, "boundary_trend": 0}, "MSFT": {"p": 164.17418728771207, "d1_open": 164.41906387237157, "h1_open": 164.04525621182805, "m5_open": 164.4234802565385, "m1_open": 164.28225039155566, "reversion_strength": {"s1": 0.00502554902391116, "m1": 0.0038098335627198736, "m5": 0.0032918974962767448, "h1": 0.046518504108642444, "d1": 0.05}, "garch_variance": 1.1296547980564284e-06, "prev_return": -0.0006580057221964368, "boundary_trend": 0}, "NVDA": {"p": 96.28795001814778, "d1_open": 97.6331941946038, "h1_open": 96.51017604046937, "m5_open": 96.93962599984756, "m1_open": 96.23370787111247, "reversion_strength": {"s1": 0.0011925680738830492, "m1": 0.020956231791063703, "m5": 0.022867711633453934, "h1": 0.013888096527728985, "d1": 0.05}, "garch_variance": 1.3441033894168485e-06, "prev_return": 0.0005634913917245487, "boundary_trend": 0}}