{"AAPL": {"p": 88.46860752689949, "d1_open": 87.95021220263737, "h1_open": 87.7884707899021, "m5_open": 88.39414012357422, "m1_open": 88.4064259116648, "reversion_strength": {"s1": 0.008338960049529932, "m1": 0.001351140996985631, "m5": 0.013839264509730786, "h1": 0.04009322855887123, "d1": 0.05}, "garch_variance": 1.2025853442461718e-06, "prev_return": 0.0007031135665396927, "boundary_trend": 0}, "GOOG": {"p": 169.64289395391074, "d1_open": 175.76656301755804, "h1_open": 168.02502312872693, "m5_open": 169.33594282027013, "m1_open": 169.60120978993513, "reversion_strength": {"s1": 0.0062823601171641975, "m1": 0.013292119646085305, "m5": 0.03312992683192555, "h1": 0.04623311401955329, "d1": 0.05}, "garch_variance": 1.1732761194709301e-06, "prev_return": 0.0002457473171994837, "boundary_trend": 0}, "AMZN": {"p": 175.28835123604108, "d1_open": 169.8941041712876, "h1_open": 175.70186627134336, "m5_open": 175.93430471537684, "m1_open": 175.4271297055387, "reversion_strength": {"s1": 0.002645480578274048, "m1": 0.009447304871809989, "m5": 0.011715152974709363, "h1": 0.04320287271163793, "d1": 0.05}, "garch_variance": 1.5498169163191477e-06, "prev_return": -0.0007914020582627972, "boundary_trend": 0}, "MSFT": {"p": 165.22194012982814, "d1_open": 164.41906387237157, "h1_open": 164.62216328017612, "m5_open": 164.6995431583118, "m1_open": 165.12985570404607, "reversion_strength": {"s1": 0.00502554902391116, "m1": 0.0038098335627198736, "m5": 0.0032918974962767448, "h1": 0.046518504108642444, "d1": 0.05}, "garch_variance": 1.1649580298618302e-06, "prev_return": 0.0005574931290118312, "boundary_trend": 0}, "NVDA": {"p": 97.63318686566504, "d1_open": 97.6331941946038, "h1_open": 98.33301575396666, "m5_open": 98.4793737199066, "m1_open": 97.74976010880052, "reversion_strength": {"s1": 0.0011925680738830492, "m1": 0.020956231791063703, "m5": 0.022867711633453934, "h1": 0.013888096527728985, "d1": 0.05}, "garch_variance": 1.4632043619142415e-06, "prev_return": -0.0011932797490587675, "boundary_trend": 1}}