{"AAPL": {"p": 90.67440611620053, "d1_open": 87.95021220263737, "h1_open": 89.92327454616381, "m5_open": 90.66516653293418, "m1_open": 90.66516653293418, "reversion_strength": {"s1": 0.008338960049529932, "m1": 0.001351140996985631, "m5": 0.013839264509730786, "h1": 0.04009322855887123, "d1": 0.05}, "garch_variance": 1.4260084547180497e-06, "prev_return": 0.00010190366216677316, "boundary_trend": -1}, "GOOG": {"p": 176.8536373326233, "d1_open": 175.76656301755804, "h1_open": 183.39762262224193, "m5_open": 177.04873167714695, "m1_open": 177.04873167714695, "reversion_strength": {"s1": 0.0062823601171641975, "m1": 0.013292119646085305, "m5": 0.03312992683192555, "h1": 0.04623311401955329, "d1": 0.05}, "garch_variance": 3.4930483822145295e-06, "prev_return": -0.0011025321182913754, "boundary_trend": 1}, "AMZN": {"p": 172.67947807417735, "d1_open": 169.8941041712876, "h1_open": 168.9436681978484, "m5_open": 172.70870948545664, "m1_open": 172.70870948545664, "reversion_strength": {"s1": 0.002645480578274048, "m1": 0.009447304871809989, "m5": 0.011715152974709363, "h1": 0.04320287271163793, "d1": 0.05}, "garch_variance": 2.3428480698076845e-06, "prev_return": -0.0001692670010264115, "boundary_trend": 0}, "MSFT": {"p": 162.35602548916583, "d1_open": 164.41906387237157, "h1_open": 162.58297699275926, "m5_open": 162.25003444197765, "m1_open": 162.25003444197765, "reversion_strength": {"s1": 0.00502554902391116, "m1": 0.0038098335627198736, "m5": 0.0032918974962767448, "h1": 0.046518504108642444, "d1": 0.05}, "garch_variance": 2.003892833805656e-06, "prev_return": 0.0006530441913344538, "boundary_trend": 0}, "NVDA": {"p": 98.87497899002618, "d1_open": 97.6331941946038, "h1_open": 98.32781845318762, "m5_open": 98.99303492301215, "m1_open": 98.99303492301215, "reversion_strength": {"s1": 0.0011925680738830492, "m1": 0.020956231791063703, "m5": 0.022867711633453934, "h1": 0.013888096527728985, "d1": 0.05}, "garch_variance": 1.3064052865984267e-06, "prev_return": -0.0011932797490587675, "boundary_trend": 1}}