{"AAPL": {"p": 88.12238711875973, "d1_open": 87.95021220263737, "h1_open": 87.95021220263737, "m5_open": 88.0361945989306, "m1_open": 88.0361945989306, "reversion_strength": {"s1": 0.008338960049529932, "m1": 0.001351140996985631, "m5": 0.013839264509730786, "h1": 0.04009322855887123, "d1": 0.05}, "garch_variance": 9.527188086959932e-07, "prev_return": 0.0009785787994766734, "boundary_trend": 0}, "GOOG": {"p": 172.4481216382442, "d1_open": 175.76656301755804, "h1_open": 175.76656301755804, "m5_open": 172.3983223447243, "m1_open": 172.3983223447243, "reversion_strength": {"s1": 0.0062823601171641975, "m1": 0.013292119646085305, "m5": 0.03312992683192555, "h1": 0.04623311401955329, "d1": 0.05}, "garch_variance": 1.4123818788135194e-06, "prev_return": 0.000288820109558862, "boundary_trend": 0}, "AMZN": {"p": 169.81327808098817, "d1_open": 169.8941041712876, "h1_open": 169.8941041712876, "m5_open": 169.57527514458832, "m1_open": 169.57527514458832, "reversion_strength": {"s1": 0.002645480578274048, "m1": 0.009447304871809989, "m5": 0.011715152974709363, "h1": 0.04320287271163793, "d1": 0.05}, "garch_variance": 1.6768648104869624e-06, "prev_return": 0.0014025397919454935, "boundary_trend": 0}, "MSFT": {"p": 164.20291003538367, "d1_open": 164.41906387237157, "h1_open": 164.41906387237157, "m5_open": 164.17865228138461, "m1_open": 164.17865228138461, "reversion_strength": {"s1": 0.00502554902391116, "m1": 0.0038098335627198736, "m5": 0.0032918974962767448, "h1": 0.046518504108642444, "d1": 0.05}, "garch_variance": 1.3342987291522766e-06, "prev_return": 0.00014774126703109765, "boundary_trend": 0}, "NVDA": {"p": 96.3931443193221, "d1_open": 97.6331941946038, "h1_open": 97.6331941946038, "m5_open": 96.37182978620592, "m1_open": 96.37182978620592, "reversion_strength": {"s1": 0.0011925680738830492, "m1": 0.020956231791063703, "m5": 0.022867711633453934, "h1": 0.013888096527728985, "d1": 0.05}, "garch_variance": 9.989940057708477e-07, "prev_return": 0.00022114529158576504, "boundary_trend": 0}}