{"AAPL": {"p": 89.38902994145327, "d1_open": 87.95021220263737, "h1_open": 90.36175952352136, "m5_open": 89.7039705115156, "m1_open": 89.7039705115156, "band": {"m1": 0.0035108877373705855, "m5": 0.008040602918418332, "h1": 0.016362628871720453, "d1": 0.05013391092683855}, "garch_variance": 1.0072549027870734e-05, "prev_return": -0.0009078607850213802, "boundary_trend": 1, "trend_ou": 0.07159231293175573, "reversion_strength": {"s1": 0.008338960049529932, "m1": 0.001351140996985631, "m5": 0.013839264509730786, "h1": 0.04009322855887123, "d1": 0.05}}, "GOOG": {"p": 175.681867355839, "d1_open": 175.76656301755804, "h1_open": 175.77288560235982, "m5_open": 176.4420083629544, "m1_open": 176.4420083629544, "band": {"m1": 0.004308163425298102, "m5": 0.009645089289930782, "h1": 0.021303165610407383, "d1": 0.07131205054103845}, "garch_variance": 1.0460620738427232e-05, "prev_return": -0.008616380158313498, "boundary_trend": 1, "trend_ou": -0.014258594954787438, "reversion_strength": {"s1": 0.0062823601171641975, "m1": 0.013292119646085305, "m5": 0.03312992683192555, "h1": 0.04623311401955329, "d1": 0.05}}, "AMZN": {"p": 169.85180099444446, "d1_open": 169.8941041712876, "h1_open": 168.9021703391811, "m5_open": 170.2038936340742, "m1_open": 170.2038936340742, "band": {"m1": 0.00376544869696891, "m5": 0.00855289696748982, "h1": 0.017940085443110678, "d1": 0.05689584738662453}, "garch_variance": 9.220529440385389e-06, "prev_return": 0.0003749858685229234, "boundary_trend": 1, "trend_ou": 0.05927331006613757, "reversion_strength": {"s1": 0.002645480578274048, "m1": 0.009447304871809989, "m5": 0.011715152974709363, "h1": 0.04320287271163793, "d1": 0.05}}, "MSFT": {"p": 160.85033308161871, "d1_open": 164.41906387237157, "h1_open": 160.00715142749434, "m5_open": 160.3151046511867, "m1_open": 160.3151046511867, "band": {"m1": 0.0033386026325875865, "m5": 0.007693885833193418, "h1": 0.015295017125121806, "d1": 0.04555747888734417}, "garch_variance": 5.491886737595223e-06, "prev_return": 0.000884668539177046, "boundary_trend": -1, "trend_ou": 0.009624067326391789, "reversion_strength": {"s1": 0.00502554902391116, "m1": 0.0038098335627198736, "m5": 0.0032918974962767448, "h1": 0.046518504108642444, "d1": 0.05}}, "NVDA": {"p": 101.44697509639204, "d1_open": 97.6331941946038, "h1_open": 100.4340456706556, "m5_open": 101.82829056094205, "m1_open": 101.82829056094205, "band": {"m1": 0.0037446908167607517, "m5": 0.008511122539397004, "h1": 0.017811453564152653, "d1": 0.05634445306744496}, "garch_variance": 6.072368284775056e-06, "prev_return": -0.007489416640956592, "boundary_trend": 1, "trend_ou": 0.040721216835330754, "reversion_strength": {"s1": 0.0011925680738830492, "m1": 0.020956231791063703, "m5": 0.022867711633453934, "h1": 0.013888096527728985, "d1": 0.05}}}