{"AAPL": {"p": 90.21300992510481, "d1_open": 87.95021220263737, "h1_open": 90.36175952352136, "m5_open": 89.48440483604766, "m1_open": 89.96747730311922, "band": {"m1": 0.003561400430831103, "m5": 0.008142257753092224, "h1": 0.016675644584591916, "d1": 0.051475686288353625}, "garch_variance": 8.406860898958343e-06, "prev_return": 0.0, "boundary_trend": -1, "trend_ou": 0.06634743791109758, "reversion_strength": {"s1": 0.008338960049529932, "m1": 0.001351140996985631, "m5": 0.013839264509730786, "h1": 0.04009322855887123, "d1": 0.05}}, "GOOG": {"p": 177.54167225782956, "d1_open": 175.76656301755804, "h1_open": 175.77288560235982, "m5_open": 176.8341347890509, "m1_open": 177.4723425483492, "band": {"m1": 0.004693663730750313, "m5": 0.010420893689435051, "h1": 0.023692023631166244, "d1": 0.08155214617396321}, "garch_variance": 1.638393082066878e-05, "prev_return": -0.004292108339844177, "boundary_trend": -1, "trend_ou": -0.00019786610154102948, "reversion_strength": {"s1": 0.0062823601171641975, "m1": 0.013292119646085305, "m5": 0.03312992683192555, "h1": 0.04623311401955329, "d1": 0.05}}, "AMZN": {"p": 170.9252428277217, "d1_open": 169.8941041712876, "h1_open": 168.9021703391811, "m5_open": 170.61850811236462, "m1_open": 171.49703166142518, "band": {"m1": 0.0033341033845549215, "m5": 0.007684831271189612, "h1": 0.015267136304800259, "d1": 0.045437964766397644}, "garch_variance": 4.256081594908522e-06, "prev_return": -0.0032451554546008288, "boundary_trend": 1, "trend_ou": 0.07550902381701007, "reversion_strength": {"s1": 0.002645480578274048, "m1": 0.009447304871809989, "m5": 0.011715152974709363, "h1": 0.04320287271163793, "d1": 0.05}}, "MSFT": {"p": 160.7365870452935, "d1_open": 164.41906387237157, "h1_open": 160.00715142749434, "m5_open": 162.01285140092668, "m1_open": 161.2685394044094, "band": {"m1": 0.0034298661462640635, "m5": 0.007877550111594894, "h1": 0.015860556434858394, "d1": 0.047981723679439967}, "garch_variance": 6.641360798350866e-06, "prev_return": 0.0, "boundary_trend": 1, "trend_ou": 0.012006277013984427, "reversion_strength": {"s1": 0.00502554902391116, "m1": 0.0038098335627198736, "m5": 0.0032918974962767448, "h1": 0.046518504108642444, "d1": 0.05}}, "NVDA": {"p": 101.31751861836054, "d1_open": 97.6331941946038, "h1_open": 100.4340456706556, "m5_open": 101.08184029740295, "m1_open": 100.93906335173874, "band": {"m1": 0.0037493439512413154, "m5": 0.008520486791903292, "h1": 0.01784028798391407, "d1": 0.05646805489447318}, "garch_variance": 8.114779330039867e-06, "prev_return": 0.0, "boundary_trend": -1, "trend_ou": 0.0329553309865887, "reversion_strength": {"s1": 0.0011925680738830492, "m1": 0.020956231791063703, "m5": 0.022867711633453934, "h1": 0.013888096527728985, "d1": 0.05}}}