{"AAPL": {"p": 89.759234003685, "d1_open": 87.95021220263737, "h1_open": 90.36175952352136, "m5_open": 90.11412600738124, "m1_open": 89.40614791527405, "band": {"m1": 0.003949237235291261, "m5": 0.00892276426614651, "h1": 0.019078981360144708, "d1": 0.0617778466536514}, "garch_variance": 1.1795887761108535e-05, "prev_return": 0.005016784670316467, "boundary_trend": -1, "trend_ou": 0.0739281713045585, "reversion_strength": {"s1": 0.008338960049529932, "m1": 0.001351140996985631, "m5": 0.013839264509730786, "h1": 0.04009322855887123, "d1": 0.05}}, "GOOG": {"p": 177.87037176924514, "d1_open": 175.76656301755804, "h1_open": 175.77288560235982, "m5_open": 178.10995364395154, "m1_open": 177.2617487682437, "band": {"m1": 0.0034334705892875178, "m5": 0.007884803913254215, "h1": 0.015882892351341903, "d1": 0.04807746897650349}, "garch_variance": 4.845539832887136e-06, "prev_return": 0.005224500497690304, "boundary_trend": -1, "trend_ou": 0.025376046897849978, "reversion_strength": {"s1": 0.0062823601171641975, "m1": 0.013292119646085305, "m5": 0.03312992683192555, "h1": 0.04623311401955329, "d1": 0.05}}, "AMZN": {"p": 170.71424056427873, "d1_open": 169.8941041712876, "h1_open": 168.9021703391811, "m5_open": 171.3264080928302, "m1_open": 171.32761346218655, "band": {"m1": 0.0035801169788849457, "m5": 0.008179924079469506, "h1": 0.01679162679084956, "d1": 0.05197285643135717}, "garch_variance": 7.64198136801961e-06, "prev_return": -0.0027564109110445744, "boundary_trend": 1, "trend_ou": 0.07239820482650064, "reversion_strength": {"s1": 0.002645480578274048, "m1": 0.009447304871809989, "m5": 0.011715152974709363, "h1": 0.04320287271163793, "d1": 0.05}}, "MSFT": {"p": 160.23893493202868, "d1_open": 164.41906387237157, "h1_open": 160.00715142749434, "m5_open": 159.64342077039723, "m1_open": 159.64669420678587, "band": {"m1": 0.003709696139875711, "m5": 0.008440697110667972, "h1": 0.017594599482901978, "d1": 0.05541488483396262}, "garch_variance": 1.2498655562671007e-05, "prev_return": 0.0030196872877218447, "boundary_trend": -1, "trend_ou": 0.01638385809267521, "reversion_strength": {"s1": 0.00502554902391116, "m1": 0.0038098335627198736, "m5": 0.0032918974962767448, "h1": 0.046518504108642444, "d1": 0.05}}, "NVDA": {"p": 101.62903268671546, "d1_open": 97.6331941946038, "h1_open": 100.4340456706556, "m5_open": 102.13745261585665, "m1_open": 101.98742985184683, "band": {"m1": 0.003514130767409293, "m5": 0.008047129390475994, "h1": 0.01638272519385032, "d1": 0.050220055962956894}, "garch_variance": 6.0228265139082236e-06, "prev_return": 0.0, "boundary_trend": 1, "trend_ou": 0.03475831823861137, "reversion_strength": {"s1": 0.0011925680738830492, "m1": 0.020956231791063703, "m5": 0.022867711633453934, "h1": 0.013888096527728985, "d1": 0.05}}}