{"AAPL": {"p": 57.908498414641045, "d1_open": 58.881026803928506, "h1_open": 57.95099828715578, "m5_open": 57.8043474708804, "m1_open": 57.803680625273316, "band": {"m1": 0.0018133410923645858, "m5": 0.0046368173742790345, "h1": 0.010040090408822705, "d1": 0.0316048870784444}, "garch_variance": 3.63045736511495e-06, "prev_return": 0.0, "boundary_trend": -1, "trend_ou": -0.19362414279079096, "reversion_strength": {"s1": 0.008338960049529932, "m1": 0.001351140996985631, "m5": 0.013839264509730786, "h1": 0.04009322855887123, "d1": 0.05}}, "GOOG": {"p": 116.28591680248154, "d1_open": 119.02146768303125, "h1_open": 116.73471203161151, "m5_open": 116.6080033221347, "m1_open": 116.46832356259928, "band": {"m1": 0.0015661490999284912, "m5": 0.004139353085556384, "h1": 0.008508297656789385, "d1": 0.025038693468637747}, "garch_variance": 1.7891161973424916e-06, "prev_return": -0.0029495830813121046, "boundary_trend": 1, "trend_ou": -0.10305399434473449, "reversion_strength": {"s1": 0.0062823601171641975, "m1": 0.013292119646085305, "m5": 0.03312992683192555, "h1": 0.04623311401955329, "d1": 0.05}}, "AMZN": {"p": 156.3216900657558, "d1_open": 158.98498094367304, "h1_open": 155.272478808972, "m5_open": 156.60703738012538, "m1_open": 156.60826792168817, "band": {"m1": 0.0018299024677016244, "m5": 0.00467014649922809, "h1": 0.010142717498215728, "d1": 0.032044809083344235}, "garch_variance": 4.373993099003248e-06, "prev_return": -0.003357126883489312, "boundary_trend": 1, "trend_ou": 0.07549598418634743, "reversion_strength": {"s1": 0.002645480578274048, "m1": 0.009447304871809989, "m5": 0.011715152974709363, "h1": 0.04320287271163793, "d1": 0.05}}, "MSFT": {"p": 133.46657791775195, "d1_open": 137.08846618531726, "h1_open": 133.13886604045118, "m5_open": 133.11544389482313, "m1_open": 133.2447501704174, "band": {"m1": 0.001664814163791416, "m5": 0.004337912696378057, "h1": 0.009119702695499141, "d1": 0.027659546617897376}, "garch_variance": 2.3513012938822278e-06, "prev_return": 0.0, "boundary_trend": -1, "trend_ou": -0.043737972804799796, "reversion_strength": {"s1": 0.00502554902391116, "m1": 0.0038098335627198736, "m5": 0.0032918974962767448, "h1": 0.046518504108642444, "d1": 0.05}}, "NVDA": {"p": 77.34148560812406, "d1_open": 77.58920212535816, "h1_open": 77.04681052606045, "m5_open": 77.26061216455734, "m1_open": 77.3866371230183, "band": {"m1": 0.00158822853123279, "m5": 0.004183787083927239, "h1": 0.008645118888365833, "d1": 0.025625192324485326}, "garch_variance": 1.9393390462836537e-06, "prev_return": 0.001005867190746021, "boundary_trend": 1, "trend_ou": 0.2368622718495523, "reversion_strength": {"s1": 0.0011925680738830492, "m1": 0.020956231791063703, "m5": 0.022867711633453934, "h1": 0.013888096527728985, "d1": 0.05}}}