{"AAPL": {"p": 90.38439861374823, "d1_open": 87.95021220263737, "h1_open": 89.92327454616381, "m5_open": 90.15687344452704, "m1_open": 90.4206593429811, "reversion_strength": {"s1": 0.008338960049529932, "m1": 0.001351140996985631, "m5": 0.013839264509730786, "h1": 0.04009322855887123, "d1": 0.05}, "garch_variance": 1.0772664533680267e-06, "prev_return": -0.00040110304577524035, "boundary_trend": 0}, "GOOG": {"p": 180.07429834774246, "d1_open": 175.76656301755804, "h1_open": 183.39762262224193, "m5_open": 176.21690516150224, "m1_open": 180.17265416735952, "reversion_strength": {"s1": 0.0062823601171641975, "m1": 0.013292119646085305, "m5": 0.03312992683192555, "h1": 0.04623311401955329, "d1": 0.05}, "garch_variance": 1.3657080976996127e-06, "prev_return": -0.000546046657018263, "boundary_trend": 0}, "AMZN": {"p": 169.88968277135805, "d1_open": 169.8941041712876, "h1_open": 168.9436681978484, "m5_open": 171.9035592650451, "m1_open": 169.88968277135805, "reversion_strength": {"s1": 0.002645480578274048, "m1": 0.009447304871809989, "m5": 0.011715152974709363, "h1": 0.04320287271163793, "d1": 0.05}, "garch_variance": 2.0119999775436742e-06, "prev_return": 0.0, "boundary_trend": 1}, "MSFT": {"p": 161.72602938120608, "d1_open": 164.41906387237157, "h1_open": 162.58297699275926, "m5_open": 162.17743441135158, "m1_open": 161.94616610073894, "reversion_strength": {"s1": 0.00502554902391116, "m1": 0.0038098335627198736, "m5": 0.0032918974962767448, "h1": 0.046518504108642444, "d1": 0.05}, "garch_variance": 1.827356908467243e-06, "prev_return": -0.0013602450661399387, "boundary_trend": 0}, "NVDA": {"p": 97.79087887163121, "d1_open": 97.6331941946038, "h1_open": 98.32781845318762, "m5_open": 97.57309042251282, "m1_open": 97.76515709107537, "reversion_strength": {"s1": 0.0011925680738830492, "m1": 0.020956231791063703, "m5": 0.022867711633453934, "h1": 0.013888096527728985, "d1": 0.05}, "garch_variance": 1.7529056553931296e-06, "prev_return": 0.0002630630200447835, "boundary_trend": 0}}