{"AAPL": {"p": 57.95103501067662, "d1_open": 58.881026803928506, "h1_open": 58.18002329517424, "m5_open": 57.95574319805747, "m1_open": 57.831994310858676, "band": {"m1": 0.0020583882889819065, "m5": 0.0051299653446779106, "h1": 0.011558592347276618, "d1": 0.038114108193063066}, "garch_variance": 4.499831942579841e-06, "prev_return": 0.0, "boundary_trend": -1, "trend_ou": -0.18837458836945287, "reversion_strength": {"s1": 0.008338960049529932, "m1": 0.001351140996985631, "m5": 0.013839264509730786, "h1": 0.04009322855887123, "d1": 0.05}}, "GOOG": {"p": 117.05771996470038, "d1_open": 119.02146768303125, "h1_open": 117.8132584785911, "m5_open": 116.47384860653564, "m1_open": 116.94559640030984, "band": {"m1": 0.0020002163556460356, "m5": 0.005012896587088477, "h1": 0.011198114060834192, "d1": 0.0365688794290737}, "garch_variance": 4.4614353220404215e-06, "prev_return": 0.0029605270148140837, "boundary_trend": -1, "trend_ou": -0.13987162680370854, "reversion_strength": {"s1": 0.0062823601171641975, "m1": 0.013292119646085305, "m5": 0.03312992683192555, "h1": 0.04623311401955329, "d1": 0.05}}, "AMZN": {"p": 155.1546349580184, "d1_open": 158.98498094367304, "h1_open": 156.39399479459698, "m5_open": 154.8346184811663, "m1_open": 154.83643516915458, "band": {"m1": 0.002107540543846762, "m5": 0.005228882349490601, "h1": 0.011863177730508823, "d1": 0.03941974604411375}, "garch_variance": 5.417784955653259e-06, "prev_return": -5.2361073364098375e-05, "boundary_trend": -1, "trend_ou": 0.11778058455314698, "reversion_strength": {"s1": 0.002645480578274048, "m1": 0.009447304871809989, "m5": 0.011715152974709363, "h1": 0.04320287271163793, "d1": 0.05}}, "MSFT": {"p": 133.6293454458715, "d1_open": 137.08846618531726, "h1_open": 133.29083440032448, "m5_open": 133.38068513768832, "m1_open": 133.3843869336911, "band": {"m1": 0.0018364856473206798, "m5": 0.004683394892650759, "h1": 0.010183511970263237, "d1": 0.03221967895481883}, "garch_variance": 4.1406180526851375e-06, "prev_return": 0.0006687439866228228, "boundary_trend": -1, "trend_ou": -0.01249988164472891, "reversion_strength": {"s1": 0.00502554902391116, "m1": 0.0038098335627198736, "m5": 0.0032918974962767448, "h1": 0.046518504108642444, "d1": 0.05}}, "NVDA": {"p": 77.04485911696182, "d1_open": 77.58920212535816, "h1_open": 77.08644892077346, "m5_open": 77.21247155472125, "m1_open": 76.95390234470058, "band": {"m1": 0.0018797370495706547, "m5": 0.004770436660648578, "h1": 0.010451531107246071, "d1": 0.033368571676909674}, "garch_variance": 4.201155763127332e-06, "prev_return": 0.002608697042138852, "boundary_trend": 0, "trend_ou": 0.24546698266625608, "reversion_strength": {"s1": 0.0011925680738830492, "m1": 0.020956231791063703, "m5": 0.022867711633453934, "h1": 0.013888096527728985, "d1": 0.05}}}