{"AAPL": {"p": 83.65624508574078, "d1_open": 81.94143766685488, "h1_open": 83.16511765564458, "m5_open": 83.50409740403565, "m1_open": 83.80997026137925, "band": {"m1": 0.0018342110748762325, "m5": 0.004678817403905781, "h1": 0.0101694169603479, "d1": 0.03215925918594776}, "garch_variance": 2.7449770356337676e-06, "prev_return": 0.0, "boundary_trend": 1, "trend_ou": -0.141620500214815, "reversion_strength": {"s1": 0.008338960049529932, "m1": 0.001351140996985631, "m5": 0.013839264509730786, "h1": 0.04009322855887123, "d1": 0.05}}, "GOOG": {"p": 152.45689402235536, "d1_open": 151.7016903651911, "h1_open": 152.3937591816353, "m5_open": 152.12070985565288, "m1_open": 152.12466113055032, "band": {"m1": 0.0021839515653540413, "m5": 0.005382656563979029, "h1": 0.012336679512531848, "d1": 0.04144946212105993}, "garch_variance": 5.718033182161918e-06, "prev_return": 0.0, "boundary_trend": -1, "trend_ou": -0.08097489306563423, "reversion_strength": {"s1": 0.0062823601171641975, "m1": 0.013292119646085305, "m5": 0.03312992683192555, "h1": 0.04623311401955329, "d1": 0.05}}, "AMZN": {"p": 170.35431280503192, "d1_open": 165.13593115049974, "h1_open": 168.6793807914225, "m5_open": 169.9678702520369, "m1_open": 170.73402608099056, "band": {"m1": 0.002224004697098379, "m5": 0.005463261936741914, "h1": 0.012584879692066684, "d1": 0.04251339876043309}, "garch_variance": 4.679947659190553e-06, "prev_return": 0.0, "boundary_trend": 1, "trend_ou": 0.024507750043032003, "reversion_strength": {"s1": 0.002645480578274048, "m1": 0.009447304871809989, "m5": 0.011715152974709363, "h1": 0.04320287271163793, "d1": 0.05}}, "MSFT": {"p": 161.57804780219945, "d1_open": 158.81978513575737, "h1_open": 159.9210688610481, "m5_open": 161.3247589834966, "m1_open": 161.59283143815713, "band": {"m1": 0.0018651647355661318, "m5": 0.004741110444415351, "h1": 0.010361229780117717, "d1": 0.0329814853714286}, "garch_variance": 2.307692768546735e-06, "prev_return": 0.0017754151818935714, "boundary_trend": -1, "trend_ou": 0.1252105034461795, "reversion_strength": {"s1": 0.00502554902391116, "m1": 0.0038098335627198736, "m5": 0.0032918974962767448, "h1": 0.046518504108642444, "d1": 0.05}}, "NVDA": {"p": 99.59554392933528, "d1_open": 100.31090827320226, "h1_open": 98.94100541546996, "m5_open": 99.80477227516637, "m1_open": 99.80601769144263, "band": {"m1": 0.0021088283750389783, "m5": 0.005231474059771008, "h1": 0.011871158128525114, "d1": 0.03945395487451116}, "garch_variance": 3.635976869469806e-06, "prev_return": 0.0, "boundary_trend": 1, "trend_ou": -0.08520338459080178, "reversion_strength": {"s1": 0.0011925680738830492, "m1": 0.020956231791063703, "m5": 0.022867711633453934, "h1": 0.013888096527728985, "d1": 0.05}}}