{"AAPL": {"p": 87.75204835361441, "d1_open": 87.95021220263737, "h1_open": 87.95021220263737, "m5_open": 88.00591679345318, "m1_open": 87.86164281754864, "reversion_strength": {"s1": 0.008338960049529932, "m1": 0.001351140996985631, "m5": 0.013839264509730786, "h1": 0.04009322855887123, "d1": 0.05}, "garch_variance": 1.078529185769356e-06, "prev_return": -0.0012481313664194254, "boundary_trend": 1}, "GOOG": {"p": 176.60429545168887, "d1_open": 175.76656301755804, "h1_open": 175.76656301755804, "m5_open": 177.30819034043165, "m1_open": 176.49927346612114, "reversion_strength": {"s1": 0.0062823601171641975, "m1": 0.013292119646085305, "m5": 0.03312992683192555, "h1": 0.04623311401955329, "d1": 0.05}, "garch_variance": 1.4689074821382784e-06, "prev_return": 0.0005948509044324347, "boundary_trend": 0}, "AMZN": {"p": 171.24177803238214, "d1_open": 169.8941041712876, "h1_open": 169.8941041712876, "m5_open": 172.37023541192366, "m1_open": 171.2832162580238, "reversion_strength": {"s1": 0.002645480578274048, "m1": 0.009447304871809989, "m5": 0.011715152974709363, "h1": 0.04320287271163793, "d1": 0.05}, "garch_variance": 1.5152697087506359e-06, "prev_return": -0.00024195738433434338, "boundary_trend": 0}, "MSFT": {"p": 164.9241325635101, "d1_open": 164.41906387237157, "h1_open": 164.41906387237157, "m5_open": 164.54421881432395, "m1_open": 164.73320836143856, "reversion_strength": {"s1": 0.00502554902391116, "m1": 0.0038098335627198736, "m5": 0.0032918974962767448, "h1": 0.046518504108642444, "d1": 0.05}, "garch_variance": 1.2521643604223678e-06, "prev_return": 0.0011583192589179835, "boundary_trend": -1}, "NVDA": {"p": 98.09737719333896, "d1_open": 97.6331941946038, "h1_open": 97.6331941946038, "m5_open": 98.40190257995818, "m1_open": 97.99874033657642, "reversion_strength": {"s1": 0.0011925680738830492, "m1": 0.020956231791063703, "m5": 0.022867711633453934, "h1": 0.013888096527728985, "d1": 0.05}, "garch_variance": 1.0971751145140734e-06, "prev_return": 0.0010060052827536967, "boundary_trend": 0}}