{"AAPL": {"p": 90.23260351468322, "d1_open": 87.95021220263737, "h1_open": 89.92327454616381, "m5_open": 90.2837567142836, "m1_open": 90.35468543444344, "reversion_strength": {"s1": 0.008338960049529932, "m1": 0.001351140996985631, "m5": 0.013839264509730786, "h1": 0.04009322855887123, "d1": 0.05}, "garch_variance": 2.132557023282032e-06, "prev_return": -0.0013520546110228153, "boundary_trend": 1}, "GOOG": {"p": 177.4310803933339, "d1_open": 175.76656301755804, "h1_open": 183.39762262224193, "m5_open": 177.70949469667065, "m1_open": 177.84038693029962, "reversion_strength": {"s1": 0.0062823601171641975, "m1": 0.013292119646085305, "m5": 0.03312992683192555, "h1": 0.04623311401955329, "d1": 0.05}, "garch_variance": 4.244633013386857e-06, "prev_return": -0.0023041913337050325, "boundary_trend": 0}, "AMZN": {"p": 171.7783340800483, "d1_open": 169.8941041712876, "h1_open": 168.9436681978484, "m5_open": 169.9806919668684, "m1_open": 171.45914128711703, "reversion_strength": {"s1": 0.002645480578274048, "m1": 0.009447304871809989, "m5": 0.011715152974709363, "h1": 0.04320287271163793, "d1": 0.05}, "garch_variance": 1.3241742388589828e-06, "prev_return": 0.0018598953077763043, "boundary_trend": 0}, "MSFT": {"p": 162.11231642034346, "d1_open": 164.41906387237157, "h1_open": 162.58297699275926, "m5_open": 162.0796041149426, "m1_open": 162.1615182529733, "reversion_strength": {"s1": 0.00502554902391116, "m1": 0.0038098335627198736, "m5": 0.0032918974962767448, "h1": 0.046518504108642444, "d1": 0.05}, "garch_variance": 1.2048956577282096e-06, "prev_return": -0.00030345854488678407, "boundary_trend": -1}, "NVDA": {"p": 98.80619713932047, "d1_open": 97.6331941946038, "h1_open": 98.32781845318762, "m5_open": 98.59875170647724, "m1_open": 98.68850437973792, "reversion_strength": {"s1": 0.0011925680738830492, "m1": 0.020956231791063703, "m5": 0.022867711633453934, "h1": 0.013888096527728985, "d1": 0.05}, "garch_variance": 1.6483175317999825e-06, "prev_return": 0.0011918575294366796, "boundary_trend": -1}}