{"AAPL": {"p": 89.66945925581285, "d1_open": 87.95021220263737, "h1_open": 90.36175952352136, "m5_open": 89.86189106115746, "m1_open": 89.33404298976008, "band": {"m1": 0.003754629868159159, "m5": 0.008531124494499838, "h1": 0.017873043613021663, "d1": 0.05660846540512875}, "garch_variance": 7.307033574795579e-06, "prev_return": 0.0005645131885722543, "boundary_trend": -1, "trend_ou": 0.07529314418553451, "reversion_strength": {"s1": 0.008338960049529932, "m1": 0.001351140996985631, "m5": 0.013839264509730786, "h1": 0.04009322855887123, "d1": 0.05}}, "GOOG": {"p": 175.47067850068228, "d1_open": 175.76656301755804, "h1_open": 175.77288560235982, "m5_open": 176.90452187702715, "m1_open": 175.46295794353713, "band": {"m1": 0.003542977425011594, "m5": 0.008105182169066158, "h1": 0.016561481393030254, "d1": 0.050986313546569684}, "garch_variance": 6.6576169417247146e-06, "prev_return": 0.0, "boundary_trend": 1, "trend_ou": 0.017982066185251423, "reversion_strength": {"s1": 0.0062823601171641975, "m1": 0.013292119646085305, "m5": 0.03312992683192555, "h1": 0.04623311401955329, "d1": 0.05}}, "AMZN": {"p": 171.4121405236661, "d1_open": 169.8941041712876, "h1_open": 168.9021703391811, "m5_open": 170.328470236243, "m1_open": 171.18174846080453, "band": {"m1": 0.0037865696026526054, "m5": 0.008595401970259414, "h1": 0.01807096690866231, "d1": 0.05745688479955554}, "garch_variance": 1.0637580499287755e-05, "prev_return": 0.005138743421651434, "boundary_trend": 0, "trend_ou": 0.07881388240142208, "reversion_strength": {"s1": 0.002645480578274048, "m1": 0.009447304871809989, "m5": 0.011715152974709363, "h1": 0.04320287271163793, "d1": 0.05}}, "MSFT": {"p": 160.41130878456767, "d1_open": 164.41906387237157, "h1_open": 160.00715142749434, "m5_open": 160.2649640660283, "m1_open": 161.00129619163155, "band": {"m1": 0.0036644885539409205, "m5": 0.008349718598944003, "h1": 0.017314458318985683, "d1": 0.05421402974576009}, "garch_variance": 7.349629732485578e-06, "prev_return": -0.003343774954163522, "boundary_trend": 1, "trend_ou": 0.030008500868045386, "reversion_strength": {"s1": 0.00502554902391116, "m1": 0.0038098335627198736, "m5": 0.0032918974962767448, "h1": 0.046518504108642444, "d1": 0.05}}, "NVDA": {"p": 101.71330629809857, "d1_open": 97.6331941946038, "h1_open": 100.4340456706556, "m5_open": 102.0276084895113, "m1_open": 101.36730187968443, "band": {"m1": 0.00341337306999484, "m5": 0.007844358435868427, "h1": 0.015758352579308906, "d1": 0.04754361591171757}, "garch_variance": 6.938962780926776e-06, "prev_return": 0.0, "boundary_trend": -1, "trend_ou": 0.044927623229302854, "reversion_strength": {"s1": 0.0011925680738830492, "m1": 0.020956231791063703, "m5": 0.022867711633453934, "h1": 0.013888096527728985, "d1": 0.05}}}