{"AAPL": {"p": 89.42548881788287, "d1_open": 87.95021220263737, "h1_open": 90.00052714134381, "m5_open": 90.00052714134381, "m1_open": 89.7554730859511, "band": {"m1": 0.003676480739533605, "m5": 0.008373852406909636, "h1": 0.017388771175121838, "d1": 0.05453257975876935}, "garch_variance": 8.195715803182629e-06, "prev_return": 0.0, "boundary_trend": 1, "trend_ou": 0.0789085266226447, "reversion_strength": {"s1": 0.008338960049529932, "m1": 0.001351140996985631, "m5": 0.013839264509730786, "h1": 0.04009322855887123, "d1": 0.05}}, "GOOG": {"p": 176.1950213116907, "d1_open": 175.76656301755804, "h1_open": 176.08648575624287, "m5_open": 176.08648575624287, "m1_open": 175.61508673419976, "band": {"m1": 0.0034370572375893027, "m5": 0.00789202190372697, "h1": 0.01590511799796833, "d1": 0.048172741590020246}, "garch_variance": 5.481815978657653e-06, "prev_return": 0.006739841844960328, "boundary_trend": 0, "trend_ou": 0.021551409309385202, "reversion_strength": {"s1": 0.0062823601171641975, "m1": 0.013292119646085305, "m5": 0.03312992683192555, "h1": 0.04623311401955329, "d1": 0.05}}, "AMZN": {"p": 170.4048585656549, "d1_open": 169.8941041712876, "h1_open": 171.4747272210238, "m5_open": 171.4747272210238, "m1_open": 170.82074565691985, "band": {"m1": 0.00380020372842217, "m5": 0.008622840119090487, "h1": 0.0181554544959353, "d1": 0.05781904988678651}, "garch_variance": 9.66242790391174e-06, "prev_return": -0.0062306101680460165, "boundary_trend": 0, "trend_ou": 0.08067002975532044, "reversion_strength": {"s1": 0.002645480578274048, "m1": 0.009447304871809989, "m5": 0.011715152974709363, "h1": 0.04320287271163793, "d1": 0.05}}, "MSFT": {"p": 160.62478272658606, "d1_open": 164.41906387237157, "h1_open": 160.99657128302283, "m5_open": 160.99657128302283, "m1_open": 161.20268550149535, "band": {"m1": 0.0035849450839572066, "m5": 0.008189640453499182, "h1": 0.016821545463711323, "d1": 0.052101106025369194}, "garch_variance": 6.702251242772372e-06, "prev_return": -0.005164953684332285, "boundary_trend": 1, "trend_ou": 0.024293773494962333, "reversion_strength": {"s1": 0.00502554902391116, "m1": 0.0038098335627198736, "m5": 0.0032918974962767448, "h1": 0.046518504108642444, "d1": 0.05}}, "NVDA": {"p": 101.88656906278419, "d1_open": 97.6331941946038, "h1_open": 102.01551314508438, "m5_open": 102.01551314508438, "m1_open": 102.23109676185042, "band": {"m1": 0.003370087086797361, "m5": 0.0077572470750561975, "h1": 0.01549011915203202, "d1": 0.04639380461134154}, "garch_variance": 5.072188042495281e-06, "prev_return": 0.0, "boundary_trend": 1, "trend_ou": 0.039218220093485204, "reversion_strength": {"s1": 0.0011925680738830492, "m1": 0.020956231791063703, "m5": 0.022867711633453934, "h1": 0.013888096527728985, "d1": 0.05}}}