{"AAPL": {"p": 89.48902918968881, "d1_open": 87.95021220263737, "h1_open": 89.17288531883615, "m5_open": 89.41783320460887, "m1_open": 89.4184246286321, "reversion_strength": {"s1": 0.008338960049529932, "m1": 0.001351140996985631, "m5": 0.013839264509730786, "h1": 0.04009322855887123, "d1": 0.05}, "garch_variance": 1.0729577486507142e-06, "prev_return": 0.0007892858929601221, "boundary_trend": -1}, "GOOG": {"p": 184.16887261432532, "d1_open": 175.76656301755804, "h1_open": 176.0396410021823, "m5_open": 182.65625418130696, "m1_open": 184.17850179659743, "reversion_strength": {"s1": 0.0062823601171641975, "m1": 0.013292119646085305, "m5": 0.03312992683192555, "h1": 0.04623311401955329, "d1": 0.05}, "garch_variance": 1.315240024740367e-06, "prev_return": -5.228315955670077e-05, "boundary_trend": -1}, "AMZN": {"p": 167.32280282677067, "d1_open": 169.8941041712876, "h1_open": 162.3870609310141, "m5_open": 167.71057554158588, "m1_open": 167.4405056520393, "reversion_strength": {"s1": 0.002645480578274048, "m1": 0.009447304871809989, "m5": 0.011715152974709363, "h1": 0.04320287271163793, "d1": 0.05}, "garch_variance": 2.6492668189288067e-06, "prev_return": -0.0007032003038428157, "boundary_trend": 0}, "MSFT": {"p": 164.63497164738035, "d1_open": 164.41906387237157, "h1_open": 164.33550431317852, "m5_open": 164.0947884242146, "m1_open": 164.541641154773, "reversion_strength": {"s1": 0.00502554902391116, "m1": 0.0038098335627198736, "m5": 0.0032918974962767448, "h1": 0.046518504108642444, "d1": 0.05}, "garch_variance": 1.6093420010692367e-06, "prev_return": 0.0005670542285112496, "boundary_trend": -1}, "NVDA": {"p": 97.53226275234442, "d1_open": 97.6331941946038, "h1_open": 98.01165686841159, "m5_open": 98.4952491601625, "m1_open": 97.59624641921425, "reversion_strength": {"s1": 0.0011925680738830492, "m1": 0.020956231791063703, "m5": 0.022867711633453934, "h1": 0.013888096527728985, "d1": 0.05}, "garch_variance": 1.180132173896316e-06, "prev_return": -0.0006558105674531802, "boundary_trend": 0}}