{"AAPL": {"p": 88.65236994448195, "d1_open": 87.95021220263737, "h1_open": 88.46025421232386, "m5_open": 88.71364479227643, "m1_open": 88.74518234241566, "reversion_strength": {"s1": 0.008338960049529932, "m1": 0.001351140996985631, "m5": 0.013839264509730786, "h1": 0.04009322855887123, "d1": 0.05}, "garch_variance": 1.4532696913151553e-06, "prev_return": -0.001046377531207536, "boundary_trend": 0}, "GOOG": {"p": 169.65487091122787, "d1_open": 175.76656301755804, "h1_open": 171.25338368742615, "m5_open": 170.11830882226877, "m1_open": 169.46382567781765, "reversion_strength": {"s1": 0.0062823601171641975, "m1": 0.013292119646085305, "m5": 0.03312992683192555, "h1": 0.04623311401955329, "d1": 0.05}, "garch_variance": 1.8540427604690166e-06, "prev_return": 0.0011267161353392284, "boundary_trend": 0}, "AMZN": {"p": 166.92958676019245, "d1_open": 169.8941041712876, "h1_open": 168.5021874081404, "m5_open": 168.25616323207532, "m1_open": 166.9500731585594, "reversion_strength": {"s1": 0.002645480578274048, "m1": 0.009447304871809989, "m5": 0.011715152974709363, "h1": 0.04320287271163793, "d1": 0.05}, "garch_variance": 1.7741991152250577e-06, "prev_return": -0.00012271725925230135, "boundary_trend": 0}, "MSFT": {"p": 164.3903937581621, "d1_open": 164.41906387237157, "h1_open": 164.11163536945244, "m5_open": 164.1213540649923, "m1_open": 164.43404843301948, "reversion_strength": {"s1": 0.00502554902391116, "m1": 0.0038098335627198736, "m5": 0.0032918974962767448, "h1": 0.046518504108642444, "d1": 0.05}, "garch_variance": 1.1352247031438278e-06, "prev_return": -0.00026551964825337153, "boundary_trend": -1}, "NVDA": {"p": 96.0908282012656, "d1_open": 97.6331941946038, "h1_open": 97.10451824378742, "m5_open": 96.25723778437123, "m1_open": 96.1242685341116, "reversion_strength": {"s1": 0.0011925680738830492, "m1": 0.020956231791063703, "m5": 0.022867711633453934, "h1": 0.013888096527728985, "d1": 0.05}, "garch_variance": 1.2008971722381833e-06, "prev_return": -0.0003479470005356828, "boundary_trend": 0}}