{"AAPL": {"p": 89.48641725136716, "d1_open": 87.95021220263737, "h1_open": 90.36175952352136, "m5_open": 89.17259750189662, "m1_open": 89.79040363213505, "band": {"m1": 0.0033855107948205804, "m5": 0.007788286688700722, "h1": 0.015585696374929132, "d1": 0.04680350660881935}, "garch_variance": 4.038727767683859e-06, "prev_return": -0.004155504778014544, "boundary_trend": 1, "trend_ou": 0.06978989357675562, "reversion_strength": {"s1": 0.008338960049529932, "m1": 0.001351140996985631, "m5": 0.013839264509730786, "h1": 0.04009322855887123, "d1": 0.05}}, "GOOG": {"p": 175.21233754275997, "d1_open": 175.76656301755804, "h1_open": 175.77288560235982, "m5_open": 177.10766678773925, "m1_open": 175.41037342818362, "band": {"m1": 0.004833130529645991, "m5": 0.010701565208076576, "h1": 0.024556267774321152, "d1": 0.0852568212108204}, "garch_variance": 2.5830891886234763e-05, "prev_return": -0.005951112404539306, "boundary_trend": 1, "trend_ou": -0.010557742898145437, "reversion_strength": {"s1": 0.0062823601171641975, "m1": 0.013292119646085305, "m5": 0.03312992683192555, "h1": 0.04623311401955329, "d1": 0.05}}, "AMZN": {"p": 171.1423217172667, "d1_open": 169.8941041712876, "h1_open": 168.9021703391811, "m5_open": 169.84815979716566, "m1_open": 170.53828187246907, "band": {"m1": 0.003541960421821001, "m5": 0.008103135489625407, "h1": 0.01655517925475792, "d1": 0.05095929875622224}, "garch_variance": 6.138289054626652e-06, "prev_return": 0.0, "boundary_trend": -1, "trend_ou": 0.07368399496898818, "reversion_strength": {"s1": 0.002645480578274048, "m1": 0.009447304871809989, "m5": 0.011715152974709363, "h1": 0.04320287271163793, "d1": 0.05}}, "MSFT": {"p": 161.6552541732214, "d1_open": 164.41906387237157, "h1_open": 160.00715142749434, "m5_open": 161.00401406120514, "m1_open": 161.1049546178202, "band": {"m1": 0.0034157829391818725, "m5": 0.007849208204055606, "h1": 0.015773285992473567, "d1": 0.047607629585867846}, "garch_variance": 5.351251030554551e-06, "prev_return": 0.0012931861031233423, "boundary_trend": -1, "trend_ou": 0.0018866861535093444, "reversion_strength": {"s1": 0.00502554902391116, "m1": 0.0038098335627198736, "m5": 0.0032918974962767448, "h1": 0.046518504108642444, "d1": 0.05}}, "NVDA": {"p": 101.83881279461838, "d1_open": 97.6331941946038, "h1_open": 100.4340456706556, "m5_open": 101.78597305952917, "m1_open": 102.22015414941679, "band": {"m1": 0.0037305887275517115, "m5": 0.008482742632310443, "h1": 0.0177240661135073, "d1": 0.05596985740543839}, "garch_variance": 8.205265864443181e-06, "prev_return": 0.0, "boundary_trend": 1, "trend_ou": 0.041373640357775514, "reversion_strength": {"s1": 0.0011925680738830492, "m1": 0.020956231791063703, "m5": 0.022867711633453934, "h1": 0.013888096527728985, "d1": 0.05}}}