{"AAPL": {"p": 58.26273863381784, "d1_open": 58.881026803928506, "h1_open": 57.935104588267784, "m5_open": 58.35640345188377, "m1_open": 58.35539603322648, "band": {"m1": 0.001587812022659895, "m5": 0.004182948876593255, "h1": 0.008642537879139633, "d1": 0.02561412855214051}, "garch_variance": 2.284273344541838e-06, "prev_return": -0.002647121140322262, "boundary_trend": 1, "trend_ou": -0.17538203322921783, "reversion_strength": {"s1": 0.008338960049529932, "m1": 0.001351140996985631, "m5": 0.013839264509730786, "h1": 0.04009322855887123, "d1": 0.05}}, "GOOG": {"p": 116.33764782002291, "d1_open": 119.02146768303125, "h1_open": 116.09550753836272, "m5_open": 116.18625945513308, "m1_open": 116.185872178615, "band": {"m1": 0.0015247508831660462, "m5": 0.004056040781411097, "h1": 0.00825176229025557, "d1": 0.023939027157912764}, "garch_variance": 1.7675691494465605e-06, "prev_return": 0.0014230649317932699, "boundary_trend": 0, "trend_ou": -0.1281461569586056, "reversion_strength": {"s1": 0.0062823601171641975, "m1": 0.013292119646085305, "m5": 0.03312992683192555, "h1": 0.04623311401955329, "d1": 0.05}}, "AMZN": {"p": 156.94748875712276, "d1_open": 158.98498094367304, "h1_open": 156.28356493298796, "m5_open": 156.18363541362393, "m1_open": 156.7060712451925, "band": {"m1": 0.0019395155927705715, "m5": 0.004890738658220407, "h1": 0.010821965190884181, "d1": 0.03495647703134514}, "garch_variance": 5.2819099141481735e-06, "prev_return": 0.0, "boundary_trend": -1, "trend_ou": 0.0548319108649328, "reversion_strength": {"s1": 0.002645480578274048, "m1": 0.009447304871809989, "m5": 0.011715152974709363, "h1": 0.04320287271163793, "d1": 0.05}}, "MSFT": {"p": 133.89353373035354, "d1_open": 137.08846618531726, "h1_open": 133.73171007353216, "m5_open": 134.13750052716398, "m1_open": 134.13832814824497, "band": {"m1": 0.0018249401291246668, "m5": 0.0046601599854811885, "h1": 0.010111967010748851, "d1": 0.03191299382698176}, "garch_variance": 3.898062165165048e-06, "prev_return": 0.0, "boundary_trend": 1, "trend_ou": -0.034791291240657427, "reversion_strength": {"s1": 0.00502554902391116, "m1": 0.0038098335627198736, "m5": 0.0032918974962767448, "h1": 0.046518504108642444, "d1": 0.05}}, "NVDA": {"p": 77.51717361260911, "d1_open": 77.58920212535816, "h1_open": 77.45406808949511, "m5_open": 77.44710105899196, "m1_open": 77.39675946534727, "band": {"m1": 0.001555803474120254, "m5": 0.00411853291523709, "h1": 0.008444188158451152, "d1": 0.02476388124109741}, "garch_variance": 2.0464392890530905e-06, "prev_return": 0.0, "boundary_trend": -1, "trend_ou": 0.2328852630760301, "reversion_strength": {"s1": 0.0011925680738830492, "m1": 0.020956231791063703, "m5": 0.022867711633453934, "h1": 0.013888096527728985, "d1": 0.05}}}