{"AAPL": {"p": 57.34555642239633, "d1_open": 58.881026803928506, "h1_open": 57.95099828715578, "m5_open": 57.36607864064074, "m1_open": 57.286925533304284, "band": {"m1": 0.002009935031578981, "m5": 0.005032455045122099, "h1": 0.011258338492890969, "d1": 0.03682703790410273}, "garch_variance": 4.624772912687638e-06, "prev_return": -0.0009849809785659604, "boundary_trend": 0, "trend_ou": -0.18324586427070902, "reversion_strength": {"s1": 0.008338960049529932, "m1": 0.001351140996985631, "m5": 0.013839264509730786, "h1": 0.04009322855887123, "d1": 0.05}}, "GOOG": {"p": 115.80151466908964, "d1_open": 119.02146768303125, "h1_open": 116.73471203161151, "m5_open": 115.8144705098114, "m1_open": 115.59891022344621, "band": {"m1": 0.0017526501352979602, "m5": 0.004514679179220589, "h1": 0.009664002303247618, "d1": 0.02999274515371377}, "garch_variance": 3.0103380802420704e-06, "prev_return": 0.0, "boundary_trend": -1, "trend_ou": -0.10035466442836168, "reversion_strength": {"s1": 0.0062823601171641975, "m1": 0.013292119646085305, "m5": 0.03312992683192555, "h1": 0.04623311401955329, "d1": 0.05}}, "AMZN": {"p": 155.83723121570165, "d1_open": 158.98498094367304, "h1_open": 155.272478808972, "m5_open": 155.57368374848565, "m1_open": 155.5514618029783, "band": {"m1": 0.001837137429703577, "m5": 0.004684706579393985, "h1": 0.010187550917966137, "d1": 0.03223699233651614}, "garch_variance": 4.701728074712582e-06, "prev_return": 0.0, "boundary_trend": -1, "trend_ou": 0.09540783033751668, "reversion_strength": {"s1": 0.002645480578274048, "m1": 0.009447304871809989, "m5": 0.011715152974709363, "h1": 0.04320287271163793, "d1": 0.05}}, "MSFT": {"p": 133.42328262986493, "d1_open": 137.08846618531726, "h1_open": 133.13886604045118, "m5_open": 133.26757568385742, "m1_open": 133.49031762748615, "band": {"m1": 0.001888011369708722, "m5": 0.0047870884087152605, "h1": 0.010502805193799548, "d1": 0.03358836353780549}, "garch_variance": 5.460539328039369e-06, "prev_return": 0.0013874985447980294, "boundary_trend": 1, "trend_ou": -0.020592766229985942, "reversion_strength": {"s1": 0.00502554902391116, "m1": 0.0038098335627198736, "m5": 0.0032918974962767448, "h1": 0.046518504108642444, "d1": 0.05}}, "NVDA": {"p": 77.49101304623117, "d1_open": 77.58920212535816, "h1_open": 77.04681052606045, "m5_open": 77.6806405787841, "m1_open": 77.61975486062128, "band": {"m1": 0.0016586217596446472, "m5": 0.004325450723423363, "h1": 0.009081329770485667, "d1": 0.027495056967010465}, "garch_variance": 2.5762161133879994e-06, "prev_return": -0.0005479546608848823, "boundary_trend": 1, "trend_ou": 0.25518990722559626, "reversion_strength": {"s1": 0.0011925680738830492, "m1": 0.020956231791063703, "m5": 0.022867711633453934, "h1": 0.013888096527728985, "d1": 0.05}}}