{"AAPL": {"p": 90.20454430990954, "d1_open": 87.95021220263737, "h1_open": 89.92327454616381, "m5_open": 90.33983162164124, "m1_open": 90.28557935029468, "reversion_strength": {"s1": 0.008338960049529932, "m1": 0.001351140996985631, "m5": 0.013839264509730786, "h1": 0.04009322855887123, "d1": 0.05}, "garch_variance": 1.712844234377826e-06, "prev_return": -0.0008979443770853149, "boundary_trend": 0}, "GOOG": {"p": 177.48014855435832, "d1_open": 175.76656301755804, "h1_open": 183.39762262224193, "m5_open": 177.3564440630893, "m1_open": 177.6043471204656, "reversion_strength": {"s1": 0.0062823601171641975, "m1": 0.013292119646085305, "m5": 0.03312992683192555, "h1": 0.04623311401955329, "d1": 0.05}, "garch_variance": 3.9006978336755645e-06, "prev_return": -0.0006995437575278472, "boundary_trend": 0}, "AMZN": {"p": 170.24332165606435, "d1_open": 169.8941041712876, "h1_open": 168.9436681978484, "m5_open": 171.62632039862208, "m1_open": 170.68653945427835, "reversion_strength": {"s1": 0.002645480578274048, "m1": 0.009447304871809989, "m5": 0.011715152974709363, "h1": 0.04320287271163793, "d1": 0.05}, "garch_variance": 2.2662863537624823e-06, "prev_return": -0.0026000541370019294, "boundary_trend": 0}, "MSFT": {"p": 162.44113523524257, "d1_open": 164.41906387237157, "h1_open": 162.58297699275926, "m5_open": 162.24033006590386, "m1_open": 162.24597813165266, "reversion_strength": {"s1": 0.00502554902391116, "m1": 0.0038098335627198736, "m5": 0.0032918974962767448, "h1": 0.046518504108642444, "d1": 0.05}, "garch_variance": 1.9391013196665413e-06, "prev_return": 0.001202124254751236, "boundary_trend": 0}, "NVDA": {"p": 97.68290943534792, "d1_open": 97.6331941946038, "h1_open": 98.32781845318762, "m5_open": 98.86974620631537, "m1_open": 97.60768623693535, "reversion_strength": {"s1": 0.0011925680738830492, "m1": 0.020956231791063703, "m5": 0.022867711633453934, "h1": 0.013888096527728985, "d1": 0.05}, "garch_variance": 1.3236893853707786e-06, "prev_return": 0.0007703719871800258, "boundary_trend": -1}}