{"AAPL": {"p": 57.91831008336639, "d1_open": 58.881026803928506, "h1_open": 57.95099828715578, "m5_open": 57.95099828715578, "m1_open": 58.03851392669027, "band": {"m1": 0.0020711047749381413, "m5": 0.005155556779007667, "h1": 0.011637393528605865, "d1": 0.03845189789248714}, "garch_variance": 6.895344288902976e-06, "prev_return": 0.0, "boundary_trend": 1, "trend_ou": -0.17698144647377037, "reversion_strength": {"s1": 0.008338960049529932, "m1": 0.001351140996985631, "m5": 0.013839264509730786, "h1": 0.04009322855887123, "d1": 0.05}}, "GOOG": {"p": 116.16925658878762, "d1_open": 119.02146768303125, "h1_open": 116.73471203161151, "m5_open": 116.73471203161151, "m1_open": 116.23491658783965, "band": {"m1": 0.0019162590319635369, "m5": 0.004843935732421758, "h1": 0.010677849554571052, "d1": 0.03433870992872869}, "garch_variance": 3.718134987912964e-06, "prev_return": -0.0024794754510999214, "boundary_trend": 1, "trend_ou": -0.12258204429328459, "reversion_strength": {"s1": 0.0062823601171641975, "m1": 0.013292119646085305, "m5": 0.03312992683192555, "h1": 0.04623311401955329, "d1": 0.05}}, "AMZN": {"p": 154.6276492881448, "d1_open": 158.98498094367304, "h1_open": 155.272478808972, "m5_open": 155.272478808972, "m1_open": 154.95746150184303, "band": {"m1": 0.002128404857060082, "m5": 0.00527087096987455, "h1": 0.011992469150677216, "d1": 0.03997396755729537}, "garch_variance": 7.425127079691414e-06, "prev_return": 0.0, "boundary_trend": 1, "trend_ou": 0.11693431359376211, "reversion_strength": {"s1": 0.002645480578274048, "m1": 0.009447304871809989, "m5": 0.011715152974709363, "h1": 0.04320287271163793, "d1": 0.05}}, "MSFT": {"p": 133.13796779039487, "d1_open": 137.08846618531726, "h1_open": 133.13886604045118, "m5_open": 133.13886604045118, "m1_open": 133.37448861135178, "band": {"m1": 0.0017733587841234077, "m5": 0.004556354531066871, "h1": 0.009792329106485078, "d1": 0.030542831733158825}, "garch_variance": 2.6332648693451174e-06, "prev_return": -0.003132360880165721, "boundary_trend": 1, "trend_ou": -0.01962899889267855, "reversion_strength": {"s1": 0.00502554902391116, "m1": 0.0038098335627198736, "m5": 0.0032918974962767448, "h1": 0.046518504108642444, "d1": 0.05}}, "NVDA": {"p": 77.22781523464728, "d1_open": 77.58920212535816, "h1_open": 77.04681052606045, "m5_open": 77.04681052606045, "m1_open": 77.37628769673104, "band": {"m1": 0.0019188367199221808, "m5": 0.004849123229372039, "h1": 0.010693822902627928, "d1": 0.03440718139511934}, "garch_variance": 4.227591119265678e-06, "prev_return": 0.0, "boundary_trend": 1, "trend_ou": 0.2393672196419225, "reversion_strength": {"s1": 0.0011925680738830492, "m1": 0.020956231791063703, "m5": 0.022867711633453934, "h1": 0.013888096527728985, "d1": 0.05}}}