{"AAPL": {"p": 83.81515058972332, "d1_open": 81.94143766685488, "h1_open": 83.16511765564458, "m5_open": 83.65827076873106, "m1_open": 83.65827076873106, "band": {"m1": 0.0018752458011705672, "m5": 0.004761398197594789, "h1": 0.010423699858834519, "d1": 0.03324927005126203}, "garch_variance": 2.3676072733053257e-06, "prev_return": 0.0, "boundary_trend": -1, "trend_ou": -0.14178475335169935, "reversion_strength": {"s1": 0.008338960049529932, "m1": 0.001351140996985631, "m5": 0.013839264509730786, "h1": 0.04009322855887123, "d1": 0.05}}, "GOOG": {"p": 152.18303603058467, "d1_open": 151.7016903651911, "h1_open": 152.3937591816353, "m5_open": 151.85071396277704, "m1_open": 151.85071396277704, "band": {"m1": 0.0021884787969393047, "m5": 0.005391767441796109, "h1": 0.012364733740586486, "d1": 0.04156971957281762}, "garch_variance": 7.25633400712452e-06, "prev_return": 0.0, "boundary_trend": -1, "trend_ou": -0.08648624943889872, "reversion_strength": {"s1": 0.0062823601171641975, "m1": 0.013292119646085305, "m5": 0.03312992683192555, "h1": 0.04623311401955329, "d1": 0.05}}, "AMZN": {"p": 169.40457890979872, "d1_open": 165.13593115049974, "h1_open": 168.6793807914225, "m5_open": 169.02915256973694, "m1_open": 169.02915256973694, "band": {"m1": 0.002221074497234455, "m5": 0.0054573650232668585, "h1": 0.012566721907628222, "d1": 0.04243556347364916}, "garch_variance": 5.8062819907224665e-06, "prev_return": 0.0, "boundary_trend": -1, "trend_ou": 0.025344327386994443, "reversion_strength": {"s1": 0.002645480578274048, "m1": 0.009447304871809989, "m5": 0.011715152974709363, "h1": 0.04320287271163793, "d1": 0.05}}, "MSFT": {"p": 161.64281538534044, "d1_open": 158.81978513575737, "h1_open": 159.9210688610481, "m5_open": 161.42080634960723, "m1_open": 161.42080634960723, "band": {"m1": 0.0019305208756987058, "m5": 0.004872637139290445, "h1": 0.010766226967807088, "d1": 0.034717549171355604}, "garch_variance": 2.5967515719325304e-06, "prev_return": 0.0033067851841249844, "boundary_trend": -1, "trend_ou": 0.12648699934745603, "reversion_strength": {"s1": 0.00502554902391116, "m1": 0.0038098335627198736, "m5": 0.0032918974962767448, "h1": 0.046518504108642444, "d1": 0.05}}, "NVDA": {"p": 99.69873415295801, "d1_open": 100.31090827320226, "h1_open": 98.94100541546996, "m5_open": 99.48799657007388, "m1_open": 99.48799657007388, "band": {"m1": 0.00211822119400805, "m5": 0.005250376743314684, "h1": 0.011929363298830965, "d1": 0.03970345756788314}, "garch_variance": 5.353338767839623e-06, "prev_return": 0.0039038593073797254, "boundary_trend": -1, "trend_ou": -0.0948963080565772, "reversion_strength": {"s1": 0.0011925680738830492, "m1": 0.020956231791063703, "m5": 0.022867711633453934, "h1": 0.013888096527728985, "d1": 0.05}}}