{"AAPL": {"p": 88.91327980907452, "d1_open": 87.95021220263737, "h1_open": 88.46025421232386, "m5_open": 89.03357672469552, "m1_open": 89.03357672469552, "reversion_strength": {"s1": 0.008338960049529932, "m1": 0.001351140996985631, "m5": 0.013839264509730786, "h1": 0.04009322855887123, "d1": 0.05}, "garch_variance": 1.153262637457062e-06, "prev_return": -0.0013520546110228153, "boundary_trend": 1}, "GOOG": {"p": 176.0573976520198, "d1_open": 175.76656301755804, "h1_open": 171.25338368742615, "m5_open": 176.00094393463888, "m1_open": 176.00094393463888, "reversion_strength": {"s1": 0.0062823601171641975, "m1": 0.013292119646085305, "m5": 0.03312992683192555, "h1": 0.04623311401955329, "d1": 0.05}, "garch_variance": 1.3306226875263817e-06, "prev_return": 0.000320706605674235, "boundary_trend": 0}, "AMZN": {"p": 165.08006518259035, "d1_open": 169.8941041712876, "h1_open": 168.5021874081404, "m5_open": 164.8373761347526, "m1_open": 164.8373761347526, "reversion_strength": {"s1": 0.002645480578274048, "m1": 0.009447304871809989, "m5": 0.011715152974709363, "h1": 0.04320287271163793, "d1": 0.05}, "garch_variance": 1.256571841002877e-06, "prev_return": 0.0014712110438476836, "boundary_trend": 0}, "MSFT": {"p": 164.68649148250753, "d1_open": 164.41906387237157, "h1_open": 164.11163536945244, "m5_open": 164.7490011824109, "m1_open": 164.7490011824109, "reversion_strength": {"s1": 0.00502554902391116, "m1": 0.0038098335627198736, "m5": 0.0032918974962767448, "h1": 0.046518504108642444, "d1": 0.05}, "garch_variance": 1.8673681457365503e-06, "prev_return": -0.0003794958469586909, "boundary_trend": 0}, "NVDA": {"p": 96.20246860936926, "d1_open": 97.6331941946038, "h1_open": 97.10451824378742, "m5_open": 96.08787727464433, "m1_open": 96.08787727464433, "reversion_strength": {"s1": 0.0011925680738830492, "m1": 0.020956231791063703, "m5": 0.022867711633453934, "h1": 0.013888096527728985, "d1": 0.05}, "garch_variance": 1.2217959302912173e-06, "prev_return": 0.0011918575294366796, "boundary_trend": -1}}