{"AAPL": {"p": 89.75223499587591, "d1_open": 87.95021220263737, "h1_open": 90.06205021135978, "m5_open": 89.77236620943135, "m1_open": 89.75260622609015, "reversion_strength": {"s1": 0.008338960049529932, "m1": 0.001351140996985631, "m5": 0.013839264509730786, "h1": 0.04009322855887123, "d1": 0.05}, "garch_variance": 1.5567692656956672e-06, "prev_return": -4.136158241973887e-06, "boundary_trend": 0}, "GOOG": {"p": 177.95527080171266, "d1_open": 175.76656301755804, "h1_open": 182.2768621595806, "m5_open": 176.91621236945232, "m1_open": 178.12187267635, "reversion_strength": {"s1": 0.0062823601171641975, "m1": 0.013292119646085305, "m5": 0.03312992683192555, "h1": 0.04623311401955329, "d1": 0.05}, "garch_variance": 6.326724843906123e-06, "prev_return": -0.0009357628808585283, "boundary_trend": 0}, "AMZN": {"p": 168.71493653157918, "d1_open": 169.8941041712876, "h1_open": 170.28724881804374, "m5_open": 169.1257669447712, "m1_open": 168.75685964873045, "reversion_strength": {"s1": 0.002645480578274048, "m1": 0.009447304871809989, "m5": 0.011715152974709363, "h1": 0.04320287271163793, "d1": 0.05}, "garch_variance": 2.60772273293954e-06, "prev_return": -0.0002484540506284846, "boundary_trend": 0}, "MSFT": {"p": 160.4533160904589, "d1_open": 164.41906387237157, "h1_open": 161.08021439952043, "m5_open": 160.98325646937292, "m1_open": 160.60245770143572, "reversion_strength": {"s1": 0.00502554902391116, "m1": 0.0038098335627198736, "m5": 0.0032918974962767448, "h1": 0.046518504108642444, "d1": 0.05}, "garch_variance": 2.455530460651582e-06, "prev_return": -0.0009290698618699894, "boundary_trend": 1}, "NVDA": {"p": 99.94569294420191, "d1_open": 97.6331941946038, "h1_open": 98.64308364945421, "m5_open": 99.97600710832901, "m1_open": 99.88053513700437, "reversion_strength": {"s1": 0.0011925680738830492, "m1": 0.020956231791063703, "m5": 0.022867711633453934, "h1": 0.013888096527728985, "d1": 0.05}, "garch_variance": 1.2933260317839966e-06, "prev_return": 0.000652144717262294, "boundary_trend": 0}}