{"AAPL": {"p": 88.87484380887784, "d1_open": 87.95021220263737, "h1_open": 88.46025421232386, "m5_open": 88.78974935634513, "m1_open": 88.87408431871748, "reversion_strength": {"s1": 0.008338960049529932, "m1": 0.001351140996985631, "m5": 0.013839264509730786, "h1": 0.04009322855887123, "d1": 0.05}, "garch_variance": 1.1873574155174756e-06, "prev_return": 8.545651086267237e-06, "boundary_trend": 0}, "GOOG": {"p": 176.09959246144973, "d1_open": 175.76656301755804, "h1_open": 171.25338368742615, "m5_open": 173.84821750877873, "m1_open": 176.0657458574766, "reversion_strength": {"s1": 0.0062823601171641975, "m1": 0.013292119646085305, "m5": 0.03312992683192555, "h1": 0.04623311401955329, "d1": 0.05}, "garch_variance": 1.7160770751624183e-06, "prev_return": 0.00019221996258296804, "boundary_trend": 0}, "AMZN": {"p": 166.57152024405087, "d1_open": 169.8941041712876, "h1_open": 168.5021874081404, "m5_open": 166.64707079229854, "m1_open": 166.79106681663475, "reversion_strength": {"s1": 0.002645480578274048, "m1": 0.009447304871809989, "m5": 0.011715152974709363, "h1": 0.04320287271163793, "d1": 0.05}, "garch_variance": 2.099112949072235e-06, "prev_return": -0.001317164030078972, "boundary_trend": 1}, "MSFT": {"p": 164.67964763322612, "d1_open": 164.41906387237157, "h1_open": 164.11163536945244, "m5_open": 164.98286172730414, "m1_open": 164.78254145426607, "reversion_strength": {"s1": 0.00502554902391116, "m1": 0.0038098335627198736, "m5": 0.0032918974962767448, "h1": 0.046518504108642444, "d1": 0.05}, "garch_variance": 1.6785654749799155e-06, "prev_return": -0.0006246168925802208, "boundary_trend": 0}, "NVDA": {"p": 96.31597433314538, "d1_open": 97.6331941946038, "h1_open": 97.10451824378742, "m5_open": 96.14276652925055, "m1_open": 96.39877537913394, "reversion_strength": {"s1": 0.0011925680738830492, "m1": 0.020956231791063703, "m5": 0.022867711633453934, "h1": 0.013888096527728985, "d1": 0.05}, "garch_variance": 1.2860394867413884e-06, "prev_return": -0.0008593120267890132, "boundary_trend": 0}}