{"AAPL": {"p": 58.5840701957385, "d1_open": 58.881026803928506, "h1_open": 58.18002329517424, "m5_open": 58.46967353015795, "m1_open": 58.46967353015795, "band": {"m1": 0.001956512815511904, "m5": 0.0049249449091509, "h1": 0.010927293127858517, "d1": 0.035407976508527644}, "garch_variance": 2.954299150415501e-06, "prev_return": 0.003913030623980893, "boundary_trend": -1, "trend_ou": -0.17908557360046606, "reversion_strength": {"s1": 0.008338960049529932, "m1": 0.001351140996985631, "m5": 0.013839264509730786, "h1": 0.04009322855887123, "d1": 0.05}}, "GOOG": {"p": 118.07486060393983, "d1_open": 119.02146768303125, "h1_open": 117.8132584785911, "m5_open": 117.80125193698609, "m1_open": 117.80125193698609, "band": {"m1": 0.0023226295345324848, "m5": 0.005661740593437188, "h1": 0.013196035456714208, "d1": 0.04513318336974022}, "garch_variance": 7.451492019140084e-06, "prev_return": 0.0, "boundary_trend": -1, "trend_ou": -0.13687305732686392, "reversion_strength": {"s1": 0.0062823601171641975, "m1": 0.013292119646085305, "m5": 0.03312992683192555, "h1": 0.04623311401955329, "d1": 0.05}}, "AMZN": {"p": 156.1620765587081, "d1_open": 158.98498094367304, "h1_open": 156.39399479459698, "m5_open": 156.11435097121424, "m1_open": 156.11435097121424, "band": {"m1": 0.0018788806354570712, "m5": 0.004768713160491201, "h1": 0.010446224103087088, "d1": 0.03334582263546808}, "garch_variance": 3.53589017268869e-06, "prev_return": 0.0016068658581661003, "boundary_trend": 0, "trend_ou": 0.09719200984788179, "reversion_strength": {"s1": 0.002645480578274048, "m1": 0.009447304871809989, "m5": 0.011715152974709363, "h1": 0.04320287271163793, "d1": 0.05}}, "MSFT": {"p": 133.4777976851072, "d1_open": 137.08846618531726, "h1_open": 133.29083440032448, "m5_open": 133.75608073470985, "m1_open": 133.75608073470985, "band": {"m1": 0.002080526343730183, "m5": 0.005174517320453993, "h1": 0.011695776855048624, "d1": 0.03870216427121157}, "garch_variance": 4.241243334098426e-06, "prev_return": 0.0, "boundary_trend": 1, "trend_ou": 0.005912153379777926, "reversion_strength": {"s1": 0.00502554902391116, "m1": 0.0038098335627198736, "m5": 0.0032918974962767448, "h1": 0.046518504108642444, "d1": 0.05}}, "NVDA": {"p": 76.60566681611505, "d1_open": 77.58920212535816, "h1_open": 77.08644892077346, "m5_open": 76.7406852626814, "m1_open": 76.7406852626814, "band": {"m1": 0.0017594115312390853, "m5": 0.00452828622607302, "h1": 0.009705901141450961, "d1": 0.030172349008937616}, "garch_variance": 2.9170086945476942e-06, "prev_return": 0.0, "boundary_trend": 1, "trend_ou": 0.24043683145141542, "reversion_strength": {"s1": 0.0011925680738830492, "m1": 0.020956231791063703, "m5": 0.022867711633453934, "h1": 0.013888096527728985, "d1": 0.05}}}