{"AAPL": {"p": 90.1910842304686, "d1_open": 87.95021220263737, "h1_open": 89.92327454616381, "m5_open": 90.41092396065393, "m1_open": 90.31310997592234, "reversion_strength": {"s1": 0.008338960049529932, "m1": 0.001351140996985631, "m5": 0.013839264509730786, "h1": 0.04009322855887123, "d1": 0.05}, "garch_variance": 1.7429873583862233e-06, "prev_return": -0.0013520546110228153, "boundary_trend": 1}, "GOOG": {"p": 178.8561262714567, "d1_open": 175.76656301755804, "h1_open": 183.39762262224193, "m5_open": 176.48093786759392, "m1_open": 178.82674360898332, "reversion_strength": {"s1": 0.0062823601171641975, "m1": 0.013292119646085305, "m5": 0.03312992683192555, "h1": 0.04623311401955329, "d1": 0.05}, "garch_variance": 2.19191770319451e-06, "prev_return": 0.0001642944910908529, "boundary_trend": -1}, "AMZN": {"p": 169.104569171472, "d1_open": 169.8941041712876, "h1_open": 168.9436681978484, "m5_open": 170.3479195551779, "m1_open": 168.73859082486157, "reversion_strength": {"s1": 0.002645480578274048, "m1": 0.009447304871809989, "m5": 0.011715152974709363, "h1": 0.04320287271163793, "d1": 0.05}, "garch_variance": 1.985753042052894e-06, "prev_return": 0.0021665585283549187, "boundary_trend": 0}, "MSFT": {"p": 162.92352434509644, "d1_open": 164.41906387237157, "h1_open": 162.58297699275926, "m5_open": 162.3889565456209, "m1_open": 162.79277721511232, "reversion_strength": {"s1": 0.00502554902391116, "m1": 0.0038098335627198736, "m5": 0.0032918974962767448, "h1": 0.046518504108642444, "d1": 0.05}, "garch_variance": 2.082504243925947e-06, "prev_return": 0.0008028283287043533, "boundary_trend": -1}, "NVDA": {"p": 97.76719011329575, "d1_open": 97.6331941946038, "h1_open": 98.32781845318762, "m5_open": 97.11899512756206, "m1_open": 97.88392335523562, "reversion_strength": {"s1": 0.0011925680738830492, "m1": 0.020956231791063703, "m5": 0.022867711633453934, "h1": 0.013888096527728985, "d1": 0.05}, "garch_variance": 1.4049151503400378e-06, "prev_return": -0.0011932797490587675, "boundary_trend": 1}}