{"AAPL": {"p": 88.23509630941187, "d1_open": 87.95021220263737, "h1_open": 87.95021220263737, "m5_open": 88.08931148046184, "m1_open": 88.11603911646964, "reversion_strength": {"s1": 0.008338960049529932, "m1": 0.001351140996985631, "m5": 0.013839264509730786, "h1": 0.04009322855887123, "d1": 0.05}, "garch_variance": 1.46030345909018e-06, "prev_return": 0.0013502290273625923, "boundary_trend": -1}, "GOOG": {"p": 168.1039302941584, "d1_open": 175.76656301755804, "h1_open": 175.76656301755804, "m5_open": 169.29218699256737, "m1_open": 167.90692261553292, "reversion_strength": {"s1": 0.0062823601171641975, "m1": 0.013292119646085305, "m5": 0.03312992683192555, "h1": 0.04623311401955329, "d1": 0.05}, "garch_variance": 1.2747814427228281e-06, "prev_return": 0.0011726270118608791, "boundary_trend": 0}, "AMZN": {"p": 171.73536884371245, "d1_open": 169.8941041712876, "h1_open": 169.8941041712876, "m5_open": 173.44131122294507, "m1_open": 171.72484756160785, "reversion_strength": {"s1": 0.002645480578274048, "m1": 0.009447304871809989, "m5": 0.011715152974709363, "h1": 0.04320287271163793, "d1": 0.05}, "garch_variance": 1.1677855843438516e-06, "prev_return": 6.126638024053793e-05, "boundary_trend": 1}, "MSFT": {"p": 163.94299166240705, "d1_open": 164.41906387237157, "h1_open": 164.41906387237157, "m5_open": 164.4844576366777, "m1_open": 164.11935062126392, "reversion_strength": {"s1": 0.00502554902391116, "m1": 0.0038098335627198736, "m5": 0.0032918974962767448, "h1": 0.046518504108642444, "d1": 0.05}, "garch_variance": 1.3032360801690818e-06, "prev_return": -0.0010751552562714704, "boundary_trend": 1}, "NVDA": {"p": 96.98979364175086, "d1_open": 97.6331941946038, "h1_open": 97.6331941946038, "m5_open": 97.96857503832159, "m1_open": 97.08120034023015, "reversion_strength": {"s1": 0.0011925680738830492, "m1": 0.020956231791063703, "m5": 0.022867711633453934, "h1": 0.013888096527728985, "d1": 0.05}, "garch_variance": 1.2056977449745667e-06, "prev_return": -0.0009419924468148326, "boundary_trend": 0}}