{"AAPL": {"p": 88.50778374429314, "d1_open": 87.95021220263737, "h1_open": 88.46025421232386, "m5_open": 88.49866185261023, "m1_open": 88.44148760675048, "reversion_strength": {"s1": 0.008338960049529932, "m1": 0.001351140996985631, "m5": 0.013839264509730786, "h1": 0.04009322855887123, "d1": 0.05}, "garch_variance": 1.274804587801965e-06, "prev_return": 0.0007493236919089082, "boundary_trend": -1}, "GOOG": {"p": 172.20625724211254, "d1_open": 175.76656301755804, "h1_open": 171.25338368742615, "m5_open": 172.0878712302127, "m1_open": 171.95293919706904, "reversion_strength": {"s1": 0.0062823601171641975, "m1": 0.013292119646085305, "m5": 0.03312992683192555, "h1": 0.04623311401955329, "d1": 0.05}, "garch_variance": 1.3802586129333824e-06, "prev_return": 0.001472098339437142, "boundary_trend": 0}, "AMZN": {"p": 167.7614504890165, "d1_open": 169.8941041712876, "h1_open": 168.5021874081404, "m5_open": 166.64148659302208, "m1_open": 167.8069510652601, "reversion_strength": {"s1": 0.002645480578274048, "m1": 0.009447304871809989, "m5": 0.011715152974709363, "h1": 0.04320287271163793, "d1": 0.05}, "garch_variance": 1.4303520998875142e-06, "prev_return": -0.00027118510748746735, "boundary_trend": 0}, "MSFT": {"p": 164.52880519304978, "d1_open": 164.41906387237157, "h1_open": 164.11163536945244, "m5_open": 164.58388567215744, "m1_open": 164.75329180372256, "reversion_strength": {"s1": 0.00502554902391116, "m1": 0.0038098335627198736, "m5": 0.0032918974962767448, "h1": 0.046518504108642444, "d1": 0.05}, "garch_variance": 1.410686303391931e-06, "prev_return": -0.0013634913498119915, "boundary_trend": 0}, "NVDA": {"p": 97.23033564245111, "d1_open": 97.6331941946038, "h1_open": 97.10451824378742, "m5_open": 97.9247827705769, "m1_open": 97.20650379454402, "reversion_strength": {"s1": 0.0011925680738830492, "m1": 0.020956231791063703, "m5": 0.022867711633453934, "h1": 0.013888096527728985, "d1": 0.05}, "garch_variance": 1.4144925522606355e-06, "prev_return": 0.0002451371673746587, "boundary_trend": 0}}