{"AAPL": {"p": 87.29194281683, "d1_open": 87.95021220263737, "h1_open": 87.95021220263737, "m5_open": 87.29210217571995, "m1_open": 87.17415823775727, "reversion_strength": {"s1": 0.008338960049529932, "m1": 0.001351140996985631, "m5": 0.013839264509730786, "h1": 0.04009322855887123, "d1": 0.05}, "garch_variance": 1.2500207143806272e-06, "prev_return": 0.0013502290273625923, "boundary_trend": -1}, "GOOG": {"p": 177.88368644453215, "d1_open": 175.76656301755804, "h1_open": 175.76656301755804, "m5_open": 177.92692311852133, "m1_open": 178.18767628785602, "reversion_strength": {"s1": 0.0062823601171641975, "m1": 0.013292119646085305, "m5": 0.03312992683192555, "h1": 0.04623311401955329, "d1": 0.05}, "garch_variance": 1.6511125986951357e-06, "prev_return": -0.0017074662497231971, "boundary_trend": 0}, "AMZN": {"p": 169.24663781228418, "d1_open": 169.8941041712876, "h1_open": 169.8941041712876, "m5_open": 168.7322795084061, "m1_open": 169.36035168709853, "reversion_strength": {"s1": 0.002645480578274048, "m1": 0.009447304871809989, "m5": 0.011715152974709363, "h1": 0.04320287271163793, "d1": 0.05}, "garch_variance": 1.5714496517930762e-06, "prev_return": -0.0006716570101366806, "boundary_trend": 0}, "MSFT": {"p": 163.60321993256892, "d1_open": 164.41906387237157, "h1_open": 164.41906387237157, "m5_open": 163.69575790369635, "m1_open": 163.69037750337498, "reversion_strength": {"s1": 0.00502554902391116, "m1": 0.0038098335627198736, "m5": 0.0032918974962767448, "h1": 0.046518504108642444, "d1": 0.05}, "garch_variance": 1.2470987480409706e-06, "prev_return": -0.0005325956483664755, "boundary_trend": 0}, "NVDA": {"p": 97.99808767302558, "d1_open": 97.6331941946038, "h1_open": 97.6331941946038, "m5_open": 97.4937603074677, "m1_open": 97.97069727850646, "reversion_strength": {"s1": 0.0011925680738830492, "m1": 0.020956231791063703, "m5": 0.022867711633453934, "h1": 0.013888096527728985, "d1": 0.05}, "garch_variance": 1.1706184645183322e-06, "prev_return": 0.00027953834284623157, "boundary_trend": 0}}