{"AAPL": {"p": 58.105077737845605, "d1_open": 58.881026803928506, "h1_open": 58.1428595806997, "m5_open": 58.171640801011506, "m1_open": 58.171640801011506, "band": {"m1": 0.0023283989448673386, "m5": 0.0056733513077661295, "h1": 0.013231787184945136, "d1": 0.04528643698001995}, "garch_variance": 6.658986441575422e-06, "prev_return": 0.0011862059186107704, "boundary_trend": 1, "trend_ou": -0.17909673561847353, "reversion_strength": {"s1": 0.008338960049529932, "m1": 0.001351140996985631, "m5": 0.013839264509730786, "h1": 0.04009322855887123, "d1": 0.05}}, "GOOG": {"p": 117.99354257223801, "d1_open": 119.02146768303125, "h1_open": 117.50203204488679, "m5_open": 118.24912058124261, "m1_open": 118.24912058124261, "band": {"m1": 0.002161352302227053, "m5": 0.005337176424245015, "h1": 0.012196637000968031, "d1": 0.040849154903708884}, "garch_variance": 6.6305666832263205e-06, "prev_return": 0.0, "boundary_trend": 1, "trend_ou": -0.1270939646796235, "reversion_strength": {"s1": 0.0062823601171641975, "m1": 0.013292119646085305, "m5": 0.03312992683192555, "h1": 0.04623311401955329, "d1": 0.05}}, "AMZN": {"p": 156.3939592231771, "d1_open": 158.98498094367304, "h1_open": 156.14714668241675, "m5_open": 156.11384225994, "m1_open": 156.11384225994, "band": {"m1": 0.0017943121454322467, "m5": 0.004598522357286183, "h1": 0.009922172337519002, "d1": 0.03109941864268681}, "garch_variance": 2.112975691729325e-06, "prev_return": 0.0010723937534256702, "boundary_trend": -1, "trend_ou": 0.09123887469837487, "reversion_strength": {"s1": 0.002645480578274048, "m1": 0.009447304871809989, "m5": 0.011715152974709363, "h1": 0.04320287271163793, "d1": 0.05}}, "MSFT": {"p": 132.677879944451, "d1_open": 137.08846618531726, "h1_open": 134.15426905759884, "m5_open": 132.97560567397798, "m1_open": 132.97560567397798, "band": {"m1": 0.0022389499789677494, "m5": 0.00549333873632444, "h1": 0.012677492216521797, "d1": 0.042910392260668694}, "garch_variance": 6.85588911096299e-06, "prev_return": 0.0, "boundary_trend": 1, "trend_ou": -0.007979045449354707, "reversion_strength": {"s1": 0.00502554902391116, "m1": 0.0038098335627198736, "m5": 0.0032918974962767448, "h1": 0.046518504108642444, "d1": 0.05}}, "NVDA": {"p": 77.50970685701586, "d1_open": 77.58920212535816, "h1_open": 76.70225877457747, "m5_open": 77.5236416323642, "m1_open": 77.5236416323642, "band": {"m1": 0.001891922952134664, "m5": 0.00479496031649886, "h1": 0.010527044383548335, "d1": 0.03369226741946578}, "garch_variance": 2.299069928348139e-06, "prev_return": 0.001713950022194571, "boundary_trend": -1, "trend_ou": 0.2274878145467858, "reversion_strength": {"s1": 0.0011925680738830492, "m1": 0.020956231791063703, "m5": 0.022867711633453934, "h1": 0.013888096527728985, "d1": 0.05}}}