{"AAPL": {"p": 55.27161699322279, "d1_open": 55.53712856805172, "h1_open": 55.05670946032792, "m5_open": 55.14980696375372, "m1_open": 55.14980696375372, "band": {"m1": 0.0022087118010972384, "m5": 0.005432485577213667, "h1": 0.012490113081622362, "d1": 0.04210717154001013}, "garch_variance": 3.996100266241925e-06, "prev_return": 0.0044174307855468, "boundary_trend": -1, "trend_ou": 0.04083558293813415, "reversion_strength": {"s1": 0.008338960049529932, "m1": 0.001351140996985631, "m5": 0.013839264509730786, "h1": 0.04009322855887123, "d1": 0.05}}, "GOOG": {"p": 96.86623569649839, "d1_open": 100.24132710088554, "h1_open": 97.94485073564063, "m5_open": 97.09923733427284, "m1_open": 97.09923733427284, "band": {"m1": 0.002399623768128295, "m5": 0.005816688499613344, "h1": 0.013673151271867134, "d1": 0.04717839138657948}, "garch_variance": 4.773587263935311e-06, "prev_return": -0.004799256747954889, "boundary_trend": 1, "trend_ou": 0.13893135722813812, "reversion_strength": {"s1": 0.0062823601171641975, "m1": 0.013292119646085305, "m5": 0.03312992683192555, "h1": 0.04623311401955329, "d1": 0.05}}, "AMZN": {"p": 130.90955298026927, "d1_open": 136.62257042864903, "h1_open": 132.1599159210106, "m5_open": 130.8403893255706, "m1_open": 130.8403893255706, "band": {"m1": 0.0023484634972204075, "m5": 0.005713730440465737, "h1": 0.0133561226683252, "d1": 0.04581941433962601}, "garch_variance": 4.247449012848232e-06, "prev_return": 0.002879696687573958, "boundary_trend": 0, "trend_ou": 0.07382422848175262, "reversion_strength": {"s1": 0.002645480578274048, "m1": 0.009447304871809989, "m5": 0.011715152974709363, "h1": 0.04320287271163793, "d1": 0.05}}, "MSFT": {"p": 151.65476974196864, "d1_open": 151.63091538707712, "h1_open": 153.24572122429387, "m5_open": 152.02622558673258, "m1_open": 152.02622558673258, "band": {"m1": 0.0024433668818017295, "m5": 0.005904719817762514, "h1": 0.013944217433096684, "d1": 0.04834034550428741}, "garch_variance": 4.850855549024008e-06, "prev_return": -0.002430175031960362, "boundary_trend": 1, "trend_ou": -0.0944344711463616, "reversion_strength": {"s1": 0.00502554902391116, "m1": 0.0038098335627198736, "m5": 0.0032918974962767448, "h1": 0.046518504108642444, "d1": 0.05}}, "NVDA": {"p": 74.76717524712961, "d1_open": 75.76416089410631, "h1_open": 74.8079337476142, "m5_open": 74.86616467815547, "m1_open": 74.86616467815547, "band": {"m1": 0.0021930613506837304, "m5": 0.005400989653310881, "h1": 0.012393130787522902, "d1": 0.04169144655441077}, "garch_variance": 3.4829309465833803e-06, "prev_return": -0.0035137535448821807, "boundary_trend": 0, "trend_ou": 0.03880896696241017, "reversion_strength": {"s1": 0.0011925680738830492, "m1": 0.020956231791063703, "m5": 0.022867711633453934, "h1": 0.013888096527728985, "d1": 0.05}}}