{"AAPL": {"p": 57.36607864064074, "d1_open": 58.881026803928506, "h1_open": 57.95099828715578, "m5_open": 57.34348891392542, "m1_open": 57.24393799493734, "band": {"m1": 0.0021336869890781554, "m5": 0.005281501055507236, "h1": 0.012025201325618762, "d1": 0.040114277529157395}, "garch_variance": 6.120241866737786e-06, "prev_return": 0.0006756260449656156, "boundary_trend": -1, "trend_ou": -0.18741067087052557, "reversion_strength": {"s1": 0.008338960049529932, "m1": 0.001351140996985631, "m5": 0.013839264509730786, "h1": 0.04009322855887123, "d1": 0.05}}, "GOOG": {"p": 115.8144705098114, "d1_open": 119.02146768303125, "h1_open": 116.73471203161151, "m5_open": 115.79600430654979, "m1_open": 115.610932812726, "band": {"m1": 0.0017605402199730197, "m5": 0.004530557668334084, "h1": 0.00971289536972229, "d1": 0.030202330517153892}, "garch_variance": 3.916592969070048e-06, "prev_return": 0.0, "boundary_trend": -1, "trend_ou": -0.09777203519274075, "reversion_strength": {"s1": 0.0062823601171641975, "m1": 0.013292119646085305, "m5": 0.03312992683192555, "h1": 0.04623311401955329, "d1": 0.05}}, "AMZN": {"p": 155.57368374848565, "d1_open": 158.98498094367304, "h1_open": 155.272478808972, "m5_open": 154.86662339316624, "m1_open": 155.42337501350514, "band": {"m1": 0.00177795706431709, "m5": 0.004565608391450271, "h1": 0.009820823606663203, "d1": 0.03066497645850491}, "garch_variance": 3.3934948256773536e-06, "prev_return": 0.0027461643819513136, "boundary_trend": -1, "trend_ou": 0.09421982264862795, "reversion_strength": {"s1": 0.002645480578274048, "m1": 0.009447304871809989, "m5": 0.011715152974709363, "h1": 0.04320287271163793, "d1": 0.05}}, "MSFT": {"p": 133.26757568385742, "d1_open": 137.08846618531726, "h1_open": 133.13886604045118, "m5_open": 133.44595369429956, "m1_open": 133.51133834383526, "band": {"m1": 0.001825782461637004, "m5": 0.004661855146962708, "h1": 0.010117186754416451, "d1": 0.03193536881698582}, "garch_variance": 3.896260974362308e-06, "prev_return": -0.003651568980756804, "boundary_trend": 1, "trend_ou": -0.018732907358003037, "reversion_strength": {"s1": 0.00502554902391116, "m1": 0.0038098335627198736, "m5": 0.0032918974962767448, "h1": 0.046518504108642444, "d1": 0.05}}, "NVDA": {"p": 77.6806405787841, "d1_open": 77.58920212535816, "h1_open": 77.04681052606045, "m5_open": 77.58450323426142, "m1_open": 77.67354525510626, "band": {"m1": 0.0016674666016101268, "m5": 0.004343250624519912, "h1": 0.00913613925149709, "d1": 0.027730003674713778}, "garch_variance": 2.603378609584989e-06, "prev_return": 0.0017602022080094874, "boundary_trend": 0, "trend_ou": 0.2548095436824294, "reversion_strength": {"s1": 0.0011925680738830492, "m1": 0.020956231791063703, "m5": 0.022867711633453934, "h1": 0.013888096527728985, "d1": 0.05}}}