{"AAPL": {"p": 89.59470969480887, "d1_open": 87.95021220263737, "h1_open": 90.00052714134381, "m5_open": 90.3060943161685, "m1_open": 89.9583541011686, "band": {"m1": 0.004042363935991616, "m5": 0.009110178136104156, "h1": 0.019656066417584262, "d1": 0.06425158352924673}, "garch_variance": 2.0618134636124215e-05, "prev_return": -0.002203736746646699, "boundary_trend": 1, "trend_ou": 0.06287201246991839, "reversion_strength": {"s1": 0.008338960049529932, "m1": 0.001351140996985631, "m5": 0.013839264509730786, "h1": 0.04009322855887123, "d1": 0.05}}, "GOOG": {"p": 173.2579102310364, "d1_open": 175.76656301755804, "h1_open": 176.08648575624287, "m5_open": 173.89624531506882, "m1_open": 173.8139374501853, "band": {"m1": 0.003462625427188366, "m5": 0.00794347689273157, "h1": 0.016063558273984077, "d1": 0.048851912794172815}, "garch_variance": 6.00973616312283e-06, "prev_return": 0.0, "boundary_trend": 1, "trend_ou": 0.009987261316933982, "reversion_strength": {"s1": 0.0062823601171641975, "m1": 0.013292119646085305, "m5": 0.03312992683192555, "h1": 0.04623311401955329, "d1": 0.05}}, "AMZN": {"p": 169.30971670560814, "d1_open": 169.8941041712876, "h1_open": 171.4747272210238, "m5_open": 169.42244265706864, "m1_open": 168.7110363829491, "band": {"m1": 0.00444209566619655, "m5": 0.00991462272545581, "h1": 0.022133113352039272, "d1": 0.07486971038134187}, "garch_variance": 2.0580377679972525e-05, "prev_return": 0.005931979545256951, "boundary_trend": 0, "trend_ou": 0.06306094631354273, "reversion_strength": {"s1": 0.002645480578274048, "m1": 0.009447304871809989, "m5": 0.011715152974709363, "h1": 0.04320287271163793, "d1": 0.05}}, "MSFT": {"p": 162.1340084856998, "d1_open": 164.41906387237157, "h1_open": 160.99657128302283, "m5_open": 161.44720687590916, "m1_open": 161.4633368118615, "band": {"m1": 0.004153708743303094, "m5": 0.009334255238385228, "h1": 0.0203460449526307, "d1": 0.06720925038183617}, "garch_variance": 1.3931959939033213e-05, "prev_return": 0.0, "boundary_trend": -1, "trend_ou": 0.012681601361663622, "reversion_strength": {"s1": 0.00502554902391116, "m1": 0.0038098335627198736, "m5": 0.0032918974962767448, "h1": 0.046518504108642444, "d1": 0.05}}, "NVDA": {"p": 101.09571206506688, "d1_open": 97.6331941946038, "h1_open": 102.01551314508438, "m5_open": 101.39832577312721, "m1_open": 101.17221605402294, "band": {"m1": 0.002958642811425062, "m5": 0.006929231443239156, "h1": 0.01294049222977716, "d1": 0.03546455587186407}, "garch_variance": 2.337484488760888e-06, "prev_return": 0.0022065663274140964, "boundary_trend": -1, "trend_ou": 0.04678554480151062, "reversion_strength": {"s1": 0.0011925680738830492, "m1": 0.020956231791063703, "m5": 0.022867711633453934, "h1": 0.013888096527728985, "d1": 0.05}}}