{"AAPL": {"p": 89.6005252618265, "d1_open": 87.95021220263737, "h1_open": 89.17288531883615, "m5_open": 89.53570817222, "m1_open": 89.51209533202652, "reversion_strength": {"s1": 0.008338960049529932, "m1": 0.001351140996985631, "m5": 0.013839264509730786, "h1": 0.04009322855887123, "d1": 0.05}, "garch_variance": 1.3198122008336355e-06, "prev_return": 0.0009874227365079117, "boundary_trend": 0}, "GOOG": {"p": 178.34474042684684, "d1_open": 175.76656301755804, "h1_open": 176.0396410021823, "m5_open": 176.88127370318884, "m1_open": 178.48856208540855, "reversion_strength": {"s1": 0.0062823601171641975, "m1": 0.013292119646085305, "m5": 0.03312992683192555, "h1": 0.04623311401955329, "d1": 0.05}, "garch_variance": 1.4385630321986047e-06, "prev_return": -0.0008061000211417769, "boundary_trend": 0}, "AMZN": {"p": 167.4339011022624, "d1_open": 169.8941041712876, "h1_open": 162.3870609310141, "m5_open": 166.57991988013262, "m1_open": 167.58516991373912, "reversion_strength": {"s1": 0.002645480578274048, "m1": 0.009447304871809989, "m5": 0.011715152974709363, "h1": 0.04320287271163793, "d1": 0.05}, "garch_variance": 1.8492089926707118e-06, "prev_return": -0.000903046034351656, "boundary_trend": 0}, "MSFT": {"p": 163.4340185291504, "d1_open": 164.41906387237157, "h1_open": 164.33550431317852, "m5_open": 163.64813481282934, "m1_open": 163.28369400363619, "reversion_strength": {"s1": 0.00502554902391116, "m1": 0.0038098335627198736, "m5": 0.0032918974962767448, "h1": 0.046518504108642444, "d1": 0.05}, "garch_variance": 1.673531129683374e-06, "prev_return": 0.0009202105080657533, "boundary_trend": 1}, "NVDA": {"p": 98.86447304946844, "d1_open": 97.6331941946038, "h1_open": 98.01165686841159, "m5_open": 98.53508585557576, "m1_open": 98.80872114321514, "reversion_strength": {"s1": 0.0011925680738830492, "m1": 0.020956231791063703, "m5": 0.022867711633453934, "h1": 0.013888096527728985, "d1": 0.05}, "garch_variance": 1.2813585786233326e-06, "prev_return": 0.0005640816192534503, "boundary_trend": 0}}