{"AAPL": {"p": 89.96648716199019, "d1_open": 87.95021220263737, "h1_open": 90.00052714134381, "m5_open": 89.75226907269757, "m1_open": 89.64405002482962, "band": {"m1": 0.0037314972768197, "m5": 0.00848457105244216, "h1": 0.01772969618740191, "d1": 0.05599399131988631}, "garch_variance": 1.0285057470964413e-05, "prev_return": 0.007328883887107895, "boundary_trend": 0, "trend_ou": 0.06687320308046454, "reversion_strength": {"s1": 0.008338960049529932, "m1": 0.001351140996985631, "m5": 0.013839264509730786, "h1": 0.04009322855887123, "d1": 0.05}}, "GOOG": {"p": 173.283833682389, "d1_open": 175.76656301755804, "h1_open": 176.08648575624287, "m5_open": 174.69416460581544, "m1_open": 173.42364459334917, "band": {"m1": 0.0035270568953775098, "m5": 0.008073142721216507, "h1": 0.016462825479213277, "d1": 0.0505634144108904}, "garch_variance": 8.932254244725135e-06, "prev_return": 0.0, "boundary_trend": 1, "trend_ou": 0.01660482389348872, "reversion_strength": {"s1": 0.0062823601171641975, "m1": 0.013292119646085305, "m5": 0.03312992683192555, "h1": 0.04623311401955329, "d1": 0.05}}, "AMZN": {"p": 170.13831870368108, "d1_open": 169.8941041712876, "h1_open": 171.4747272210238, "m5_open": 170.091166122583, "m1_open": 170.7768610085799, "band": {"m1": 0.004116585719299795, "m5": 0.009259546593703665, "h1": 0.02011600198666968, "d1": 0.06622314658217454}, "garch_variance": 1.5978281842166123e-05, "prev_return": -0.007854188092169513, "boundary_trend": 0, "trend_ou": 0.07230661793832792, "reversion_strength": {"s1": 0.002645480578274048, "m1": 0.009447304871809989, "m5": 0.011715152974709363, "h1": 0.04320287271163793, "d1": 0.05}}, "MSFT": {"p": 160.78919922822354, "d1_open": 164.41906387237157, "h1_open": 160.99657128302283, "m5_open": 161.38691588307134, "m1_open": 160.59689691640475, "band": {"m1": 0.003993509294418495, "m5": 0.009011860066487657, "h1": 0.019353325276468047, "d1": 0.06295385121945213}, "garch_variance": 2.0974389150499408e-05, "prev_return": 0.005198210645989531, "boundary_trend": 0, "trend_ou": 0.01936390458152247, "reversion_strength": {"s1": 0.00502554902391116, "m1": 0.0038098335627198736, "m5": 0.0032918974962767448, "h1": 0.046518504108642444, "d1": 0.05}}, "NVDA": {"p": 101.36053221517409, "d1_open": 97.6331941946038, "h1_open": 102.01551314508438, "m5_open": 101.6378473173216, "m1_open": 101.04649957610583, "band": {"m1": 0.0031078032429193033, "m5": 0.007229411021176048, "h1": 0.013864805617121653, "d1": 0.03942672415434471}, "garch_variance": 3.1979862170950612e-06, "prev_return": 0.0, "boundary_trend": -1, "trend_ou": 0.047423463336986146, "reversion_strength": {"s1": 0.0011925680738830492, "m1": 0.020956231791063703, "m5": 0.022867711633453934, "h1": 0.013888096527728985, "d1": 0.05}}}