{"AAPL": {"p": 88.60458565583876, "d1_open": 87.95021220263737, "h1_open": 88.46025421232386, "m5_open": 88.74649554727908, "m1_open": 88.67872216462303, "reversion_strength": {"s1": 0.008338960049529932, "m1": 0.001351140996985631, "m5": 0.013839264509730786, "h1": 0.04009322855887123, "d1": 0.05}, "garch_variance": 1.437080900171796e-06, "prev_return": -0.0008363620243468323, "boundary_trend": 0}, "GOOG": {"p": 173.51884859568887, "d1_open": 175.76656301755804, "h1_open": 171.25338368742615, "m5_open": 175.2936996533437, "m1_open": 173.65465942077216, "reversion_strength": {"s1": 0.0062823601171641975, "m1": 0.013292119646085305, "m5": 0.03312992683192555, "h1": 0.04623311401955329, "d1": 0.05}, "garch_variance": 1.2314792077821437e-06, "prev_return": -0.0007823801579039504, "boundary_trend": 0}, "AMZN": {"p": 167.57431424962715, "d1_open": 169.8941041712876, "h1_open": 168.5021874081404, "m5_open": 166.16557762513477, "m1_open": 167.644127309336, "reversion_strength": {"s1": 0.002645480578274048, "m1": 0.009447304871809989, "m5": 0.011715152974709363, "h1": 0.04320287271163793, "d1": 0.05}, "garch_variance": 1.2339434761282667e-06, "prev_return": -0.00041652279268117483, "boundary_trend": 0}, "MSFT": {"p": 164.79351860180338, "d1_open": 164.41906387237157, "h1_open": 164.11163536945244, "m5_open": 164.77359628540833, "m1_open": 164.77662420551002, "reversion_strength": {"s1": 0.00502554902391116, "m1": 0.0038098335627198736, "m5": 0.0032918974962767448, "h1": 0.046518504108642444, "d1": 0.05}, "garch_variance": 1.307955140421567e-06, "prev_return": 0.00010252382794297966, "boundary_trend": 0}, "NVDA": {"p": 95.77953138250491, "d1_open": 97.6331941946038, "h1_open": 97.10451824378742, "m5_open": 96.43513954360233, "m1_open": 95.75592132113908, "reversion_strength": {"s1": 0.0011925680738830492, "m1": 0.020956231791063703, "m5": 0.022867711633453934, "h1": 0.013888096527728985, "d1": 0.05}, "garch_variance": 1.2948368222231972e-06, "prev_return": 0.00024653463525566645, "boundary_trend": 1}}