{"AAPL": {"p": 55.20040624877304, "d1_open": 55.53712856805172, "h1_open": 55.05670946032792, "m5_open": 55.07131912224494, "m1_open": 55.07131912224494, "band": {"m1": 0.002343999173899566, "m5": 0.005704746163088692, "h1": 0.013328458268527271, "d1": 0.04570082792842177}, "garch_variance": 5.518482490658406e-06, "prev_return": 0.0, "boundary_trend": -1, "trend_ou": 0.0424644294464306, "reversion_strength": {"s1": 0.008338960049529932, "m1": 0.001351140996985631, "m5": 0.013839264509730786, "h1": 0.04009322855887123, "d1": 0.05}}, "GOOG": {"p": 96.78478276713695, "d1_open": 100.24132710088554, "h1_open": 97.94485073564063, "m5_open": 96.85843386112379, "m1_open": 96.85843386112379, "band": {"m1": 0.0025690949802893402, "m5": 0.006157742735172592, "h1": 0.014723325963645232, "d1": 0.05168007762395112}, "garch_variance": 6.847586089229027e-06, "prev_return": -0.003326489137002408, "boundary_trend": 0, "trend_ou": 0.13690926073046794, "reversion_strength": {"s1": 0.0062823601171641975, "m1": 0.013292119646085305, "m5": 0.03312992683192555, "h1": 0.04623311401955329, "d1": 0.05}}, "AMZN": {"p": 130.98341440181042, "d1_open": 136.62257042864903, "h1_open": 132.1599159210106, "m5_open": 131.27659585600577, "m1_open": 131.27659585600577, "band": {"m1": 0.002233310913370463, "m5": 0.005481990335719839, "h1": 0.012642548205087461, "d1": 0.04276060101490351}, "garch_variance": 3.0547776141177662e-06, "prev_return": 0.0, "boundary_trend": 1, "trend_ou": 0.07871939470185232, "reversion_strength": {"s1": 0.002645480578274048, "m1": 0.009447304871809989, "m5": 0.011715152974709363, "h1": 0.04320287271163793, "d1": 0.05}}, "MSFT": {"p": 151.65016277900557, "d1_open": 151.63091538707712, "h1_open": 153.24572122429387, "m5_open": 151.65749090496686, "m1_open": 151.65749090496686, "band": {"m1": 0.002621080890241417, "m5": 0.0062623623608451156, "h1": 0.015045470865216164, "d1": 0.053060986230104926}, "garch_variance": 9.288129891761433e-06, "prev_return": 0.002576200532071955, "boundary_trend": 1, "trend_ou": -0.09192837097657332, "reversion_strength": {"s1": 0.00502554902391116, "m1": 0.0038098335627198736, "m5": 0.0032918974962767448, "h1": 0.046518504108642444, "d1": 0.05}}, "NVDA": {"p": 74.62028053453496, "d1_open": 75.76416089410631, "h1_open": 74.8079337476142, "m5_open": 74.44277429999924, "m1_open": 74.44277429999924, "band": {"m1": 0.002384465600655504, "m5": 0.005786183276018205, "h1": 0.013579219543577305, "d1": 0.046775742977885774}, "garch_variance": 6.926841717268901e-06, "prev_return": 0.0014422641608985444, "boundary_trend": -1, "trend_ou": 0.04837769015094565, "reversion_strength": {"s1": 0.0011925680738830492, "m1": 0.020956231791063703, "m5": 0.022867711633453934, "h1": 0.013888096527728985, "d1": 0.05}}}