{"AAPL": {"p": 57.471289244896575, "d1_open": 58.881026803928506, "h1_open": 57.95099828715578, "m5_open": 57.34348891392542, "m1_open": 57.34348891392542, "band": {"m1": 0.0022286807690229922, "m5": 0.005472672349963917, "h1": 0.012613856249970195, "d1": 0.04263760987782327}, "garch_variance": 7.567195664852396e-06, "prev_return": 0.004381795609710746, "boundary_trend": -1, "trend_ou": -0.1893924023566044, "reversion_strength": {"s1": 0.008338960049529932, "m1": 0.001351140996985631, "m5": 0.013839264509730786, "h1": 0.04009322855887123, "d1": 0.05}}, "GOOG": {"p": 115.63314219661432, "d1_open": 119.02146768303125, "h1_open": 116.73471203161151, "m5_open": 115.79600430654979, "m1_open": 115.79600430654979, "band": {"m1": 0.001760314747838402, "m5": 0.00453010391441605, "h1": 0.009711498170006435, "d1": 0.030196341271001834}, "garch_variance": 3.0965256419234515e-06, "prev_return": 0.0002776328892763335, "boundary_trend": 1, "trend_ou": -0.09597360742430089, "reversion_strength": {"s1": 0.0062823601171641975, "m1": 0.013292119646085305, "m5": 0.03312992683192555, "h1": 0.04623311401955329, "d1": 0.05}}, "AMZN": {"p": 154.82555639483382, "d1_open": 158.98498094367304, "h1_open": 155.272478808972, "m5_open": 154.86662339316624, "m1_open": 154.86662339316624, "band": {"m1": 0.0017701043996938423, "m5": 0.00454980520873839, "h1": 0.009772162423768499, "d1": 0.030456385088853427}, "garch_variance": 3.2192145358704906e-06, "prev_return": -0.0020337513359480358, "boundary_trend": 0, "trend_ou": 0.1053250148303347, "reversion_strength": {"s1": 0.002645480578274048, "m1": 0.009447304871809989, "m5": 0.011715152974709363, "h1": 0.04320287271163793, "d1": 0.05}}, "MSFT": {"p": 133.1996967926563, "d1_open": 137.08846618531726, "h1_open": 133.13886604045118, "m5_open": 133.44595369429956, "m1_open": 133.44595369429956, "band": {"m1": 0.0018453680671906244, "m5": 0.0047012704178212615, "h1": 0.010238554313031745, "d1": 0.032455623849371715}, "garch_variance": 3.825735733014762e-06, "prev_return": -0.0019957000478733698, "boundary_trend": 1, "trend_ou": -0.010832440933154924, "reversion_strength": {"s1": 0.00502554902391116, "m1": 0.0038098335627198736, "m5": 0.0032918974962767448, "h1": 0.046518504108642444, "d1": 0.05}}, "NVDA": {"p": 77.71536323995338, "d1_open": 77.58920212535816, "h1_open": 77.04681052606045, "m5_open": 77.58450323426142, "m1_open": 77.58450323426142, "band": {"m1": 0.0016866771099486378, "m5": 0.004381911026794426, "h1": 0.00925518241768466, "d1": 0.02824029495013233}, "garch_variance": 2.412568837522993e-06, "prev_return": 0.0, "boundary_trend": -1, "trend_ou": 0.25038081995378353, "reversion_strength": {"s1": 0.0011925680738830492, "m1": 0.020956231791063703, "m5": 0.022867711633453934, "h1": 0.013888096527728985, "d1": 0.05}}}