{"AAPL": {"p": 88.06362062092718, "d1_open": 87.95021220263737, "h1_open": 87.95021220263737, "m5_open": 87.95021220263737, "m1_open": 88.05801185886523, "reversion_strength": {"s1": 0.008338960049529932, "m1": 0.001351140996985631, "m5": 0.013839264509730786, "h1": 0.04009322855887123, "d1": 0.05}, "garch_variance": 1.4202059363143595e-06, "prev_return": 6.369191546631553e-05, "boundary_trend": 0}, "GOOG": {"p": 174.8815618410577, "d1_open": 175.76656301755804, "h1_open": 175.76656301755804, "m5_open": 175.76656301755804, "m1_open": 174.98159128444996, "reversion_strength": {"s1": 0.0062823601171641975, "m1": 0.013292119646085305, "m5": 0.03312992683192555, "h1": 0.04623311401955329, "d1": 0.05}, "garch_variance": 1.7591729374667139e-06, "prev_return": -0.0005718204116338961, "boundary_trend": 0}, "AMZN": {"p": 170.8858071745235, "d1_open": 169.8941041712876, "h1_open": 169.8941041712876, "m5_open": 169.8941041712876, "m1_open": 170.91674433655987, "reversion_strength": {"s1": 0.002645480578274048, "m1": 0.009447304871809989, "m5": 0.011715152974709363, "h1": 0.04320287271163793, "d1": 0.05}, "garch_variance": 1.442417475714524e-06, "prev_return": -0.0001810235879403194, "boundary_trend": 0}, "MSFT": {"p": 163.87781316766993, "d1_open": 164.41906387237157, "h1_open": 164.41906387237157, "m5_open": 164.41906387237157, "m1_open": 163.88602852774855, "reversion_strength": {"s1": 0.00502554902391116, "m1": 0.0038098335627198736, "m5": 0.0032918974962767448, "h1": 0.046518504108642444, "d1": 0.05}, "garch_variance": 1.562047477390727e-06, "prev_return": -5.012975218898409e-05, "boundary_trend": 1}, "NVDA": {"p": 97.57258878173079, "d1_open": 97.6331941946038, "h1_open": 97.6331941946038, "m5_open": 97.6331941946038, "m1_open": 97.67076219303861, "reversion_strength": {"s1": 0.0011925680738830492, "m1": 0.020956231791063703, "m5": 0.022867711633453934, "h1": 0.013888096527728985, "d1": 0.05}, "garch_variance": 1.4270852952102564e-06, "prev_return": -0.0010056518605272805, "boundary_trend": 1}}