{"AAPL": {"p": 58.161167738856726, "d1_open": 58.881026803928506, "h1_open": 58.18002329517424, "m5_open": 58.278524002763376, "m1_open": 58.278524002763376, "band": {"m1": 0.00201371372928197, "m5": 0.005040059527559374, "h1": 0.011281754226129415, "d1": 0.03692741195128055}, "garch_variance": 5.042338092930557e-06, "prev_return": -0.002836745064616732, "boundary_trend": 1, "trend_ou": -0.17610662784303469, "reversion_strength": {"s1": 0.008338960049529932, "m1": 0.001351140996985631, "m5": 0.013839264509730786, "h1": 0.04009322855887123, "d1": 0.05}}, "GOOG": {"p": 117.19413207695892, "d1_open": 119.02146768303125, "h1_open": 117.8132584785911, "m5_open": 116.98282257385429, "m1_open": 116.98282257385429, "band": {"m1": 0.0018063293264378437, "m5": 0.004622706467549973, "h1": 0.00999664008456386, "d1": 0.031418632612157285}, "garch_variance": 2.568088910166742e-06, "prev_return": 0.0, "boundary_trend": -1, "trend_ou": -0.14028690205653815, "reversion_strength": {"s1": 0.0062823601171641975, "m1": 0.013292119646085305, "m5": 0.03312992683192555, "h1": 0.04623311401955329, "d1": 0.05}}, "AMZN": {"p": 155.83137691035228, "d1_open": 158.98498094367304, "h1_open": 156.39399479459698, "m5_open": 156.14031446178467, "m1_open": 156.14031446178467, "band": {"m1": 0.001978589273995679, "m5": 0.004969372924835854, "h1": 0.011064095937539951, "d1": 0.0359943963969502}, "garch_variance": 4.5343474957779404e-06, "prev_return": 0.0, "boundary_trend": 1, "trend_ou": 0.10943275313452308, "reversion_strength": {"s1": 0.002645480578274048, "m1": 0.009447304871809989, "m5": 0.011715152974709363, "h1": 0.04320287271163793, "d1": 0.05}}, "MSFT": {"p": 133.25394909161233, "d1_open": 137.08846618531726, "h1_open": 133.29083440032448, "m5_open": 133.01378541059967, "m1_open": 133.01378541059967, "band": {"m1": 0.0018055548172793677, "m5": 0.00462114779793518, "h1": 0.00999184062684824, "d1": 0.031398059222877944}, "garch_variance": 2.7651519855255763e-06, "prev_return": 0.0, "boundary_trend": -1, "trend_ou": -0.00851191778196675, "reversion_strength": {"s1": 0.00502554902391116, "m1": 0.0038098335627198736, "m5": 0.0032918974962767448, "h1": 0.046518504108642444, "d1": 0.05}}, "NVDA": {"p": 77.27523061536624, "d1_open": 77.58920212535816, "h1_open": 77.08644892077346, "m5_open": 77.42771822864486, "m1_open": 77.42771822864486, "band": {"m1": 0.0019694189208614436, "m5": 0.0049509179451486095, "h1": 0.01100726933759158, "d1": 0.035750803092991314}, "garch_variance": 4.1896441862671005e-06, "prev_return": -0.003938842934141229, "boundary_trend": 1, "trend_ou": 0.22833947787541642, "reversion_strength": {"s1": 0.0011925680738830492, "m1": 0.020956231791063703, "m5": 0.022867711633453934, "h1": 0.013888096527728985, "d1": 0.05}}}