{"AAPL": {"p": 87.37802334810479, "d1_open": 87.95021220263737, "h1_open": 86.8359256319159, "m5_open": 87.23479638846081, "m1_open": 87.26012261903223, "reversion_strength": {"s1": 0.008338960049529932, "m1": 0.001351140996985631, "m5": 0.013839264509730786, "h1": 0.04009322855887123, "d1": 0.05}, "garch_variance": 1.3015350549709177e-06, "prev_return": 0.0013502290273625923, "boundary_trend": -1}, "GOOG": {"p": 177.23186378801037, "d1_open": 175.76656301755804, "h1_open": 175.75153234700423, "m5_open": 177.9603719727754, "m1_open": 177.30529628874706, "reversion_strength": {"s1": 0.0062823601171641975, "m1": 0.013292119646085305, "m5": 0.03312992683192555, "h1": 0.04623311401955329, "d1": 0.05}, "garch_variance": 1.490631460510424e-06, "prev_return": -0.0004142443165667321, "boundary_trend": 0}, "AMZN": {"p": 167.9747626742642, "d1_open": 169.8941041712876, "h1_open": 166.80472498164232, "m5_open": 166.59983664729887, "m1_open": 167.93647258180167, "reversion_strength": {"s1": 0.002645480578274048, "m1": 0.009447304871809989, "m5": 0.011715152974709363, "h1": 0.04320287271163793, "d1": 0.05}, "garch_variance": 1.498685977492087e-06, "prev_return": 0.00022797744528663014, "boundary_trend": 0}, "MSFT": {"p": 164.29991488958072, "d1_open": 164.41906387237157, "h1_open": 164.04525621182805, "m5_open": 164.4234802565385, "m1_open": 164.21081086241057, "reversion_strength": {"s1": 0.00502554902391116, "m1": 0.0038098335627198736, "m5": 0.0032918974962767448, "h1": 0.046518504108642444, "d1": 0.05}, "garch_variance": 1.2128209686520302e-06, "prev_return": 0.0005424725731635315, "boundary_trend": 0}, "NVDA": {"p": 96.58443079192855, "d1_open": 97.6331941946038, "h1_open": 96.51017604046937, "m5_open": 96.93962599984756, "m1_open": 96.50942107790243, "reversion_strength": {"s1": 0.0011925680738830492, "m1": 0.020956231791063703, "m5": 0.022867711633453934, "h1": 0.013888096527728985, "d1": 0.05}, "garch_variance": 1.0857372239042194e-06, "prev_return": 0.0007769249727303871, "boundary_trend": 0}}