{"AAPL": {"p": 90.11708320006863, "d1_open": 87.95021220263737, "h1_open": 90.36175952352136, "m5_open": 90.21449246363383, "m1_open": 90.21449246363383, "band": {"m1": 0.0035752371788796695, "m5": 0.008170103671393944, "h1": 0.01676138777620434, "d1": 0.05184323365799784}, "garch_variance": 7.4726161424836555e-06, "prev_return": -0.0028163855112728962, "boundary_trend": 0, "trend_ou": 0.06864598097740848, "reversion_strength": {"s1": 0.008338960049529932, "m1": 0.001351140996985631, "m5": 0.013839264509730786, "h1": 0.04009322855887123, "d1": 0.05}}, "GOOG": {"p": 177.52430063235124, "d1_open": 175.76656301755804, "h1_open": 175.77288560235982, "m5_open": 176.7190024956771, "m1_open": 176.7190024956771, "band": {"m1": 0.004556941388880042, "m5": 0.01014574528401665, "h1": 0.022844786266177388, "d1": 0.07792037251228823}, "garch_variance": 1.4821099714027272e-05, "prev_return": 0.009113945863976342, "boundary_trend": -1, "trend_ou": 0.008028222304052791, "reversion_strength": {"s1": 0.0062823601171641975, "m1": 0.013292119646085305, "m5": 0.03312992683192555, "h1": 0.04623311401955329, "d1": 0.05}}, "AMZN": {"p": 171.46195265670872, "d1_open": 169.8941041712876, "h1_open": 168.9021703391811, "m5_open": 171.4784683046501, "m1_open": 171.4784683046501, "band": {"m1": 0.0033160742756575515, "m5": 0.0076485483894281735, "h1": 0.015155414003189899, "d1": 0.04495905516068691}, "garch_variance": 4.595986769527053e-06, "prev_return": 0.0032252667505205507, "boundary_trend": -1, "trend_ou": 0.08149625147368915, "reversion_strength": {"s1": 0.002645480578274048, "m1": 0.009447304871809989, "m5": 0.011715152974709363, "h1": 0.04320287271163793, "d1": 0.05}}, "MSFT": {"p": 161.840826973731, "d1_open": 164.41906387237157, "h1_open": 160.00715142749434, "m5_open": 161.28779684470032, "m1_open": 161.28779684470032, "band": {"m1": 0.003428840494133315, "m5": 0.007875486026497834, "h1": 0.015854200701064167, "d1": 0.047954479146150523}, "garch_variance": 5.962382514939042e-06, "prev_return": 0.006857707863587199, "boundary_trend": -1, "trend_ou": 0.014774673128348959, "reversion_strength": {"s1": 0.00502554902391116, "m1": 0.0038098335627198736, "m5": 0.0032918974962767448, "h1": 0.046518504108642444, "d1": 0.05}}, "NVDA": {"p": 101.32074965981494, "d1_open": 97.6331941946038, "h1_open": 100.4340456706556, "m5_open": 101.69385709706052, "m1_open": 101.69385709706052, "band": {"m1": 0.0036689279755557627, "m5": 0.008358652762604413, "h1": 0.017341968408555404, "d1": 0.054331954689652226}, "garch_variance": 6.472085113182873e-06, "prev_return": 0.0, "boundary_trend": 1, "trend_ou": 0.03316330017999461, "reversion_strength": {"s1": 0.0011925680738830492, "m1": 0.020956231791063703, "m5": 0.022867711633453934, "h1": 0.013888096527728985, "d1": 0.05}}}