{"AAPL": {"p": 90.11162714905818, "d1_open": 87.95021220263737, "h1_open": 90.36175952352136, "m5_open": 90.21449246363383, "m1_open": 90.06288804215102, "band": {"m1": 0.0037447284774953515, "m5": 0.008511198330163387, "h1": 0.017811686939189306, "d1": 0.056345453454522354}, "garch_variance": 1.1573820689878006e-05, "prev_return": 0.004292778636529811, "boundary_trend": 0, "trend_ou": 0.06452704540606564, "reversion_strength": {"s1": 0.008338960049529932, "m1": 0.001351140996985631, "m5": 0.013839264509730786, "h1": 0.04009322855887123, "d1": 0.05}}, "GOOG": {"p": 176.73984086857664, "d1_open": 175.76656301755804, "h1_open": 175.77288560235982, "m5_open": 176.7190024956771, "m1_open": 177.52803769406495, "band": {"m1": 0.004439844183072784, "m5": 0.009910091703072369, "h1": 0.022119161421411095, "d1": 0.07480990393715181}, "garch_variance": 1.4225090588320333e-05, "prev_return": 0.0, "boundary_trend": 1, "trend_ou": 0.010959548032394663, "reversion_strength": {"s1": 0.0062823601171641975, "m1": 0.013292119646085305, "m5": 0.03312992683192555, "h1": 0.04623311401955329, "d1": 0.05}}, "AMZN": {"p": 170.87276083908367, "d1_open": 169.8941041712876, "h1_open": 168.9021703391811, "m5_open": 171.4784683046501, "m1_open": 171.4323824462726, "band": {"m1": 0.0032643868048927473, "m5": 0.007544529361034552, "h1": 0.014835118461622427, "d1": 0.04358607403416168}, "garch_variance": 4.045705208157677e-06, "prev_return": -0.0031266371401282075, "boundary_trend": 1, "trend_ou": 0.07534980833526939, "reversion_strength": {"s1": 0.002645480578274048, "m1": 0.009447304871809989, "m5": 0.011715152974709363, "h1": 0.04320287271163793, "d1": 0.05}}, "MSFT": {"p": 161.17608305261146, "d1_open": 164.41906387237157, "h1_open": 160.00715142749434, "m5_open": 161.28779684470032, "m1_open": 161.74961474106485, "band": {"m1": 0.003545799409609169, "m5": 0.00811086130351863, "h1": 0.01657896859198971, "d1": 0.051061274296911784}, "garch_variance": 8.987635502969598e-06, "prev_return": -0.00035749486221571395, "boundary_trend": 1, "trend_ou": 0.018221393688288207, "reversion_strength": {"s1": 0.00502554902391116, "m1": 0.0038098335627198736, "m5": 0.0032918974962767448, "h1": 0.046518504108642444, "d1": 0.05}}, "NVDA": {"p": 101.10776740127697, "d1_open": 97.6331941946038, "h1_open": 100.4340456706556, "m5_open": 101.69385709706052, "m1_open": 101.31919428662752, "band": {"m1": 0.003593990996105003, "m5": 0.00820784500053205, "h1": 0.0168776009310708, "d1": 0.052341393786936107}, "garch_variance": 6.77129900576557e-06, "prev_return": 0.00151154393128124, "boundary_trend": 1, "trend_ou": 0.0355150698557301, "reversion_strength": {"s1": 0.0011925680738830492, "m1": 0.020956231791063703, "m5": 0.022867711633453934, "h1": 0.013888096527728985, "d1": 0.05}}}