{"AAPL": {"p": 83.59405636559681, "d1_open": 81.94143766685488, "h1_open": 83.16511765564458, "m5_open": 83.16810922911434, "m1_open": 83.50265076489872, "band": {"m1": 0.0020541917736495515, "m5": 0.005121520020481323, "h1": 0.011532587492885715, "d1": 0.03800263560090016}, "garch_variance": 3.7186890953469866e-06, "prev_return": 0.0, "boundary_trend": -1, "trend_ou": -0.13750063942016097, "reversion_strength": {"s1": 0.008338960049529932, "m1": 0.001351140996985631, "m5": 0.013839264509730786, "h1": 0.04009322855887123, "d1": 0.05}}, "GOOG": {"p": 151.33221537826532, "d1_open": 151.7016903651911, "h1_open": 152.3937591816353, "m5_open": 152.1814608201639, "m1_open": 151.48259513682376, "band": {"m1": 0.0022822503097541975, "m5": 0.005580478971102493, "h1": 0.012945814552555696, "d1": 0.04406058467794935}, "garch_variance": 5.538869443008252e-06, "prev_return": 0.0, "boundary_trend": 1, "trend_ou": -0.0783586690047122, "reversion_strength": {"s1": 0.0062823601171641975, "m1": 0.013292119646085305, "m5": 0.03312992683192555, "h1": 0.04623311401955329, "d1": 0.05}}, "AMZN": {"p": 170.15973616378395, "d1_open": 165.13593115049974, "h1_open": 168.6793807914225, "m5_open": 170.2410548891395, "m1_open": 169.82966775723258, "band": {"m1": 0.0019435261866212557, "m5": 0.004898809822652652, "h1": 0.010846817931991546, "d1": 0.035063010966584575}, "garch_variance": 4.041731151306246e-06, "prev_return": 0.003887057267433648, "boundary_trend": -1, "trend_ou": 0.025040722762127657, "reversion_strength": {"s1": 0.002645480578274048, "m1": 0.009447304871809989, "m5": 0.011715152974709363, "h1": 0.04320287271163793, "d1": 0.05}}, "MSFT": {"p": 161.27343490775075, "d1_open": 158.81978513575737, "h1_open": 159.9210688610481, "m5_open": 160.9242679924454, "m1_open": 161.00095108696922, "band": {"m1": 0.0016924360939602158, "m5": 0.004393500758552526, "h1": 0.009290869536353328, "d1": 0.028393271604607}, "garch_variance": 1.4805073296655554e-06, "prev_return": 0.0008577554997508816, "boundary_trend": -1, "trend_ou": 0.1190153376306994, "reversion_strength": {"s1": 0.00502554902391116, "m1": 0.0038098335627198736, "m5": 0.0032918974962767448, "h1": 0.046518504108642444, "d1": 0.05}}, "NVDA": {"p": 99.69324430114443, "d1_open": 100.31090827320226, "h1_open": 98.94100541546996, "m5_open": 99.82550806709368, "m1_open": 99.7491177222613, "band": {"m1": 0.0018454545195673493, "m5": 0.0047014443998733176, "h1": 0.010239090038816217, "d1": 0.032457920295296226}, "garch_variance": 2.3497114786961963e-06, "prev_return": -0.0007568566889386952, "boundary_trend": 0, "trend_ou": -0.06799264291293618, "reversion_strength": {"s1": 0.0011925680738830492, "m1": 0.020956231791063703, "m5": 0.022867711633453934, "h1": 0.013888096527728985, "d1": 0.05}}}