{"AAPL": {"p": 87.8537852155941, "d1_open": 87.95021220263737, "h1_open": 87.7884707899021, "m5_open": 87.84708690460344, "m1_open": 87.97264866782261, "reversion_strength": {"s1": 0.008338960049529932, "m1": 0.001351140996985631, "m5": 0.013839264509730786, "h1": 0.04009322855887123, "d1": 0.05}, "garch_variance": 1.0064884184717816e-06, "prev_return": -0.0013520546110228153, "boundary_trend": 1}, "GOOG": {"p": 167.79243382028696, "d1_open": 175.76656301755804, "h1_open": 168.02502312872693, "m5_open": 167.65473562512963, "m1_open": 167.73327629092594, "reversion_strength": {"s1": 0.0062823601171641975, "m1": 0.013292119646085305, "m5": 0.03312992683192555, "h1": 0.04623311401955329, "d1": 0.05}, "garch_variance": 1.2895424080494682e-06, "prev_return": 0.0003526259132536605, "boundary_trend": 0}, "AMZN": {"p": 174.87541873681693, "d1_open": 169.8941041712876, "h1_open": 175.70186627134336, "m5_open": 175.12448785935672, "m1_open": 174.93700795322766, "reversion_strength": {"s1": 0.002645480578274048, "m1": 0.009447304871809989, "m5": 0.011715152974709363, "h1": 0.04320287271163793, "d1": 0.05}, "garch_variance": 1.511656378774611e-06, "prev_return": -0.00035212709639782796, "boundary_trend": 0}, "MSFT": {"p": 165.10331332406676, "d1_open": 164.41906387237157, "h1_open": 164.62216328017612, "m5_open": 164.6270133363439, "m1_open": 164.82265961010063, "reversion_strength": {"s1": 0.00502554902391116, "m1": 0.0038098335627198736, "m5": 0.0032918974962767448, "h1": 0.046518504108642444, "d1": 0.05}, "garch_variance": 1.1780106218656277e-06, "prev_return": 0.0017013136563056386, "boundary_trend": 0}, "NVDA": {"p": 99.05281009970689, "d1_open": 97.6331941946038, "h1_open": 98.33301575396666, "m5_open": 98.4260018777124, "m1_open": 99.01042278240206, "reversion_strength": {"s1": 0.0011925680738830492, "m1": 0.020956231791063703, "m5": 0.022867711633453934, "h1": 0.013888096527728985, "d1": 0.05}, "garch_variance": 1.106415141063723e-06, "prev_return": 0.00042801803580752167, "boundary_trend": 0}}