{"AAPL": {"p": 90.05554261811746, "d1_open": 87.95021220263737, "h1_open": 89.92327454616381, "m5_open": 89.92327454616381, "m1_open": 89.93402906442442, "reversion_strength": {"s1": 0.008338960049529932, "m1": 0.001351140996985631, "m5": 0.013839264509730786, "h1": 0.04009322855887123, "d1": 0.05}, "garch_variance": 1.3185586471943492e-06, "prev_return": 0.0013502290273625923, "boundary_trend": -1}, "GOOG": {"p": 179.86933417720198, "d1_open": 175.76656301755804, "h1_open": 183.39762262224193, "m5_open": 183.39762262224193, "m1_open": 180.11782183739558, "reversion_strength": {"s1": 0.0062823601171641975, "m1": 0.013292119646085305, "m5": 0.03312992683192555, "h1": 0.04623311401955329, "d1": 0.05}, "garch_variance": 4.312935159718428e-06, "prev_return": -0.0013805364747468173, "boundary_trend": 0}, "AMZN": {"p": 169.1345497693351, "d1_open": 169.8941041712876, "h1_open": 168.9436681978484, "m5_open": 168.9436681978484, "m1_open": 169.07800449121063, "reversion_strength": {"s1": 0.002645480578274048, "m1": 0.009447304871809989, "m5": 0.011715152974709363, "h1": 0.04320287271163793, "d1": 0.05}, "garch_variance": 1.7023279176379887e-06, "prev_return": 0.00033437717162774117, "boundary_trend": 0}, "MSFT": {"p": 162.89466190202862, "d1_open": 164.41906387237157, "h1_open": 162.58297699275926, "m5_open": 162.58297699275926, "m1_open": 162.71116286900826, "reversion_strength": {"s1": 0.00502554902391116, "m1": 0.0038098335627198736, "m5": 0.0032918974962767448, "h1": 0.046518504108642444, "d1": 0.05}, "garch_variance": 1.7852906900600711e-06, "prev_return": 0.0011271238932899132, "boundary_trend": 0}, "NVDA": {"p": 97.72479072034679, "d1_open": 97.6331941946038, "h1_open": 98.32781845318762, "m5_open": 98.32781845318762, "m1_open": 97.7504023777854, "reversion_strength": {"s1": 0.0011925680738830492, "m1": 0.020956231791063703, "m5": 0.022867711633453934, "h1": 0.013888096527728985, "d1": 0.05}, "garch_variance": 1.3639385045597345e-06, "prev_return": -0.000262045093080551, "boundary_trend": 0}}