{"AAPL": {"p": 58.80329191451611, "d1_open": 58.881026803928506, "h1_open": 58.18002329517424, "m5_open": 58.70070751042904, "m1_open": 58.690106619150505, "band": {"m1": 0.0019285242758218602, "m5": 0.0048686190595468, "h1": 0.010753854490891787, "d1": 0.03466451322458613}, "garch_variance": 3.386045309220193e-06, "prev_return": 0.0, "boundary_trend": -1, "trend_ou": -0.17801886251787838, "reversion_strength": {"s1": 0.008338960049529932, "m1": 0.001351140996985631, "m5": 0.013839264509730786, "h1": 0.04009322855887123, "d1": 0.05}}, "GOOG": {"p": 117.12328953375822, "d1_open": 119.02146768303125, "h1_open": 117.8132584785911, "m5_open": 117.53485842152293, "m1_open": 117.38245056043591, "band": {"m1": 0.0022078345224548906, "m5": 0.005430720088002119, "h1": 0.012484676784707487, "d1": 0.04208386827132964}, "garch_variance": 4.890518682275665e-06, "prev_return": -0.002371909911882196, "boundary_trend": 1, "trend_ou": -0.14541000915494245, "reversion_strength": {"s1": 0.0062823601171641975, "m1": 0.013292119646085305, "m5": 0.03312992683192555, "h1": 0.04623311401955329, "d1": 0.05}}, "AMZN": {"p": 156.1150261702083, "d1_open": 158.98498094367304, "h1_open": 156.39399479459698, "m5_open": 155.57506190724217, "m1_open": 155.86312045917614, "band": {"m1": 0.0018350846148936638, "m5": 0.00468057536927982, "h1": 0.010174830089851511, "d1": 0.032182463145039794}, "garch_variance": 2.4838632893583663e-06, "prev_return": -0.00021850924257955598, "boundary_trend": -1, "trend_ou": 0.09842808040047515, "reversion_strength": {"s1": 0.002645480578274048, "m1": 0.009447304871809989, "m5": 0.011715152974709363, "h1": 0.04320287271163793, "d1": 0.05}}, "MSFT": {"p": 133.55453784983723, "d1_open": 137.08846618531726, "h1_open": 133.29083440032448, "m5_open": 133.55293932181672, "m1_open": 133.8208642570747, "band": {"m1": 0.0019901710298765364, "m5": 0.0049926807589394185, "h1": 0.011135865453774195, "d1": 0.0363020441112057}, "garch_variance": 3.6028960762773796e-06, "prev_return": -0.0019579521674650165, "boundary_trend": 1, "trend_ou": 0.019945589793889378, "reversion_strength": {"s1": 0.00502554902391116, "m1": 0.0038098335627198736, "m5": 0.0032918974962767448, "h1": 0.046518504108642444, "d1": 0.05}}, "NVDA": {"p": 77.34857975606563, "d1_open": 77.58920212535816, "h1_open": 77.08644892077346, "m5_open": 77.07051393030584, "m1_open": 77.20882693006982, "band": {"m1": 0.0018100628069688091, "m5": 0.004630219952183893, "h1": 0.010019775617235572, "d1": 0.031517805549610346}, "garch_variance": 3.191220066526839e-06, "prev_return": 0.0, "boundary_trend": -1, "trend_ou": 0.2496158705315665, "reversion_strength": {"s1": 0.0011925680738830492, "m1": 0.020956231791063703, "m5": 0.022867711633453934, "h1": 0.013888096527728985, "d1": 0.05}}}