{"AAPL": {"p": 90.04509242433437, "d1_open": 87.95021220263737, "h1_open": 90.36175952352136, "m5_open": 90.21449246363383, "m1_open": 90.11162714905818, "band": {"m1": 0.003788080204092577, "m5": 0.008598441997015432, "h1": 0.018080327763413936, "d1": 0.057497011105526685}, "garch_variance": 1.139063911242745e-05, "prev_return": 0.003056641498070875, "boundary_trend": 1, "trend_ou": 0.0670887346953047, "reversion_strength": {"s1": 0.008338960049529932, "m1": 0.001351140996985631, "m5": 0.013839264509730786, "h1": 0.04009322855887123, "d1": 0.05}}, "GOOG": {"p": 177.51126941916402, "d1_open": 175.76656301755804, "h1_open": 175.77288560235982, "m5_open": 176.7190024956771, "m1_open": 176.73984086857664, "band": {"m1": 0.004364768842136869, "m5": 0.009759005493882358, "h1": 0.02165393654916207, "d1": 0.072815667719994}, "garch_variance": 1.2618079717721894e-05, "prev_return": 0.0025250874256712882, "boundary_trend": -1, "trend_ou": 0.012063583201753316, "reversion_strength": {"s1": 0.0062823601171641975, "m1": 0.013292119646085305, "m5": 0.03312992683192555, "h1": 0.04623311401955329, "d1": 0.05}}, "AMZN": {"p": 170.31451053171568, "d1_open": 169.8941041712876, "h1_open": 168.9021703391811, "m5_open": 171.4784683046501, "m1_open": 170.87276083908367, "band": {"m1": 0.0032670526573495007, "m5": 0.0075498942856147095, "h1": 0.01485163814509195, "d1": 0.04365688742578377}, "garch_variance": 4.833323759902247e-06, "prev_return": 0.0, "boundary_trend": 1, "trend_ou": 0.07261967987509604, "reversion_strength": {"s1": 0.002645480578274048, "m1": 0.009447304871809989, "m5": 0.011715152974709363, "h1": 0.04320287271163793, "d1": 0.05}}, "MSFT": {"p": 161.75082202015346, "d1_open": 164.41906387237157, "h1_open": 160.00715142749434, "m5_open": 161.28779684470032, "m1_open": 161.17608305261146, "band": {"m1": 0.0035659072776597833, "m5": 0.008151327607378023, "h1": 0.016703572492930134, "d1": 0.051595402257124376}, "garch_variance": 8.024455551794522e-06, "prev_return": 0.007131844784208982, "boundary_trend": -1, "trend_ou": 0.017827510237073445, "reversion_strength": {"s1": 0.00502554902391116, "m1": 0.0038098335627198736, "m5": 0.0032918974962767448, "h1": 0.046518504108642444, "d1": 0.05}}, "NVDA": {"p": 100.86520081295372, "d1_open": 97.6331941946038, "h1_open": 100.4340456706556, "m5_open": 101.69385709706052, "m1_open": 101.10776740127697, "band": {"m1": 0.003564521233669156, "m5": 0.008148538247653459, "h1": 0.01669498349246164, "d1": 0.05155858458716477}, "garch_variance": 6.195829028445291e-06, "prev_return": -0.005960155361973005, "boundary_trend": 1, "trend_ou": 0.03155375314791121, "reversion_strength": {"s1": 0.0011925680738830492, "m1": 0.020956231791063703, "m5": 0.022867711633453934, "h1": 0.013888096527728985, "d1": 0.05}}}