{"AAPL": {"p": 88.51022719738431, "d1_open": 87.95021220263737, "h1_open": 88.46025421232386, "m5_open": 88.74649554727908, "m1_open": 88.62658651880635, "reversion_strength": {"s1": 0.008338960049529932, "m1": 0.001351140996985631, "m5": 0.013839264509730786, "h1": 0.04009322855887123, "d1": 0.05}, "garch_variance": 1.6805927499367813e-06, "prev_return": -0.0013137792841297479, "boundary_trend": 1}, "GOOG": {"p": 175.54737150443015, "d1_open": 175.76656301755804, "h1_open": 171.25338368742615, "m5_open": 175.2936996533437, "m1_open": 175.80693848027485, "reversion_strength": {"s1": 0.0062823601171641975, "m1": 0.013292119646085305, "m5": 0.03312992683192555, "h1": 0.04623311401955329, "d1": 0.05}, "garch_variance": 1.95488947893199e-06, "prev_return": -0.001477522920251976, "boundary_trend": 0}, "AMZN": {"p": 166.15979367273474, "d1_open": 169.8941041712876, "h1_open": 168.5021874081404, "m5_open": 166.16557762513477, "m1_open": 166.1923478048102, "reversion_strength": {"s1": 0.002645480578274048, "m1": 0.009447304871809989, "m5": 0.011715152974709363, "h1": 0.04320287271163793, "d1": 0.05}, "garch_variance": 1.4379710765895275e-06, "prev_return": -0.00019590144378101566, "boundary_trend": 0}, "MSFT": {"p": 164.82790362647077, "d1_open": 164.41906387237157, "h1_open": 164.11163536945244, "m5_open": 164.77359628540833, "m1_open": 164.83442397919472, "reversion_strength": {"s1": 0.00502554902391116, "m1": 0.0038098335627198736, "m5": 0.0032918974962767448, "h1": 0.046518504108642444, "d1": 0.05}, "garch_variance": 1.5427451515454984e-06, "prev_return": -3.955776671337358e-05, "boundary_trend": 0}, "NVDA": {"p": 96.97558210510003, "d1_open": 97.6331941946038, "h1_open": 97.10451824378742, "m5_open": 96.43513954360233, "m1_open": 97.03106097639069, "reversion_strength": {"s1": 0.0011925680738830492, "m1": 0.020956231791063703, "m5": 0.022867711633453934, "h1": 0.013888096527728985, "d1": 0.05}, "garch_variance": 1.2157862170984046e-06, "prev_return": -0.0005719275579612758, "boundary_trend": 0}}