{"AAPL": {"p": 88.7853962820349, "d1_open": 87.95021220263737, "h1_open": 88.46025421232386, "m5_open": 88.67954470103834, "m1_open": 88.77144305493484, "reversion_strength": {"s1": 0.008338960049529932, "m1": 0.001351140996985631, "m5": 0.013839264509730786, "h1": 0.04009322855887123, "d1": 0.05}, "garch_variance": 1.0922584769642022e-06, "prev_return": 0.00015716913165256342, "boundary_trend": 0}, "GOOG": {"p": 177.01270471520712, "d1_open": 175.76656301755804, "h1_open": 171.25338368742615, "m5_open": 174.28904531343082, "m1_open": 177.0436736436274, "reversion_strength": {"s1": 0.0062823601171641975, "m1": 0.013292119646085305, "m5": 0.03312992683192555, "h1": 0.04623311401955329, "d1": 0.05}, "garch_variance": 1.861307536797404e-06, "prev_return": -0.00017493783697834428, "boundary_trend": 0}, "AMZN": {"p": 166.37989599621514, "d1_open": 169.8941041712876, "h1_open": 168.5021874081404, "m5_open": 167.2568774362557, "m1_open": 166.28078698261842, "reversion_strength": {"s1": 0.002645480578274048, "m1": 0.009447304871809989, "m5": 0.011715152974709363, "h1": 0.04320287271163793, "d1": 0.05}, "garch_variance": 1.2401162636871966e-06, "prev_return": 0.0005958565084493387, "boundary_trend": 0}, "MSFT": {"p": 164.36069566226342, "d1_open": 164.41906387237157, "h1_open": 164.11163536945244, "m5_open": 164.57030429193398, "m1_open": 164.30762902093477, "reversion_strength": {"s1": 0.00502554902391116, "m1": 0.0038098335627198736, "m5": 0.0032918974962767448, "h1": 0.046518504108642444, "d1": 0.05}, "garch_variance": 1.5918703562491581e-06, "prev_return": 0.00032291911209240476, "boundary_trend": 1}, "NVDA": {"p": 97.34762082818706, "d1_open": 97.6331941946038, "h1_open": 97.10451824378742, "m5_open": 97.22579362349654, "m1_open": 97.31177634425566, "reversion_strength": {"s1": 0.0011925680738830492, "m1": 0.020956231791063703, "m5": 0.022867711633453934, "h1": 0.013888096527728985, "d1": 0.05}, "garch_variance": 1.2462586073186361e-06, "prev_return": 0.000368279002783252, "boundary_trend": 0}}