{"AAPL": {"p": 58.03602195882709, "d1_open": 58.881026803928506, "h1_open": 57.95099828715578, "m5_open": 58.06760777946594, "m1_open": 58.06585302087489, "band": {"m1": 0.001744962259254766, "m5": 0.004499207627128931, "h1": 0.009616362277834817, "d1": 0.02978853108492325}, "garch_variance": 3.65490903954858e-06, "prev_return": 0.00013784025644894633, "boundary_trend": 1, "trend_ou": -0.18538552923461094, "reversion_strength": {"s1": 0.008338960049529932, "m1": 0.001351140996985631, "m5": 0.013839264509730786, "h1": 0.04009322855887123, "d1": 0.05}}, "GOOG": {"p": 116.28212426479742, "d1_open": 119.02146768303125, "h1_open": 116.73471203161151, "m5_open": 116.28318749453915, "m1_open": 116.09505755356192, "band": {"m1": 0.0016113236444125437, "m5": 0.004230265102643422, "h1": 0.00878823407032417, "d1": 0.026238670872411444}, "garch_variance": 2.250022565790616e-06, "prev_return": 0.0012808795152285542, "boundary_trend": -1, "trend_ou": -0.11333508417032771, "reversion_strength": {"s1": 0.0062823601171641975, "m1": 0.013292119646085305, "m5": 0.03312992683192555, "h1": 0.04623311401955329, "d1": 0.05}}, "AMZN": {"p": 156.57350355897412, "d1_open": 158.98498094367304, "h1_open": 155.272478808972, "m5_open": 156.67397767554195, "m1_open": 156.28522570145313, "band": {"m1": 0.0018445624416967542, "m5": 0.004699649127789431, "h1": 0.010233562034438082, "d1": 0.0324342239127572}, "garch_variance": 5.208027583605375e-06, "prev_return": 0.002435652541876463, "boundary_trend": -1, "trend_ou": 0.06812227946670253, "reversion_strength": {"s1": 0.002645480578274048, "m1": 0.009447304871809989, "m5": 0.011715152974709363, "h1": 0.04320287271163793, "d1": 0.05}}, "MSFT": {"p": 133.64745754224498, "d1_open": 137.08846618531726, "h1_open": 133.13886604045118, "m5_open": 133.6837640603729, "m1_open": 133.42776905979426, "band": {"m1": 0.0016464974570043291, "m5": 0.004301051035028185, "h1": 0.009006198214949138, "d1": 0.02717299751137984}, "garch_variance": 3.3268500225186273e-06, "prev_return": 0.0, "boundary_trend": -1, "trend_ou": -0.04448702590375832, "reversion_strength": {"s1": 0.00502554902391116, "m1": 0.0038098335627198736, "m5": 0.0032918974962767448, "h1": 0.046518504108642444, "d1": 0.05}}, "NVDA": {"p": 77.57219908965281, "d1_open": 77.58920212535816, "h1_open": 77.04681052606045, "m5_open": 77.47707182694458, "m1_open": 77.45389795468681, "band": {"m1": 0.0015273748396137613, "m5": 0.004061321391899477, "h1": 0.008268022353652649, "d1": 0.024008727660302025}, "garch_variance": 1.7676813667917492e-06, "prev_return": 0.0, "boundary_trend": -1, "trend_ou": 0.22596753897461197, "reversion_strength": {"s1": 0.0011925680738830492, "m1": 0.020956231791063703, "m5": 0.022867711633453934, "h1": 0.013888096527728985, "d1": 0.05}}}