{"AAPL": {"p": 90.15817441489513, "d1_open": 87.95021220263737, "h1_open": 89.92327454616381, "m5_open": 90.41092396065393, "m1_open": 90.1910842304686, "reversion_strength": {"s1": 0.008338960049529932, "m1": 0.001351140996985631, "m5": 0.013839264509730786, "h1": 0.04009322855887123, "d1": 0.05}, "garch_variance": 2.157146865234802e-06, "prev_return": -0.00036495648705128607, "boundary_trend": 1}, "GOOG": {"p": 176.58573170257824, "d1_open": 175.76656301755804, "h1_open": 183.39762262224193, "m5_open": 176.48093786759392, "m1_open": 176.44975713701288, "reversion_strength": {"s1": 0.0062823601171641975, "m1": 0.013292119646085305, "m5": 0.03312992683192555, "h1": 0.04623311401955329, "d1": 0.05}, "garch_variance": 2.763117491327495e-06, "prev_return": 0.0007703167335165225, "boundary_trend": 0}, "AMZN": {"p": 169.955237937781, "d1_open": 169.8941041712876, "h1_open": 168.9436681978484, "m5_open": 170.3479195551779, "m1_open": 170.1144767211272, "reversion_strength": {"s1": 0.002645480578274048, "m1": 0.009447304871809989, "m5": 0.011715152974709363, "h1": 0.04320287271163793, "d1": 0.05}, "garch_variance": 1.4407680732447529e-06, "prev_return": -0.0009365067697618033, "boundary_trend": 0}, "MSFT": {"p": 162.60268429710206, "d1_open": 164.41906387237157, "h1_open": 162.58297699275926, "m5_open": 162.3889565456209, "m1_open": 162.92352434509644, "reversion_strength": {"s1": 0.00502554902391116, "m1": 0.0038098335627198736, "m5": 0.0032918974962767448, "h1": 0.046518504108642444, "d1": 0.05}, "garch_variance": 1.3224147575617687e-06, "prev_return": -0.0019712093426972653, "boundary_trend": 0}, "NVDA": {"p": 97.88509085975646, "d1_open": 97.6331941946038, "h1_open": 98.32781845318762, "m5_open": 97.11899512756206, "m1_open": 97.88670987160984, "reversion_strength": {"s1": 0.0011925680738830492, "m1": 0.020956231791063703, "m5": 0.022867711633453934, "h1": 0.013888096527728985, "d1": 0.05}, "garch_variance": 1.272795731851468e-06, "prev_return": -1.6539786091429108e-05, "boundary_trend": 0}}