{"AAPL": {"p": 58.10992051533566, "d1_open": 58.881026803928506, "h1_open": 57.935104588267784, "m5_open": 57.935104588267784, "m1_open": 58.01334867857329, "band": {"m1": 0.001664648550067909, "m5": 0.004337579405188666, "h1": 0.009118676424790268, "d1": 0.027655147398641645}, "garch_variance": 2.294876962618293e-06, "prev_return": 0.0, "boundary_trend": -1, "trend_ou": -0.1792257341774294, "reversion_strength": {"s1": 0.008338960049529932, "m1": 0.001351140996985631, "m5": 0.013839264509730786, "h1": 0.04009322855887123, "d1": 0.05}}, "GOOG": {"p": 116.3888914266636, "d1_open": 119.02146768303125, "h1_open": 116.09550753836272, "m5_open": 116.09550753836272, "m1_open": 116.20974983531566, "band": {"m1": 0.0015415366748642693, "m5": 0.004089821535575138, "h1": 0.008355780036975772, "d1": 0.02438491036431523}, "garch_variance": 1.5432795418888259e-06, "prev_return": 0.0, "boundary_trend": -1, "trend_ou": -0.12059640739182577, "reversion_strength": {"s1": 0.0062823601171641975, "m1": 0.013292119646085305, "m5": 0.03312992683192555, "h1": 0.04623311401955329, "d1": 0.05}}, "AMZN": {"p": 155.8783458704862, "d1_open": 158.98498094367304, "h1_open": 156.28356493298796, "m5_open": 156.28356493298796, "m1_open": 156.18107504604188, "band": {"m1": 0.0019383217554778077, "m5": 0.0048883361070137825, "h1": 0.01081456725175945, "d1": 0.03492476497333856}, "garch_variance": 6.75826645666929e-06, "prev_return": -0.003575092098345173, "boundary_trend": 1, "trend_ou": 0.06441341538492454, "reversion_strength": {"s1": 0.002645480578274048, "m1": 0.009447304871809989, "m5": 0.011715152974709363, "h1": 0.04320287271163793, "d1": 0.05}}, "MSFT": {"p": 133.94590238791469, "d1_open": 137.08846618531726, "h1_open": 133.73171007353216, "m5_open": 133.73171007353216, "m1_open": 133.7105791460566, "band": {"m1": 0.0017599448253157316, "m5": 0.004529359459699661, "h1": 0.009709205843974932, "d1": 0.030186514970074588}, "garch_variance": 4.51173743664563e-06, "prev_return": 0.003519893284813923, "boundary_trend": -1, "trend_ou": -0.04006289536923972, "reversion_strength": {"s1": 0.00502554902391116, "m1": 0.0038098335627198736, "m5": 0.0032918974962767448, "h1": 0.046518504108642444, "d1": 0.05}}, "NVDA": {"p": 77.57589801194331, "d1_open": 77.58920212535816, "h1_open": 77.45406808949511, "m5_open": 77.45406808949511, "m1_open": 77.45448227570914, "band": {"m1": 0.0015675753380154963, "m5": 0.004142223334339563, "h1": 0.0085171357309633, "d1": 0.025076578819698932}, "garch_variance": 2.870805865376059e-06, "prev_return": 0.0, "boundary_trend": -1, "trend_ou": 0.22892494349053177, "reversion_strength": {"s1": 0.0011925680738830492, "m1": 0.020956231791063703, "m5": 0.022867711633453934, "h1": 0.013888096527728985, "d1": 0.05}}}