{"AAPL": {"p": 83.65844777120302, "d1_open": 81.94143766685488, "h1_open": 83.16511765564458, "m5_open": 83.65827076873106, "m1_open": 83.81323141110423, "band": {"m1": 0.0018467685506837524, "m5": 0.004704088836484062, "h1": 0.010247232791824582, "d1": 0.03249282507774725}, "garch_variance": 2.6908124324020754e-06, "prev_return": 0.0, "boundary_trend": 1, "trend_ou": -0.1463263022951497, "reversion_strength": {"s1": 0.008338960049529932, "m1": 0.001351140996985631, "m5": 0.013839264509730786, "h1": 0.04009322855887123, "d1": 0.05}}, "GOOG": {"p": 151.84328426173244, "d1_open": 151.7016903651911, "h1_open": 152.3937591816353, "m5_open": 151.85071396277704, "m1_open": 151.50484208508144, "band": {"m1": 0.002233870363436584, "m5": 0.0054831162072599155, "h1": 0.012646014990350053, "d1": 0.04277546176105052}, "garch_variance": 5.21042844850316e-06, "prev_return": 0.0, "boundary_trend": -1, "trend_ou": -0.07765560781591978, "reversion_strength": {"s1": 0.0062823601171641975, "m1": 0.013292119646085305, "m5": 0.03312992683192555, "h1": 0.04623311401955329, "d1": 0.05}}, "AMZN": {"p": 169.78455480111938, "d1_open": 165.13593115049974, "h1_open": 168.6793807914225, "m5_open": 169.02915256973694, "m1_open": 169.4011778415869, "band": {"m1": 0.0022631304245770635, "m5": 0.0055420009444222375, "h1": 0.012827332957559796, "d1": 0.04355270063756001}, "garch_variance": 6.552405222973483e-06, "prev_return": 0.0, "boundary_trend": -1, "trend_ou": 0.027896101246906356, "reversion_strength": {"s1": 0.002645480578274048, "m1": 0.009447304871809989, "m5": 0.011715152974709363, "h1": 0.04320287271163793, "d1": 0.05}}, "MSFT": {"p": 161.63401671009782, "d1_open": 158.81978513575737, "h1_open": 159.9210688610481, "m5_open": 161.42080634960723, "m1_open": 161.64310216422737, "band": {"m1": 0.0019216422449972103, "m5": 0.00485476923967435, "h1": 0.01071120810565666, "d1": 0.03448170492898573}, "garch_variance": 2.7417984385259636e-06, "prev_return": 0.001867282510518714, "boundary_trend": -1, "trend_ou": 0.12188674717270534, "reversion_strength": {"s1": 0.00502554902391116, "m1": 0.0038098335627198736, "m5": 0.0032918974962767448, "h1": 0.046518504108642444, "d1": 0.05}}, "NVDA": {"p": 100.02052542951209, "d1_open": 100.31090827320226, "h1_open": 98.94100541546996, "m5_open": 99.48799657007388, "m1_open": 99.99981645567519, "band": {"m1": 0.0021690633329325033, "m5": 0.005352694574195593, "h1": 0.012244420510574918, "d1": 0.04105398403285734}, "garch_variance": 4.800145529113533e-06, "prev_return": 0.0, "boundary_trend": -1, "trend_ou": -0.08293089333320218, "reversion_strength": {"s1": 0.0011925680738830492, "m1": 0.020956231791063703, "m5": 0.022867711633453934, "h1": 0.013888096527728985, "d1": 0.05}}}