{"AAPL": {"p": 89.82076228503779, "d1_open": 87.95021220263737, "h1_open": 89.17288531883615, "m5_open": 89.48592828043384, "m1_open": 89.75525869129575, "reversion_strength": {"s1": 0.008338960049529932, "m1": 0.001351140996985631, "m5": 0.013839264509730786, "h1": 0.04009322855887123, "d1": 0.05}, "garch_variance": 1.0325898309156253e-06, "prev_return": 0.0007295361183649831, "boundary_trend": -1}, "GOOG": {"p": 183.0715678053985, "d1_open": 175.76656301755804, "h1_open": 176.0396410021823, "m5_open": 182.2209772817461, "m1_open": 183.07146776179243, "reversion_strength": {"s1": 0.0062823601171641975, "m1": 0.013292119646085305, "m5": 0.03312992683192555, "h1": 0.04623311401955329, "d1": 0.05}, "garch_variance": 1.3432247035046589e-06, "prev_return": 5.464728062374761e-07, "boundary_trend": 0}, "AMZN": {"p": 168.11690500081306, "d1_open": 169.8941041712876, "h1_open": 162.3870609310141, "m5_open": 167.2322313533559, "m1_open": 167.77252785612833, "reversion_strength": {"s1": 0.002645480578274048, "m1": 0.009447304871809989, "m5": 0.011715152974709363, "h1": 0.04320287271163793, "d1": 0.05}, "garch_variance": 1.6565881981288595e-06, "prev_return": 0.0020505394434282525, "boundary_trend": 0}, "MSFT": {"p": 163.35137269259937, "d1_open": 164.41906387237157, "h1_open": 164.33550431317852, "m5_open": 163.20350832876423, "m1_open": 162.75969163062214, "reversion_strength": {"s1": 0.00502554902391116, "m1": 0.0038098335627198736, "m5": 0.0032918974962767448, "h1": 0.046518504108642444, "d1": 0.05}, "garch_variance": 1.455687263079499e-06, "prev_return": 0.0036287128893005703, "boundary_trend": 0}, "NVDA": {"p": 97.02612851529946, "d1_open": 97.6331941946038, "h1_open": 98.01165686841159, "m5_open": 98.54384540916142, "m1_open": 97.14070177622628, "reversion_strength": {"s1": 0.0011925680738830492, "m1": 0.020956231791063703, "m5": 0.022867711633453934, "h1": 0.013888096527728985, "d1": 0.05}, "garch_variance": 1.3793647353314e-06, "prev_return": -0.0011801529030736565, "boundary_trend": 0}}