{"AAPL": {"p": 89.48980323212498, "d1_open": 87.95021220263737, "h1_open": 89.17288531883615, "m5_open": 89.41783320460887, "m1_open": 89.41783320460887, "reversion_strength": {"s1": 0.008338960049529932, "m1": 0.001351140996985631, "m5": 0.013839264509730786, "h1": 0.04009322855887123, "d1": 0.05}, "garch_variance": 1.222352764147907e-06, "prev_return": 0.0008045495746487331, "boundary_trend": 0}, "GOOG": {"p": 182.52477321847306, "d1_open": 175.76656301755804, "h1_open": 176.0396410021823, "m5_open": 182.65625418130696, "m1_open": 182.65625418130696, "reversion_strength": {"s1": 0.0062823601171641975, "m1": 0.013292119646085305, "m5": 0.03312992683192555, "h1": 0.04623311401955329, "d1": 0.05}, "garch_variance": 1.2640264955895063e-06, "prev_return": -0.0007200865250389995, "boundary_trend": 0}, "AMZN": {"p": 167.5861745377706, "d1_open": 169.8941041712876, "h1_open": 162.3870609310141, "m5_open": 167.71057554158588, "m1_open": 167.71057554158588, "reversion_strength": {"s1": 0.002645480578274048, "m1": 0.009447304871809989, "m5": 0.011715152974709363, "h1": 0.04320287271163793, "d1": 0.05}, "garch_variance": 1.4702318808416686e-06, "prev_return": -0.000742035283634236, "boundary_trend": 0}, "MSFT": {"p": 163.85157842382856, "d1_open": 164.41906387237157, "h1_open": 164.33550431317852, "m5_open": 164.0947884242146, "m1_open": 164.0947884242146, "reversion_strength": {"s1": 0.00502554902391116, "m1": 0.0038098335627198736, "m5": 0.0032918974962767448, "h1": 0.046518504108642444, "d1": 0.05}, "garch_variance": 1.4634158288689407e-06, "prev_return": -0.0014832306106120506, "boundary_trend": 0}, "NVDA": {"p": 98.37778687058494, "d1_open": 97.6331941946038, "h1_open": 98.01165686841159, "m5_open": 98.4952491601625, "m1_open": 98.4952491601625, "reversion_strength": {"s1": 0.0011925680738830492, "m1": 0.020956231791063703, "m5": 0.022867711633453934, "h1": 0.013888096527728985, "d1": 0.05}, "garch_variance": 1.4401427733490233e-06, "prev_return": -0.0011932797490587675, "boundary_trend": 1}}