{"AAPL": {"p": 89.07380953001787, "d1_open": 87.95021220263737, "h1_open": 89.17288531883615, "m5_open": 89.18121684193379, "m1_open": 89.18105403431014, "reversion_strength": {"s1": 0.008338960049529932, "m1": 0.001351140996985631, "m5": 0.013839264509730786, "h1": 0.04009322855887123, "d1": 0.05}, "garch_variance": 1.1993039333961021e-06, "prev_return": -0.001203271709814224, "boundary_trend": 0}, "GOOG": {"p": 176.08894845762245, "d1_open": 175.76656301755804, "h1_open": 176.0396410021823, "m5_open": 179.89093899783572, "m1_open": 176.04348170274127, "reversion_strength": {"s1": 0.0062823601171641975, "m1": 0.013292119646085305, "m5": 0.03312992683192555, "h1": 0.04623311401955329, "d1": 0.05}, "garch_variance": 1.101355434771001e-06, "prev_return": 0.00025823668165482683, "boundary_trend": 0}, "AMZN": {"p": 163.26751671024198, "d1_open": 169.8941041712876, "h1_open": 162.3870609310141, "m5_open": 161.50795679055835, "m1_open": 163.40004721099248, "reversion_strength": {"s1": 0.002645480578274048, "m1": 0.009447304871809989, "m5": 0.011715152974709363, "h1": 0.04320287271163793, "d1": 0.05}, "garch_variance": 1.3465632883158778e-06, "prev_return": -0.0008114090449078247, "boundary_trend": -1}, "MSFT": {"p": 164.33509245988893, "d1_open": 164.41906387237157, "h1_open": 164.33550431317852, "m5_open": 164.28418478069275, "m1_open": 164.08924011044286, "reversion_strength": {"s1": 0.00502554902391116, "m1": 0.0038098335627198736, "m5": 0.0032918974962767448, "h1": 0.046518504108642444, "d1": 0.05}, "garch_variance": 1.5798281707263543e-06, "prev_return": 0.0014971630965651826, "boundary_trend": 0}, "NVDA": {"p": 97.27002915151779, "d1_open": 97.6331941946038, "h1_open": 98.01165686841159, "m5_open": 97.68532920703956, "m1_open": 97.15416619466929, "reversion_strength": {"s1": 0.0011925680738830492, "m1": 0.020956231791063703, "m5": 0.022867711633453934, "h1": 0.013888096527728985, "d1": 0.05}, "garch_variance": 1.2523039026613358e-06, "prev_return": 0.0011918575294366796, "boundary_trend": -1}}