{"AAPL": {"p": 90.11409197526442, "d1_open": 87.95021220263737, "h1_open": 90.36175952352136, "m5_open": 90.11412600738124, "m1_open": 89.759234003685, "band": {"m1": 0.0039534425122751005, "m5": 0.008931227222826583, "h1": 0.01910504050850407, "d1": 0.061889551982722266}, "garch_variance": 1.199046893547485e-05, "prev_return": 0.0, "boundary_trend": -1, "trend_ou": 0.07193662982550979, "reversion_strength": {"s1": 0.008338960049529932, "m1": 0.001351140996985631, "m5": 0.013839264509730786, "h1": 0.04009322855887123, "d1": 0.05}}, "GOOG": {"p": 177.2610650108313, "d1_open": 175.76656301755804, "h1_open": 175.77288560235982, "m5_open": 178.10995364395154, "m1_open": 177.87037176924514, "band": {"m1": 0.003425566339987891, "m5": 0.00786889691838365, "h1": 0.01583391150989914, "d1": 0.04786750735626635}, "garch_variance": 6.001799379962653e-06, "prev_return": -0.006489055558170371, "boundary_trend": 1, "trend_ou": 0.02130637604067906, "reversion_strength": {"s1": 0.0062823601171641975, "m1": 0.013292119646085305, "m5": 0.03312992683192555, "h1": 0.04623311401955329, "d1": 0.05}}, "AMZN": {"p": 170.1029772925418, "d1_open": 169.8941041712876, "h1_open": 168.9021703391811, "m5_open": 171.3264080928302, "m1_open": 170.71424056427873, "band": {"m1": 0.0035806226224389783, "m5": 0.008180941667492787, "h1": 0.016794760149351776, "d1": 0.05198628790800255}, "garch_variance": 7.736679737120327e-06, "prev_return": -0.007161275849550413, "boundary_trend": 1, "trend_ou": 0.07268195530616355, "reversion_strength": {"s1": 0.002645480578274048, "m1": 0.009447304871809989, "m5": 0.011715152974709363, "h1": 0.04320287271163793, "d1": 0.05}}, "MSFT": {"p": 160.46132512015433, "d1_open": 164.41906387237157, "h1_open": 160.00715142749434, "m5_open": 159.64342077039723, "m1_open": 160.23893493202868, "band": {"m1": 0.0037561068966212056, "m5": 0.008534096956941092, "h1": 0.017882196423638273, "d1": 0.056647699907644025}, "garch_variance": 1.164592757408822e-05, "prev_return": 0.0001978356593971614, "boundary_trend": 0, "trend_ou": 0.017623693680266662, "reversion_strength": {"s1": 0.00502554902391116, "m1": 0.0038098335627198736, "m5": 0.0032918974962767448, "h1": 0.046518504108642444, "d1": 0.05}}, "NVDA": {"p": 101.9822698371538, "d1_open": 97.6331941946038, "h1_open": 100.4340456706556, "m5_open": 102.13745261585665, "m1_open": 101.62903268671546, "band": {"m1": 0.003475750394350778, "m5": 0.007969890379631415, "h1": 0.016144890720767347, "d1": 0.04920055303393718}, "garch_variance": 5.400087332239236e-06, "prev_return": 0.0, "boundary_trend": -1, "trend_ou": 0.034943429015863475, "reversion_strength": {"s1": 0.0011925680738830492, "m1": 0.020956231791063703, "m5": 0.022867711633453934, "h1": 0.013888096527728985, "d1": 0.05}}}