{"AAPL": {"p": 83.10385326498333, "d1_open": 81.94143766685488, "h1_open": 83.16511765564458, "m5_open": 83.42034438618171, "m1_open": 83.26459261661162, "band": {"m1": 0.0019304646378132605, "m5": 0.004872523962729155, "h1": 0.010765878474377079, "d1": 0.0347160553169617}, "garch_variance": 5.06730040171265e-06, "prev_return": -0.0029675517871563728, "boundary_trend": 1, "trend_ou": -0.13076666708288073, "reversion_strength": {"s1": 0.008338960049529932, "m1": 0.001351140996985631, "m5": 0.013839264509730786, "h1": 0.04009322855887123, "d1": 0.05}}, "GOOG": {"p": 153.0445370072654, "d1_open": 151.7016903651911, "h1_open": 152.3937591816353, "m5_open": 152.94399833500157, "m1_open": 153.27961409944035, "band": {"m1": 0.002205516116208065, "m5": 0.005426054385431493, "h1": 0.012470310146653571, "d1": 0.042022284139364784}, "garch_variance": 5.648535677447274e-06, "prev_return": -0.003737913552375052, "boundary_trend": 0, "trend_ou": -0.08321558003821085, "reversion_strength": {"s1": 0.0062823601171641975, "m1": 0.013292119646085305, "m5": 0.03312992683192555, "h1": 0.04623311401955329, "d1": 0.05}}, "AMZN": {"p": 170.60478261887326, "d1_open": 165.13593115049974, "h1_open": 168.6793807914225, "m5_open": 170.73893533357165, "m1_open": 170.7004982885846, "band": {"m1": 0.0020877880337332503, "m5": 0.005189131189684544, "h1": 0.011740775902164146, "d1": 0.03889505750381442}, "garch_variance": 3.1401300962594353e-06, "prev_return": -0.00032247695067694714, "boundary_trend": -1, "trend_ou": 0.03018382284737954, "reversion_strength": {"s1": 0.002645480578274048, "m1": 0.009447304871809989, "m5": 0.011715152974709363, "h1": 0.04320287271163793, "d1": 0.05}}, "MSFT": {"p": 161.5110634740767, "d1_open": 158.81978513575737, "h1_open": 159.9210688610481, "m5_open": 161.55036964922772, "m1_open": 161.2566252072871, "band": {"m1": 0.0017975717064122692, "m5": 0.004605082097221505, "h1": 0.00994237109814552, "d1": 0.03118600279238709}, "garch_variance": 1.846383880971131e-06, "prev_return": 0.0, "boundary_trend": -1, "trend_ou": 0.11922625818553648, "reversion_strength": {"s1": 0.00502554902391116, "m1": 0.0038098335627198736, "m5": 0.0032918974962767448, "h1": 0.046518504108642444, "d1": 0.05}}, "NVDA": {"p": 99.99383106529635, "d1_open": 100.31090827320226, "h1_open": 98.94100541546996, "m5_open": 99.59185296574145, "m1_open": 99.79382896876848, "band": {"m1": 0.002004152948079281, "m5": 0.005020818826540879, "h1": 0.011222508231929816, "d1": 0.03667344765486794}, "garch_variance": 2.9840538787591585e-06, "prev_return": 0.0007350059708397391, "boundary_trend": -1, "trend_ou": -0.07630844209048866, "reversion_strength": {"s1": 0.0011925680738830492, "m1": 0.020956231791063703, "m5": 0.022867711633453934, "h1": 0.013888096527728985, "d1": 0.05}}}