{"AAPL": {"p": 87.73535378973746, "d1_open": 87.95021220263737, "h1_open": 86.8359256319159, "m5_open": 87.79055275830596, "m1_open": 87.79055275830596, "reversion_strength": {"s1": 0.008338960049529932, "m1": 0.001351140996985631, "m5": 0.013839264509730786, "h1": 0.04009322855887123, "d1": 0.05}, "garch_variance": 1.0385046818233614e-06, "prev_return": -0.0006289552519479936, "boundary_trend": 1}, "GOOG": {"p": 180.26338146612525, "d1_open": 175.76656301755804, "h1_open": 175.75153234700423, "m5_open": 180.28825941972696, "m1_open": 180.28825941972696, "reversion_strength": {"s1": 0.0062823601171641975, "m1": 0.013292119646085305, "m5": 0.03312992683192555, "h1": 0.04623311401955329, "d1": 0.05}, "garch_variance": 1.2334705835091151e-06, "prev_return": -0.0001379993921539406, "boundary_trend": 0}, "AMZN": {"p": 167.6635873415366, "d1_open": 169.8941041712876, "h1_open": 166.80472498164232, "m5_open": 167.5409348380979, "m1_open": 167.5409348380979, "reversion_strength": {"s1": 0.002645480578274048, "m1": 0.009447304871809989, "m5": 0.011715152974709363, "h1": 0.04320287271163793, "d1": 0.05}, "garch_variance": 1.372299794138044e-06, "prev_return": 0.000731807006152231, "boundary_trend": 0}, "MSFT": {"p": 164.2809156773085, "d1_open": 164.41906387237157, "h1_open": 164.04525621182805, "m5_open": 164.3252686232916, "m1_open": 164.3252686232916, "reversion_strength": {"s1": 0.00502554902391116, "m1": 0.0038098335627198736, "m5": 0.0032918974962767448, "h1": 0.046518504108642444, "d1": 0.05}, "garch_variance": 1.568540932873723e-06, "prev_return": -0.00026994590102935514, "boundary_trend": 0}, "NVDA": {"p": 96.96870586985173, "d1_open": 97.6331941946038, "h1_open": 96.51017604046937, "m5_open": 96.98102964010351, "m1_open": 96.98102964010351, "reversion_strength": {"s1": 0.0011925680738830492, "m1": 0.020956231791063703, "m5": 0.022867711633453934, "h1": 0.013888096527728985, "d1": 0.05}, "garch_variance": 1.353425825201083e-06, "prev_return": -0.00012708210440162644, "boundary_trend": 0}}