{"AAPL": {"p": 58.03851392669027, "d1_open": 58.881026803928506, "h1_open": 57.95099828715578, "m5_open": 57.95099828715578, "m1_open": 57.919574949562815, "band": {"m1": 0.0020535195092683148, "m5": 0.005120167114511554, "h1": 0.011528421622881271, "d1": 0.037984778153170265}, "garch_variance": 6.5719037201026795e-06, "prev_return": 0.004107044791600196, "boundary_trend": -1, "trend_ou": -0.17798426478529253, "reversion_strength": {"s1": 0.008338960049529932, "m1": 0.001351140996985631, "m5": 0.013839264509730786, "h1": 0.04009322855887123, "d1": 0.05}}, "GOOG": {"p": 116.23491658783965, "d1_open": 119.02146768303125, "h1_open": 116.73471203161151, "m5_open": 116.73471203161151, "m1_open": 116.46035793173462, "band": {"m1": 0.0019357775289263713, "m5": 0.004883215949846527, "h1": 0.010798801256459144, "d1": 0.03485718234673603}, "garch_variance": 3.929141975792702e-06, "prev_return": -0.0011564674992384709, "boundary_trend": 1, "trend_ou": -0.1281033855348144, "reversion_strength": {"s1": 0.0062823601171641975, "m1": 0.013292119646085305, "m5": 0.03312992683192555, "h1": 0.04623311401955329, "d1": 0.05}}, "AMZN": {"p": 154.95746150184303, "d1_open": 158.98498094367304, "h1_open": 155.272478808972, "m5_open": 155.272478808972, "m1_open": 154.6305130616495, "band": {"m1": 0.002114385018325406, "m5": 0.005242656588674662, "h1": 0.011905591387579755, "d1": 0.0396015567255248}, "garch_variance": 8.32400804510388e-06, "prev_return": 0.0, "boundary_trend": -1, "trend_ou": 0.12012459895489458, "reversion_strength": {"s1": 0.002645480578274048, "m1": 0.009447304871809989, "m5": 0.011715152974709363, "h1": 0.04320287271163793, "d1": 0.05}}, "MSFT": {"p": 133.37448861135178, "d1_open": 137.08846618531726, "h1_open": 133.13886604045118, "m5_open": 133.13886604045118, "m1_open": 133.13612796034812, "band": {"m1": 0.0017903528865933051, "m5": 0.0045905545025722305, "h1": 0.009897637707844527, "d1": 0.03099424832615824}, "garch_variance": 2.8475402110310265e-06, "prev_return": 0.0006761346468198773, "boundary_trend": -1, "trend_ou": -0.019159004449688648, "reversion_strength": {"s1": 0.00502554902391116, "m1": 0.0038098335627198736, "m5": 0.0032918974962767448, "h1": 0.046518504108642444, "d1": 0.05}}, "NVDA": {"p": 77.37628769673104, "d1_open": 77.58920212535816, "h1_open": 77.04681052606045, "m5_open": 77.04681052606045, "m1_open": 77.2276164720638, "band": {"m1": 0.0019251044051192912, "m5": 0.004861736702518116, "h1": 0.010732662327248215, "d1": 0.034573670746509584}, "garch_variance": 4.525038942975899e-06, "prev_return": 0.0015575453414849456, "boundary_trend": -1, "trend_ou": 0.24478291691621273, "reversion_strength": {"s1": 0.0011925680738830492, "m1": 0.020956231791063703, "m5": 0.022867711633453934, "h1": 0.013888096527728985, "d1": 0.05}}}