{"AAPL": {"p": 89.11691018788443, "d1_open": 87.95021220263737, "h1_open": 88.46025421232386, "m5_open": 89.1990608931945, "m1_open": 89.15602880456156, "reversion_strength": {"s1": 0.008338960049529932, "m1": 0.001351140996985631, "m5": 0.013839264509730786, "h1": 0.04009322855887123, "d1": 0.05}, "garch_variance": 1.1766643568284132e-06, "prev_return": -0.0004388620900745712, "boundary_trend": 0}, "GOOG": {"p": 179.17096090168124, "d1_open": 175.76656301755804, "h1_open": 171.25338368742615, "m5_open": 175.95488826925583, "m1_open": 179.17096090168124, "reversion_strength": {"s1": 0.0062823601171641975, "m1": 0.013292119646085305, "m5": 0.03312992683192555, "h1": 0.04623311401955329, "d1": 0.05}, "garch_variance": 1.002130996173878e-06, "prev_return": 0.0, "boundary_trend": -1}, "AMZN": {"p": 162.43299410070475, "d1_open": 169.8941041712876, "h1_open": 168.5021874081404, "m5_open": 164.00823410459716, "m1_open": 162.25802836827245, "reversion_strength": {"s1": 0.002645480578274048, "m1": 0.009447304871809989, "m5": 0.011715152974709363, "h1": 0.04320287271163793, "d1": 0.05}, "garch_variance": 1.3397241061544364e-06, "prev_return": 0.001077736908383282, "boundary_trend": 0}, "MSFT": {"p": 165.38227891118876, "d1_open": 164.41906387237157, "h1_open": 164.11163536945244, "m5_open": 164.8782666664081, "m1_open": 165.21035003808572, "reversion_strength": {"s1": 0.00502554902391116, "m1": 0.0038098335627198736, "m5": 0.0032918974962767448, "h1": 0.046518504108642444, "d1": 0.05}, "garch_variance": 1.1699862844051333e-06, "prev_return": 0.0010401253600223028, "boundary_trend": -1}, "NVDA": {"p": 96.29806918476193, "d1_open": 97.6331941946038, "h1_open": 97.10451824378742, "m5_open": 96.05624288450326, "m1_open": 96.18757763850593, "reversion_strength": {"s1": 0.0011925680738830492, "m1": 0.020956231791063703, "m5": 0.022867711633453934, "h1": 0.013888096527728985, "d1": 0.05}, "garch_variance": 1.3451900076863607e-06, "prev_return": 0.0011480498438750243, "boundary_trend": 0}}