{"AAPL": {"p": 58.3028750557752, "d1_open": 58.881026803928506, "h1_open": 58.1428595806997, "m5_open": 58.14419521222946, "m1_open": 58.29100294546649, "band": {"m1": 0.002138291841737394, "m5": 0.005290768142722421, "h1": 0.012053736553876315, "d1": 0.04023659683977589}, "garch_variance": 3.905425393358837e-06, "prev_return": -0.001600879758035491, "boundary_trend": -1, "trend_ou": -0.17556885576803133, "reversion_strength": {"s1": 0.008338960049529932, "m1": 0.001351140996985631, "m5": 0.013839264509730786, "h1": 0.04009322855887123, "d1": 0.05}}, "GOOG": {"p": 117.7242251124384, "d1_open": 119.02146768303125, "h1_open": 117.50203204488679, "m5_open": 118.2538593325105, "m1_open": 117.98920394338295, "band": {"m1": 0.0022457887848086806, "m5": 0.0055071015675951605, "h1": 0.012719870746329593, "d1": 0.04309205236530595}, "garch_variance": 5.9360045539827356e-06, "prev_return": 0.0, "boundary_trend": 1, "trend_ou": -0.12848811797526527, "reversion_strength": {"s1": 0.0062823601171641975, "m1": 0.013292119646085305, "m5": 0.03312992683192555, "h1": 0.04623311401955329, "d1": 0.05}}, "AMZN": {"p": 156.12105731119632, "d1_open": 158.98498094367304, "h1_open": 156.14714668241675, "m5_open": 156.82249662204018, "m1_open": 156.282852588253, "band": {"m1": 0.0017318517626515263, "m5": 0.004472823261667668, "h1": 0.009535119501827049, "d1": 0.029440275228537285}, "garch_variance": 1.8402284551008445e-06, "prev_return": -0.002766162201315311, "boundary_trend": 1, "trend_ou": 0.09602388894667095, "reversion_strength": {"s1": 0.002645480578274048, "m1": 0.009447304871809989, "m5": 0.011715152974709363, "h1": 0.04320287271163793, "d1": 0.05}}, "MSFT": {"p": 133.0130230185035, "d1_open": 137.08846618531726, "h1_open": 134.15426905759884, "m5_open": 133.05274900565777, "m1_open": 132.73185294650463, "band": {"m1": 0.0021183315515998437, "m5": 0.005250598833684058, "h1": 0.011930047159815193, "d1": 0.03970638901119926}, "garch_variance": 4.141844263694194e-06, "prev_return": 0.0, "boundary_trend": -1, "trend_ou": -0.004364762327907143, "reversion_strength": {"s1": 0.00502554902391116, "m1": 0.0038098335627198736, "m5": 0.0032918974962767448, "h1": 0.046518504108642444, "d1": 0.05}}, "NVDA": {"p": 77.22115014356254, "d1_open": 77.58920212535816, "h1_open": 76.70225877457747, "m5_open": 77.35420689851543, "m1_open": 77.29577416612418, "band": {"m1": 0.0017343841306572511, "m5": 0.004477919553972031, "h1": 0.009550812012407272, "d1": 0.029507542855020646}, "garch_variance": 1.6766582677156928e-06, "prev_return": -0.0026987828557853513, "boundary_trend": 0, "trend_ou": 0.2373815104428557, "reversion_strength": {"s1": 0.0011925680738830492, "m1": 0.020956231791063703, "m5": 0.022867711633453934, "h1": 0.013888096527728985, "d1": 0.05}}}