{"AAPL": {"p": 83.42034438618171, "d1_open": 81.94143766685488, "h1_open": 83.16511765564458, "m5_open": 83.50409740403565, "m1_open": 83.57319231310296, "band": {"m1": 0.0018289109544674684, "m5": 0.004668151117335144, "h1": 0.01013657331542624, "d1": 0.032018471386083124}, "garch_variance": 2.315524020379431e-06, "prev_return": -0.003657825987311391, "boundary_trend": 1, "trend_ou": -0.141093261537032, "reversion_strength": {"s1": 0.008338960049529932, "m1": 0.001351140996985631, "m5": 0.013839264509730786, "h1": 0.04009322855887123, "d1": 0.05}}, "GOOG": {"p": 152.94399833500157, "d1_open": 151.7016903651911, "h1_open": 152.3937591816353, "m5_open": 152.12070985565288, "m1_open": 152.72773958780576, "band": {"m1": 0.002198569013057449, "m5": 0.005412073610029161, "h1": 0.012427260522962818, "d1": 0.04183774731895772}, "garch_variance": 5.558973844858194e-06, "prev_return": 0.0, "boundary_trend": -1, "trend_ou": -0.08428380756984935, "reversion_strength": {"s1": 0.0062823601171641975, "m1": 0.013292119646085305, "m5": 0.03312992683192555, "h1": 0.04623311401955329, "d1": 0.05}}, "AMZN": {"p": 170.73893533357165, "d1_open": 165.13593115049974, "h1_open": 168.6793807914225, "m5_open": 169.9678702520369, "m1_open": 170.72850911861008, "band": {"m1": 0.0021634889459570573, "m5": 0.005341476336806604, "h1": 0.012209877297900969, "d1": 0.04090591085388401}, "garch_variance": 3.8121514672771635e-06, "prev_return": 0.0, "boundary_trend": -1, "trend_ou": 0.026038898126146827, "reversion_strength": {"s1": 0.002645480578274048, "m1": 0.009447304871809989, "m5": 0.011715152974709363, "h1": 0.04320287271163793, "d1": 0.05}}, "MSFT": {"p": 161.55036964922772, "d1_open": 158.81978513575737, "h1_open": 159.9210688610481, "m5_open": 161.3247589834966, "m1_open": 161.5663225736723, "band": {"m1": 0.0018372350652510806, "m5": 0.0046849030671431, "h1": 0.010188155943325306, "d1": 0.0322395858424861}, "garch_variance": 2.1415081107581755e-06, "prev_return": 0.0, "boundary_trend": -1, "trend_ou": 0.12257553945393286, "reversion_strength": {"s1": 0.00502554902391116, "m1": 0.0038098335627198736, "m5": 0.0032918974962767448, "h1": 0.046518504108642444, "d1": 0.05}}, "NVDA": {"p": 99.59185296574145, "d1_open": 100.31090827320226, "h1_open": 98.94100541546996, "m5_open": 99.80477227516637, "m1_open": 99.38845355333075, "band": {"m1": 0.002046509480113337, "m5": 0.0051060597029682474, "h1": 0.011484982061003419, "d1": 0.03779856982098137}, "garch_variance": 3.0037004877174173e-06, "prev_return": 0.0029835033208854772, "boundary_trend": -1, "trend_ou": -0.08288871326698519, "reversion_strength": {"s1": 0.0011925680738830492, "m1": 0.020956231791063703, "m5": 0.022867711633453934, "h1": 0.013888096527728985, "d1": 0.05}}}