{"AAPL": {"p": 57.286925533304284, "d1_open": 58.881026803928506, "h1_open": 57.95099828715578, "m5_open": 57.36607864064074, "m1_open": 57.297247025052236, "band": {"m1": 0.002042350795553518, "m5": 0.005097690511732787, "h1": 0.011459211635335725, "d1": 0.03768810213263608}, "garch_variance": 5.141787400781406e-06, "prev_return": 0.0, "boundary_trend": 1, "trend_ou": -0.18247989877902926, "reversion_strength": {"s1": 0.008338960049529932, "m1": 0.001351140996985631, "m5": 0.013839264509730786, "h1": 0.04009322855887123, "d1": 0.05}}, "GOOG": {"p": 115.59891022344621, "d1_open": 119.02146768303125, "h1_open": 116.73471203161151, "m5_open": 115.8144705098114, "m1_open": 115.71290518061964, "band": {"m1": 0.0017632632260386933, "m5": 0.004536037612333476, "h1": 0.009729769221152653, "d1": 0.030274662087653753}, "garch_variance": 3.307202363911444e-06, "prev_return": 0.0, "boundary_trend": 1, "trend_ou": -0.10141059291226671, "reversion_strength": {"s1": 0.0062823601171641975, "m1": 0.013292119646085305, "m5": 0.03312992683192555, "h1": 0.04623311401955329, "d1": 0.05}}, "AMZN": {"p": 155.5514618029783, "d1_open": 158.98498094367304, "h1_open": 155.272478808972, "m5_open": 155.57368374848565, "m1_open": 155.57680515835256, "band": {"m1": 0.0018245304065914773, "m5": 0.004659335434788676, "h1": 0.010109428053072675, "d1": 0.03190211031310774}, "garch_variance": 5.0406104482383935e-06, "prev_return": 0.0016632843025311695, "boundary_trend": 1, "trend_ou": 0.09454680258365723, "reversion_strength": {"s1": 0.002645480578274048, "m1": 0.009447304871809989, "m5": 0.011715152974709363, "h1": 0.04320287271163793, "d1": 0.05}}, "MSFT": {"p": 133.49031762748615, "d1_open": 137.08846618531726, "h1_open": 133.13886604045118, "m5_open": 133.26757568385742, "m1_open": 133.26617634733384, "band": {"m1": 0.001870886753758164, "m5": 0.0047526257838966385, "h1": 0.010396687829980813, "d1": 0.03313348009794642}, "garch_variance": 5.230743290145286e-06, "prev_return": 0.0035531329666261143, "boundary_trend": 0, "trend_ou": -0.017362825576950486, "reversion_strength": {"s1": 0.00502554902391116, "m1": 0.0038098335627198736, "m5": 0.0032918974962767448, "h1": 0.046518504108642444, "d1": 0.05}}, "NVDA": {"p": 77.61975486062128, "d1_open": 77.58920212535816, "h1_open": 77.04681052606045, "m5_open": 77.6806405787841, "m1_open": 77.748742213781, "band": {"m1": 0.001659028165433753, "m5": 0.004326268599297163, "h1": 0.009083848175050481, "d1": 0.027505852377772425}, "garch_variance": 2.4497807702754718e-06, "prev_return": -0.0016340365039414515, "boundary_trend": 1, "trend_ou": 0.2534306146230324, "reversion_strength": {"s1": 0.0011925680738830492, "m1": 0.020956231791063703, "m5": 0.022867711633453934, "h1": 0.013888096527728985, "d1": 0.05}}}