{"AAPL": {"p": 88.5445099823813, "d1_open": 87.95021220263737, "h1_open": 88.46025421232386, "m5_open": 88.46025421232386, "m1_open": 88.59394188531063, "reversion_strength": {"s1": 0.008338960049529932, "m1": 0.001351140996985631, "m5": 0.013839264509730786, "h1": 0.04009322855887123, "d1": 0.05}, "garch_variance": 1.1116036143129324e-06, "prev_return": -0.0005581160238364128, "boundary_trend": 0}, "GOOG": {"p": 172.05221828488757, "d1_open": 175.76656301755804, "h1_open": 171.25338368742615, "m5_open": 171.25338368742615, "m1_open": 172.21400081215384, "reversion_strength": {"s1": 0.0062823601171641975, "m1": 0.013292119646085305, "m5": 0.03312992683192555, "h1": 0.04623311401955329, "d1": 0.05}, "garch_variance": 1.0991764897112099e-06, "prev_return": -0.0009398688003711973, "boundary_trend": 0}, "AMZN": {"p": 166.82549231410636, "d1_open": 169.8941041712876, "h1_open": 168.5021874081404, "m5_open": 168.5021874081404, "m1_open": 166.8101608059157, "reversion_strength": {"s1": 0.002645480578274048, "m1": 0.009447304871809989, "m5": 0.011715152974709363, "h1": 0.04320287271163793, "d1": 0.05}, "garch_variance": 1.5960807156484872e-06, "prev_return": 9.19056944788923e-05, "boundary_trend": 0}, "MSFT": {"p": 164.34815701655785, "d1_open": 164.41906387237157, "h1_open": 164.11163536945244, "m5_open": 164.11163536945244, "m1_open": 164.5934266608508, "reversion_strength": {"s1": 0.00502554902391116, "m1": 0.0038098335627198736, "m5": 0.0032918974962767448, "h1": 0.046518504108642444, "d1": 0.05}, "garch_variance": 1.983841459130386e-06, "prev_return": -0.0014912659384989967, "boundary_trend": 0}, "NVDA": {"p": 95.92418734767314, "d1_open": 97.6331941946038, "h1_open": 97.10451824378742, "m5_open": 97.10451824378742, "m1_open": 95.99693192304801, "reversion_strength": {"s1": 0.0011925680738830492, "m1": 0.020956231791063703, "m5": 0.022867711633453934, "h1": 0.013888096527728985, "d1": 0.05}, "garch_variance": 1.0338201481466733e-06, "prev_return": -0.000758067472042073, "boundary_trend": 0}}