{"AAPL": {"p": 90.02763551291177, "d1_open": 87.95021220263737, "h1_open": 90.36175952352136, "m5_open": 90.19671077674973, "m1_open": 90.19671077674973, "band": {"m1": 0.0037565621631659384, "m5": 0.008535013163188805, "h1": 0.017885017607231612, "d1": 0.05665979321312421}, "garch_variance": 9.49570217729713e-06, "prev_return": 0.0018873597005044085, "boundary_trend": 1, "trend_ou": 0.06835558726318061, "reversion_strength": {"s1": 0.008338960049529932, "m1": 0.001351140996985631, "m5": 0.013839264509730786, "h1": 0.04009322855887123, "d1": 0.05}}, "GOOG": {"p": 179.00698034505618, "d1_open": 175.76656301755804, "h1_open": 175.77288560235982, "m5_open": 178.31646596525604, "m1_open": 178.31646596525604, "band": {"m1": 0.003872409516766943, "m5": 0.008768151465087574, "h1": 0.018602897401149836, "d1": 0.0597370617986937}, "garch_variance": 7.0798862459990344e-06, "prev_return": 0.0, "boundary_trend": -1, "trend_ou": 0.01811251383121868, "reversion_strength": {"s1": 0.0062823601171641975, "m1": 0.013292119646085305, "m5": 0.03312992683192555, "h1": 0.04623311401955329, "d1": 0.05}}, "AMZN": {"p": 171.4194650189813, "d1_open": 169.8941041712876, "h1_open": 168.9021703391811, "m5_open": 171.3185104820652, "m1_open": 171.3185104820652, "band": {"m1": 0.003275480285408771, "m5": 0.0075668545599213615, "h1": 0.014903862246086488, "d1": 0.043880751625280115}, "garch_variance": 7.287713202529652e-06, "prev_return": 0.003869962652658539, "boundary_trend": -1, "trend_ou": 0.07043921377541863, "reversion_strength": {"s1": 0.002645480578274048, "m1": 0.009447304871809989, "m5": 0.011715152974709363, "h1": 0.04320287271163793, "d1": 0.05}}, "MSFT": {"p": 160.3115783386505, "d1_open": 164.41906387237157, "h1_open": 160.00715142749434, "m5_open": 160.8534633646115, "m1_open": 160.8534633646115, "band": {"m1": 0.003786766825946878, "m5": 0.008595798874482878, "h1": 0.018072189056717033, "d1": 0.05746212366802291}, "garch_variance": 9.946674270918345e-06, "prev_return": 0.00041945587798908416, "boundary_trend": 1, "trend_ou": 0.013844810593458835, "reversion_strength": {"s1": 0.00502554902391116, "m1": 0.0038098335627198736, "m5": 0.0032918974962767448, "h1": 0.046518504108642444, "d1": 0.05}}, "NVDA": {"p": 101.63319311451419, "d1_open": 97.6331941946038, "h1_open": 100.4340456706556, "m5_open": 101.70654718253269, "m1_open": 101.70654718253269, "band": {"m1": 0.0036496513273308207, "m5": 0.008319859256376025, "h1": 0.01722251538848197, "d1": 0.0538199065316771}, "garch_variance": 7.781584364213405e-06, "prev_return": -0.004364500230539039, "boundary_trend": 0, "trend_ou": 0.042921742682180256, "reversion_strength": {"s1": 0.0011925680738830492, "m1": 0.020956231791063703, "m5": 0.022867711633453934, "h1": 0.013888096527728985, "d1": 0.05}}}