{"AAPL": {"p": 89.33506074310573, "d1_open": 87.95021220263737, "h1_open": 89.17288531883615, "m5_open": 89.37153718416185, "m1_open": 89.37153718416185, "reversion_strength": {"s1": 0.008338960049529932, "m1": 0.001351140996985631, "m5": 0.013839264509730786, "h1": 0.04009322855887123, "d1": 0.05}, "garch_variance": 1.7049198250932551e-06, "prev_return": -0.00040822713862570645, "boundary_trend": 0}, "GOOG": {"p": 174.8033282316297, "d1_open": 175.76656301755804, "h1_open": 176.0396410021823, "m5_open": 174.5244804279311, "m1_open": 174.5244804279311, "reversion_strength": {"s1": 0.0062823601171641975, "m1": 0.013292119646085305, "m5": 0.03312992683192555, "h1": 0.04623311401955329, "d1": 0.05}, "garch_variance": 1.465944737200083e-06, "prev_return": 0.0015964824787059258, "boundary_trend": 0}, "AMZN": {"p": 163.2725203234437, "d1_open": 169.8941041712876, "h1_open": 162.3870609310141, "m5_open": 163.00281570739568, "m1_open": 163.00281570739568, "reversion_strength": {"s1": 0.002645480578274048, "m1": 0.009447304871809989, "m5": 0.011715152974709363, "h1": 0.04320287271163793, "d1": 0.05}, "garch_variance": 1.355173755568905e-06, "prev_return": 0.0016532336201583865, "boundary_trend": 0}, "MSFT": {"p": 163.76355336112772, "d1_open": 164.41906387237157, "h1_open": 164.33550431317852, "m5_open": 163.74337808413532, "m1_open": 163.74337808413532, "reversion_strength": {"s1": 0.00502554902391116, "m1": 0.0038098335627198736, "m5": 0.0032918974962767448, "h1": 0.046518504108642444, "d1": 0.05}, "garch_variance": 1.6067640133958924e-06, "prev_return": 0.00012320519097962327, "boundary_trend": 0}, "NVDA": {"p": 97.025161903383, "d1_open": 97.6331941946038, "h1_open": 98.01165686841159, "m5_open": 97.04041909606616, "m1_open": 97.04041909606616, "reversion_strength": {"s1": 0.0011925680738830492, "m1": 0.020956231791063703, "m5": 0.022867711633453934, "h1": 0.013888096527728985, "d1": 0.05}, "garch_variance": 1.3293223183981614e-06, "prev_return": -0.0001572374929755352, "boundary_trend": 1}}