{"AAPL": {"p": 90.25140859938645, "d1_open": 87.95021220263737, "h1_open": 89.92327454616381, "m5_open": 90.22249258852682, "m1_open": 90.12963076022315, "reversion_strength": {"s1": 0.008338960049529932, "m1": 0.001351140996985631, "m5": 0.013839264509730786, "h1": 0.04009322855887123, "d1": 0.05}, "garch_variance": 1.4314814832542713e-06, "prev_return": 0.0013502290273625923, "boundary_trend": -1}, "GOOG": {"p": 182.80111528275287, "d1_open": 175.76656301755804, "h1_open": 183.39762262224193, "m5_open": 177.59965071089536, "m1_open": 182.92434314029916, "reversion_strength": {"s1": 0.0062823601171641975, "m1": 0.013292119646085305, "m5": 0.03312992683192555, "h1": 0.04623311401955329, "d1": 0.05}, "garch_variance": 3.1533741903457346e-06, "prev_return": -0.0006738817841171893, "boundary_trend": 0}, "AMZN": {"p": 169.97962705478554, "d1_open": 169.8941041712876, "h1_open": 168.9436681978484, "m5_open": 170.15182078383458, "m1_open": 169.83358665369298, "reversion_strength": {"s1": 0.002645480578274048, "m1": 0.009447304871809989, "m5": 0.011715152974709363, "h1": 0.04320287271163793, "d1": 0.05}, "garch_variance": 2.6241851813458636e-06, "prev_return": 0.0008595334389147436, "boundary_trend": 0}, "MSFT": {"p": 161.0618196095878, "d1_open": 164.41906387237157, "h1_open": 162.58297699275926, "m5_open": 161.5460546719591, "m1_open": 161.1550098677524, "reversion_strength": {"s1": 0.00502554902391116, "m1": 0.0038098335627198736, "m5": 0.0032918974962767448, "h1": 0.046518504108642444, "d1": 0.05}, "garch_variance": 3.3045479776880637e-06, "prev_return": -0.0005784319888820917, "boundary_trend": 0}, "NVDA": {"p": 98.84088723797827, "d1_open": 97.6331941946038, "h1_open": 98.32781845318762, "m5_open": 97.1508287234367, "m1_open": 98.95890246568534, "reversion_strength": {"s1": 0.0011925680738830492, "m1": 0.020956231791063703, "m5": 0.022867711633453934, "h1": 0.013888096527728985, "d1": 0.05}, "garch_variance": 1.3109085635350447e-06, "prev_return": -0.0011932797490587675, "boundary_trend": 1}}