{"AAPL": {"p": 58.23802413864398, "d1_open": 58.881026803928506, "h1_open": 58.18002329517424, "m5_open": 58.51855199985677, "m1_open": 58.24097626219842, "band": {"m1": 0.001891360198634607, "m5": 0.004793827796926227, "h1": 0.010523557127654348, "d1": 0.033677318923765916}, "garch_variance": 4.376461045762765e-06, "prev_return": -0.0019402631986954544, "boundary_trend": 1, "trend_ou": -0.17752474307675406, "reversion_strength": {"s1": 0.008338960049529932, "m1": 0.001351140996985631, "m5": 0.013839264509730786, "h1": 0.04009322855887123, "d1": 0.05}}, "GOOG": {"p": 117.52394196185423, "d1_open": 119.02146768303125, "h1_open": 117.8132584785911, "m5_open": 117.82879068469468, "m1_open": 117.5899862230014, "band": {"m1": 0.0018699883665273319, "m5": 0.004750817814470205, "h1": 0.010391120727927281, "d1": 0.03310961611903639}, "garch_variance": 2.6465692854633703e-06, "prev_return": -0.002430048583762864, "boundary_trend": 0, "trend_ou": -0.14694778132884515, "reversion_strength": {"s1": 0.0062823601171641975, "m1": 0.013292119646085305, "m5": 0.03312992683192555, "h1": 0.04623311401955329, "d1": 0.05}}, "AMZN": {"p": 156.10490295664312, "d1_open": 158.98498094367304, "h1_open": 156.39399479459698, "m5_open": 156.01598994934983, "m1_open": 155.82764561407546, "band": {"m1": 0.0017792564437143406, "m5": 0.004568223342045004, "h1": 0.009828875566288734, "d1": 0.030699492045400983}, "garch_variance": 3.226111880038464e-06, "prev_return": 0.0, "boundary_trend": -1, "trend_ou": 0.09861265491688348, "reversion_strength": {"s1": 0.002645480578274048, "m1": 0.009447304871809989, "m5": 0.011715152974709363, "h1": 0.04320287271163793, "d1": 0.05}}, "MSFT": {"p": 132.91459635465824, "d1_open": 137.08846618531726, "h1_open": 133.29083440032448, "m5_open": 133.5689667792177, "m1_open": 133.055502678789, "band": {"m1": 0.001943680419269309, "m5": 0.0048991202098695105, "h1": 0.010847773676755308, "d1": 0.035067107868826795}, "garch_variance": 3.985519150537576e-06, "prev_return": -0.0030013591671647806, "boundary_trend": 1, "trend_ou": 0.005486422773925948, "reversion_strength": {"s1": 0.00502554902391116, "m1": 0.0038098335627198736, "m5": 0.0032918974962767448, "h1": 0.046518504108642444, "d1": 0.05}}, "NVDA": {"p": 77.50697838647532, "d1_open": 77.58920212535816, "h1_open": 77.08644892077346, "m5_open": 77.29050824109868, "m1_open": 77.65063781475526, "band": {"m1": 0.001850074028015682, "m5": 0.004710740981295113, "h1": 0.01026771608567711, "d1": 0.03258062890958005}, "garch_variance": 4.0341820958066644e-06, "prev_return": 0.0, "boundary_trend": 1, "trend_ou": 0.25491708151105397, "reversion_strength": {"s1": 0.0011925680738830492, "m1": 0.020956231791063703, "m5": 0.022867711633453934, "h1": 0.013888096527728985, "d1": 0.05}}}