{"AAPL": {"p": 58.590864797087555, "d1_open": 58.881026803928506, "h1_open": 58.18002329517424, "m5_open": 58.78480421930434, "m1_open": 58.676025138281574, "band": {"m1": 0.0018276826041634742, "m5": 0.00466567911003322, "h1": 0.010128961506993155, "d1": 0.03198584255439159}, "garch_variance": 2.3293712714171e-06, "prev_return": 0.00037693539922856656, "boundary_trend": 1, "trend_ou": -0.1770942027900639, "reversion_strength": {"s1": 0.008338960049529932, "m1": 0.001351140996985631, "m5": 0.013839264509730786, "h1": 0.04009322855887123, "d1": 0.05}}, "GOOG": {"p": 118.0687006232561, "d1_open": 119.02146768303125, "h1_open": 117.8132584785911, "m5_open": 117.8819951074477, "m1_open": 118.11558078172183, "band": {"m1": 0.002088562106182693, "m5": 0.0051906889804393605, "h1": 0.011745572653692861, "d1": 0.038915619292733884}, "garch_variance": 4.332148273686028e-06, "prev_return": 0.0004815192246797134, "boundary_trend": 0, "trend_ou": -0.1444991433069697, "reversion_strength": {"s1": 0.0062823601171641975, "m1": 0.013292119646085305, "m5": 0.03312992683192555, "h1": 0.04623311401955329, "d1": 0.05}}, "AMZN": {"p": 156.83138118461565, "d1_open": 158.98498094367304, "h1_open": 156.39399479459698, "m5_open": 156.28493624312551, "m1_open": 156.5595391205494, "band": {"m1": 0.0017363494143716764, "m5": 0.004481874611154507, "h1": 0.00956299043016174, "d1": 0.02955974694642322}, "garch_variance": 1.8335400074748783e-06, "prev_return": 0.0021777131639755505, "boundary_trend": -1, "trend_ou": 0.0956442447703621, "reversion_strength": {"s1": 0.002645480578274048, "m1": 0.009447304871809989, "m5": 0.011715152974709363, "h1": 0.04320287271163793, "d1": 0.05}}, "MSFT": {"p": 133.89922278061368, "d1_open": 137.08846618531726, "h1_open": 133.29083440032448, "m5_open": 134.2087558528954, "m1_open": 134.15729301295355, "band": {"m1": 0.0019236392337981104, "m5": 0.004858788102112557, "h1": 0.010723582992646178, "d1": 0.03453475120679635}, "garch_variance": 3.4695258515336022e-06, "prev_return": 0.0, "boundary_trend": 1, "trend_ou": 0.010976446621610557, "reversion_strength": {"s1": 0.00502554902391116, "m1": 0.0038098335627198736, "m5": 0.0032918974962767448, "h1": 0.046518504108642444, "d1": 0.05}}, "NVDA": {"p": 77.4266912677381, "d1_open": 77.58920212535816, "h1_open": 77.08644892077346, "m5_open": 77.42569195581346, "m1_open": 77.56403583546098, "band": {"m1": 0.0017707248758206283, "m5": 0.0045510538928565086, "h1": 0.009776007373697717, "d1": 0.030472866878326413}, "garch_variance": 2.142755880450423e-06, "prev_return": -0.00014792371566935806, "boundary_trend": 1, "trend_ou": 0.24836818759003176, "reversion_strength": {"s1": 0.0011925680738830492, "m1": 0.020956231791063703, "m5": 0.022867711633453934, "h1": 0.013888096527728985, "d1": 0.05}}}