{"AAPL": {"p": 89.6512819198438, "d1_open": 87.95021220263737, "h1_open": 90.36175952352136, "m5_open": 89.48440483604766, "m1_open": 89.34035179387512, "band": {"m1": 0.0034802876832861784, "m5": 0.007979021497475215, "h1": 0.016173007271941323, "d1": 0.0493210776404176}, "garch_variance": 9.03216033171831e-06, "prev_return": 0.002823921954902158, "boundary_trend": -1, "trend_ou": 0.0629023035520133, "reversion_strength": {"s1": 0.008338960049529932, "m1": 0.001351140996985631, "m5": 0.013839264509730786, "h1": 0.04009322855887123, "d1": 0.05}}, "GOOG": {"p": 176.99422199529363, "d1_open": 175.76656301755804, "h1_open": 175.77288560235982, "m5_open": 176.8341347890509, "m1_open": 176.14226894419969, "band": {"m1": 0.004836732581001436, "m5": 0.010708814196596875, "h1": 0.02457858887018007, "d1": 0.08535250297769006}, "garch_variance": 2.0743955621743956e-05, "prev_return": 0.0014952184337219188, "boundary_trend": -1, "trend_ou": -0.004274996315677502, "reversion_strength": {"s1": 0.0062823601171641975, "m1": 0.013292119646085305, "m5": 0.03312992683192555, "h1": 0.04623311401955329, "d1": 0.05}}, "AMZN": {"p": 171.30036218843793, "d1_open": 169.8941041712876, "h1_open": 168.9021703391811, "m5_open": 170.61850811236462, "m1_open": 171.20447254590124, "band": {"m1": 0.0033879320760483085, "m5": 0.007793159423176781, "h1": 0.015600700505923494, "d1": 0.046867823422516955}, "garch_variance": 4.18601163938157e-06, "prev_return": 0.00395361574236293, "boundary_trend": 0, "trend_ou": 0.07602500120895453, "reversion_strength": {"s1": 0.002645480578274048, "m1": 0.009447304871809989, "m5": 0.011715152974709363, "h1": 0.04320287271163793, "d1": 0.05}}, "MSFT": {"p": 160.9767191254146, "d1_open": 164.41906387237157, "h1_open": 160.00715142749434, "m5_open": 162.01285140092668, "m1_open": 161.52303036275333, "band": {"m1": 0.003382249801231429, "m5": 0.007781724065695143, "h1": 0.015565488736748536, "d1": 0.04671688440453317}, "garch_variance": 7.4818946344507944e-06, "prev_return": -0.0004402199937470933, "boundary_trend": 1, "trend_ou": 0.0011734759076343065, "reversion_strength": {"s1": 0.00502554902391116, "m1": 0.0038098335627198736, "m5": 0.0032918974962767448, "h1": 0.046518504108642444, "d1": 0.05}}, "NVDA": {"p": 100.65658188839933, "d1_open": 97.6331941946038, "h1_open": 100.4340456706556, "m5_open": 101.08184029740295, "m1_open": 100.70250461945703, "band": {"m1": 0.0037719662599493536, "m5": 0.008566013309974536, "h1": 0.017980473303720462, "d1": 0.057068974274643615}, "garch_variance": 9.899104312223074e-06, "prev_return": -0.0011933056287815973, "boundary_trend": 0, "trend_ou": 0.03379644898054577, "reversion_strength": {"s1": 0.0011925680738830492, "m1": 0.020956231791063703, "m5": 0.022867711633453934, "h1": 0.013888096527728985, "d1": 0.05}}}