{"AAPL": {"p": 58.00325560559674, "d1_open": 58.881026803928506, "h1_open": 58.18002329517424, "m5_open": 58.12557576963788, "m1_open": 58.12557576963788, "band": {"m1": 0.0021044120840353546, "m5": 0.005222586445567737, "h1": 0.011843791374110648, "d1": 0.03933664435210604}, "garch_variance": 6.84949106862461e-06, "prev_return": -0.004208830381083581, "boundary_trend": 1, "trend_ou": -0.17991959479027378, "reversion_strength": {"s1": 0.008338960049529932, "m1": 0.001351140996985631, "m5": 0.013839264509730786, "h1": 0.04009322855887123, "d1": 0.05}}, "GOOG": {"p": 116.69114922408214, "d1_open": 119.02146768303125, "h1_open": 117.8132584785911, "m5_open": 116.91395482631673, "m1_open": 116.91395482631673, "band": {"m1": 0.0019057229101998425, "m5": 0.0048227321963872066, "h1": 0.010612559595972008, "d1": 0.03405883753191229}, "garch_variance": 5.49435880757214e-06, "prev_return": -0.003811450434520414, "boundary_trend": 1, "trend_ou": -0.1428803341335889, "reversion_strength": {"s1": 0.0062823601171641975, "m1": 0.013292119646085305, "m5": 0.03312992683192555, "h1": 0.04623311401955329, "d1": 0.05}}, "AMZN": {"p": 155.07672804959725, "d1_open": 158.98498094367304, "h1_open": 156.39399479459698, "m5_open": 155.02523920679062, "m1_open": 155.02523920679062, "band": {"m1": 0.0020936385309231766, "m5": 0.0052009050881615055, "h1": 0.01177703010725793, "d1": 0.0390504650349569}, "garch_variance": 7.244790503115106e-06, "prev_return": -0.0017593730672558806, "boundary_trend": -1, "trend_ou": 0.1097383223451352, "reversion_strength": {"s1": 0.002645480578274048, "m1": 0.009447304871809989, "m5": 0.011715152974709363, "h1": 0.04320287271163793, "d1": 0.05}}, "MSFT": {"p": 132.90547671009932, "d1_open": 137.08846618531726, "h1_open": 133.29083440032448, "m5_open": 133.14182717659855, "m1_open": 133.14182717659855, "band": {"m1": 0.0017751781803756494, "m5": 0.004560015995395092, "h1": 0.009803603492701214, "d1": 0.03059116059659588}, "garch_variance": 2.4431692612585017e-06, "prev_return": -0.0035503600901206833, "boundary_trend": 1, "trend_ou": -0.016173860094897092, "reversion_strength": {"s1": 0.00502554902391116, "m1": 0.0038098335627198736, "m5": 0.0032918974962767448, "h1": 0.046518504108642444, "d1": 0.05}}, "NVDA": {"p": 77.2040793196218, "d1_open": 77.58920212535816, "h1_open": 77.08644892077346, "m5_open": 77.05683058553053, "m1_open": 77.05683058553053, "band": {"m1": 0.0019109108559536075, "m5": 0.004833172735819307, "h1": 0.010644708119980585, "d1": 0.03419664562157037}, "garch_variance": 3.114635732632901e-06, "prev_return": 0.0, "boundary_trend": -1, "trend_ou": 0.24244150430090286, "reversion_strength": {"s1": 0.0011925680738830492, "m1": 0.020956231791063703, "m5": 0.022867711633453934, "h1": 0.013888096527728985, "d1": 0.05}}}