{"AAPL": {"p": 89.18299219787022, "d1_open": 87.95021220263737, "h1_open": 90.36175952352136, "m5_open": 89.17259750189662, "m1_open": 89.48641725136716, "band": {"m1": 0.0033907386485774365, "m5": 0.007798807541439803, "h1": 0.01561809219978787, "d1": 0.04694237478004518}, "garch_variance": 5.726266830774001e-06, "prev_return": 0.0, "boundary_trend": 1, "trend_ou": 0.06495289056042722, "reversion_strength": {"s1": 0.008338960049529932, "m1": 0.001351140996985631, "m5": 0.013839264509730786, "h1": 0.04009322855887123, "d1": 0.05}}, "GOOG": {"p": 176.06745861971723, "d1_open": 175.76656301755804, "h1_open": 175.77288560235982, "m5_open": 177.10766678773925, "m1_open": 175.21233754275997, "band": {"m1": 0.004880484382263179, "m5": 0.010796862998180261, "h1": 0.02484970886642536, "d1": 0.08651468786495602}, "garch_variance": 2.7081073522061984e-05, "prev_return": 0.004964946724117899, "boundary_trend": -1, "trend_ou": -0.010177250463917492, "reversion_strength": {"s1": 0.0062823601171641975, "m1": 0.013292119646085305, "m5": 0.03312992683192555, "h1": 0.04623311401955329, "d1": 0.05}}, "AMZN": {"p": 171.21364282673744, "d1_open": 169.8941041712876, "h1_open": 168.9021703391811, "m5_open": 169.84815979716566, "m1_open": 171.1423217172667, "band": {"m1": 0.003510306776783349, "m5": 0.008039433757789552, "h1": 0.01635902879063378, "d1": 0.050118478793872316}, "garch_variance": 5.501694368071454e-06, "prev_return": 0.0019202022370074826, "boundary_trend": -1, "trend_ou": 0.07322476065712231, "reversion_strength": {"s1": 0.002645480578274048, "m1": 0.009447304871809989, "m5": 0.011715152974709363, "h1": 0.04320287271163793, "d1": 0.05}}, "MSFT": {"p": 161.46978148168202, "d1_open": 164.41906387237157, "h1_open": 160.00715142749434, "m5_open": 161.00401406120514, "m1_open": 161.6552541732214, "band": {"m1": 0.003394045422652443, "m5": 0.007805462295895959, "h1": 0.015638583529263343, "d1": 0.047030213057435974}, "garch_variance": 4.909440724726685e-06, "prev_return": -0.00030874944658005086, "boundary_trend": 0, "trend_ou": 0.004766800720134216, "reversion_strength": {"s1": 0.00502554902391116, "m1": 0.0038098335627198736, "m5": 0.0032918974962767448, "h1": 0.046518504108642444, "d1": 0.05}}, "NVDA": {"p": 101.46163288960317, "d1_open": 97.6331941946038, "h1_open": 100.4340456706556, "m5_open": 101.78597305952917, "m1_open": 101.83881279461838, "band": {"m1": 0.003703695032029478, "m5": 0.008428620114091937, "h1": 0.01755741197770637, "d1": 0.05525547661202402}, "garch_variance": 7.320633960709999e-06, "prev_return": -0.005680572036768988, "boundary_trend": 1, "trend_ou": 0.04465662647714591, "reversion_strength": {"s1": 0.0011925680738830492, "m1": 0.020956231791063703, "m5": 0.022867711633453934, "h1": 0.013888096527728985, "d1": 0.05}}}