{"AAPL": {"p": 83.65745112421698, "d1_open": 81.94143766685488, "h1_open": 83.16511765564458, "m5_open": 83.50409740403565, "m1_open": 83.50409740403565, "band": {"m1": 0.0018364813817377933, "m5": 0.004683386308330792, "h1": 0.010183485537412868, "d1": 0.0322195656475761}, "garch_variance": 2.271765147652167e-06, "prev_return": 0.0, "boundary_trend": -1, "trend_ou": -0.1431805042176801, "reversion_strength": {"s1": 0.008338960049529932, "m1": 0.001351140996985631, "m5": 0.013839264509730786, "h1": 0.04009322855887123, "d1": 0.05}}, "GOOG": {"p": 152.45441338234392, "d1_open": 151.7016903651911, "h1_open": 152.3937591816353, "m5_open": 152.12070985565288, "m1_open": 152.12070985565288, "band": {"m1": 0.0021936758447137087, "m5": 0.005402226298691401, "h1": 0.012396938667754022, "d1": 0.041707769440654546}, "garch_variance": 4.2412235996963685e-06, "prev_return": 0.0, "boundary_trend": -1, "trend_ou": -0.0729983832196716, "reversion_strength": {"s1": 0.0062823601171641975, "m1": 0.013292119646085305, "m5": 0.03312992683192555, "h1": 0.04623311401955329, "d1": 0.05}}, "AMZN": {"p": 170.35188655881475, "d1_open": 165.13593115049974, "h1_open": 168.6793807914225, "m5_open": 169.9678702520369, "m1_open": 169.9678702520369, "band": {"m1": 0.002259346464766638, "m5": 0.005534385872198023, "h1": 0.012803884616234204, "d1": 0.04345218681232595}, "garch_variance": 5.262182604670666e-06, "prev_return": 0.0017886436350402484, "boundary_trend": -1, "trend_ou": 0.027342506631545496, "reversion_strength": {"s1": 0.002645480578274048, "m1": 0.009447304871809989, "m5": 0.011715152974709363, "h1": 0.04320287271163793, "d1": 0.05}}, "MSFT": {"p": 161.61142433905982, "d1_open": 158.81978513575737, "h1_open": 159.9210688610481, "m5_open": 161.3247589834966, "m1_open": 161.3247589834966, "band": {"m1": 0.001898844572212768, "m5": 0.0048088898082070215, "h1": 0.01056993609441437, "d1": 0.033876127329645137}, "garch_variance": 2.4953487926264093e-06, "prev_return": 0.0, "boundary_trend": -1, "trend_ou": 0.12492530720375086, "reversion_strength": {"s1": 0.00502554902391116, "m1": 0.0038098335627198736, "m5": 0.0032918974962767448, "h1": 0.046518504108642444, "d1": 0.05}}, "NVDA": {"p": 100.01938572612853, "d1_open": 100.31090827320226, "h1_open": 98.94100541546996, "m5_open": 99.80477227516637, "m1_open": 99.80477227516637, "band": {"m1": 0.0021503325549449177, "m5": 0.005314999610629064, "h1": 0.012128350124643033, "d1": 0.04055643589824052}, "garch_variance": 4.4524494698732e-06, "prev_return": 0.0, "boundary_trend": -1, "trend_ou": -0.08550033612971944, "reversion_strength": {"s1": 0.0011925680738830492, "m1": 0.020956231791063703, "m5": 0.022867711633453934, "h1": 0.013888096527728985, "d1": 0.05}}}