{"AAPL": {"p": 89.49848506319078, "d1_open": 87.95021220263737, "h1_open": 90.36175952352136, "m5_open": 89.50903370982631, "m1_open": 89.79581644740078, "band": {"m1": 0.0033111941733294493, "m5": 0.0076387273729396615, "h1": 0.015125173115118653, "d1": 0.04482942435668637}, "garch_variance": 4.38233345841097e-06, "prev_return": -0.006622412549455225, "boundary_trend": 1, "trend_ou": 0.07130910607256127, "reversion_strength": {"s1": 0.008338960049529932, "m1": 0.001351140996985631, "m5": 0.013839264509730786, "h1": 0.04009322855887123, "d1": 0.05}}, "GOOG": {"p": 176.32670573791552, "d1_open": 175.76656301755804, "h1_open": 175.77288560235982, "m5_open": 174.72422780194574, "m1_open": 175.53643815932574, "band": {"m1": 0.004502014435729207, "m5": 0.010035206923078657, "h1": 0.022504416386479625, "d1": 0.07646134058641221}, "garch_variance": 1.2199421793960827e-05, "prev_return": 0.0019712419219856617, "boundary_trend": -1, "trend_ou": -0.014576466294386881, "reversion_strength": {"s1": 0.0062823601171641975, "m1": 0.013292119646085305, "m5": 0.03312992683192555, "h1": 0.04623311401955329, "d1": 0.05}}, "AMZN": {"p": 169.567682182733, "d1_open": 169.8941041712876, "h1_open": 168.9021703391811, "m5_open": 169.64659204457132, "m1_open": 168.94012100265707, "band": {"m1": 0.003714695931027933, "m5": 0.008450758996268676, "h1": 0.017625582055489294, "d1": 0.05554769494803853}, "garch_variance": 1.13003502538508e-05, "prev_return": 0.0, "boundary_trend": -1, "trend_ou": 0.060709801924597795, "reversion_strength": {"s1": 0.002645480578274048, "m1": 0.009447304871809989, "m5": 0.011715152974709363, "h1": 0.04320287271163793, "d1": 0.05}}, "MSFT": {"p": 160.16957030789618, "d1_open": 164.41906387237157, "h1_open": 160.00715142749434, "m5_open": 159.09628183682773, "m1_open": 159.64567983025543, "band": {"m1": 0.0032815825533004535, "m5": 0.007579135137161806, "h1": 0.014941676617156218, "d1": 0.04404284697489404}, "garch_variance": 3.91206510474738e-06, "prev_return": 0.00656318866585554, "boundary_trend": -1, "trend_ou": 0.0033372772001943126, "reversion_strength": {"s1": 0.00502554902391116, "m1": 0.0038098335627198736, "m5": 0.0032918974962767448, "h1": 0.046518504108642444, "d1": 0.05}}, "NVDA": {"p": 102.07401486220786, "d1_open": 97.6331941946038, "h1_open": 100.4340456706556, "m5_open": 101.38461260914282, "m1_open": 102.28719787738282, "band": {"m1": 0.003877932039128523, "m5": 0.008779265326954555, "h1": 0.01863711922056657, "d1": 0.05988375729106486}, "garch_variance": 7.410023453203771e-06, "prev_return": 0.0007145882240967179, "boundary_trend": 0, "trend_ou": 0.04115445386575754, "reversion_strength": {"s1": 0.0011925680738830492, "m1": 0.020956231791063703, "m5": 0.022867711633453934, "h1": 0.013888096527728985, "d1": 0.05}}}