{"AAPL": {"p": 57.93866474005696, "d1_open": 58.881026803928506, "h1_open": 58.18002329517424, "m5_open": 57.95574319805747, "m1_open": 57.95574319805747, "band": {"m1": 0.0021152258962751093, "m5": 0.0052443488229053465, "h1": 0.01191080211765238, "d1": 0.03962389307778911}, "garch_variance": 5.336640274395782e-06, "prev_return": 0.001822741690949652, "boundary_trend": 1, "trend_ou": -0.18382057896030318, "reversion_strength": {"s1": 0.008338960049529932, "m1": 0.001351140996985631, "m5": 0.013839264509730786, "h1": 0.04009322855887123, "d1": 0.05}}, "GOOG": {"p": 116.71010578721311, "d1_open": 119.02146768303125, "h1_open": 117.8132584785911, "m5_open": 116.47384860653564, "m1_open": 116.47384860653564, "band": {"m1": 0.002028413961623131, "m5": 0.005069643174479263, "h1": 0.011372848234197727, "d1": 0.03731789616846713}, "garch_variance": 5.43345187765436e-06, "prev_return": 0.0, "boundary_trend": -1, "trend_ou": -0.1445957387301615, "reversion_strength": {"s1": 0.0062823601171641975, "m1": 0.013292119646085305, "m5": 0.03312992683192555, "h1": 0.04623311401955329, "d1": 0.05}}, "AMZN": {"p": 155.16665798329578, "d1_open": 158.98498094367304, "h1_open": 156.39399479459698, "m5_open": 154.8346184811663, "m1_open": 154.8346184811663, "band": {"m1": 0.002144478446658579, "m5": 0.005303218444960754, "h1": 0.012092073542403214, "d1": 0.0404009324450661}, "garch_variance": 6.479307083547783e-06, "prev_return": 0.0, "boundary_trend": -1, "trend_ou": 0.11335300270826798, "reversion_strength": {"s1": 0.002645480578274048, "m1": 0.009447304871809989, "m5": 0.011715152974709363, "h1": 0.04320287271163793, "d1": 0.05}}, "MSFT": {"p": 133.14185668725142, "d1_open": 137.08846618531726, "h1_open": 133.29083440032448, "m5_open": 133.38068513768832, "m1_open": 133.38068513768832, "band": {"m1": 0.0017905774752196293, "m5": 0.0045910064784641215, "h1": 0.00989902943265973, "d1": 0.03100021410356257}, "garch_variance": 3.3552814097358303e-06, "prev_return": -0.0035811587777076514, "boundary_trend": 1, "trend_ou": -0.012158261053949525, "reversion_strength": {"s1": 0.00502554902391116, "m1": 0.0038098335627198736, "m5": 0.0032918974962767448, "h1": 0.046518504108642444, "d1": 0.05}}, "NVDA": {"p": 77.06927858737957, "d1_open": 77.58920212535816, "h1_open": 77.08644892077346, "m5_open": 77.21247155472125, "m1_open": 77.21247155472125, "band": {"m1": 0.0018545315861337283, "m5": 0.0047197116439641595, "h1": 0.01029533856304662, "d1": 0.032699035615807094}, "garch_variance": 3.2983951689657792e-06, "prev_return": -0.0037090674244542776, "boundary_trend": 1, "trend_ou": 0.24341536916833126, "reversion_strength": {"s1": 0.0011925680738830492, "m1": 0.020956231791063703, "m5": 0.022867711633453934, "h1": 0.013888096527728985, "d1": 0.05}}}