{"AAPL": {"p": 83.58864617814717, "d1_open": 81.94143766685488, "h1_open": 83.16511765564458, "m5_open": 83.16810922911434, "m1_open": 83.42404430784512, "band": {"m1": 0.0020218675596888583, "m5": 0.005056468794719501, "h1": 0.011332281665127302, "d1": 0.037144003227500784}, "garch_variance": 3.5453493541038236e-06, "prev_return": 0.0, "boundary_trend": -1, "trend_ou": -0.14026839675311664, "reversion_strength": {"s1": 0.008338960049529932, "m1": 0.001351140996985631, "m5": 0.013839264509730786, "h1": 0.04009322855887123, "d1": 0.05}}, "GOOG": {"p": 151.3456365239431, "d1_open": 151.7016903651911, "h1_open": 152.3937591816353, "m5_open": 152.1814608201639, "m1_open": 151.33992678651268, "band": {"m1": 0.0022384274888347837, "m5": 0.005492287245215045, "h1": 0.012674254463588143, "d1": 0.04289651328611756}, "garch_variance": 5.059988089063976e-06, "prev_return": 0.0, "boundary_trend": 1, "trend_ou": -0.07724823502981691, "reversion_strength": {"s1": 0.0062823601171641975, "m1": 0.013292119646085305, "m5": 0.03312992683192555, "h1": 0.04623311401955329, "d1": 0.05}}, "AMZN": {"p": 170.40640269154596, "d1_open": 165.13593115049974, "h1_open": 168.6793807914225, "m5_open": 170.2410548891395, "m1_open": 170.4960284504229, "band": {"m1": 0.001995609246742247, "m5": 0.005003624959268723, "h1": 0.011169564851140536, "d1": 0.03644650018553264}, "garch_variance": 4.298541975051823e-06, "prev_return": -0.0009212157013046672, "boundary_trend": -1, "trend_ou": 0.02297594712556099, "reversion_strength": {"s1": 0.002645480578274048, "m1": 0.009447304871809989, "m5": 0.011715152974709363, "h1": 0.04320287271163793, "d1": 0.05}}, "MSFT": {"p": 160.96181329992777, "d1_open": 158.81978513575737, "h1_open": 159.9210688610481, "m5_open": 160.9242679924454, "m1_open": 161.02515534656672, "band": {"m1": 0.001689252345852284, "m5": 0.0043870935890792115, "h1": 0.009271140570912466, "d1": 0.028308701282261546}, "garch_variance": 1.9989777416228215e-06, "prev_return": -0.002081271952791087, "boundary_trend": 0, "trend_ou": 0.12399116007367442, "reversion_strength": {"s1": 0.00502554902391116, "m1": 0.0038098335627198736, "m5": 0.0032918974962767448, "h1": 0.046518504108642444, "d1": 0.05}}, "NVDA": {"p": 99.63721065145782, "d1_open": 100.31090827320226, "h1_open": 98.94100541546996, "m5_open": 99.82550806709368, "m1_open": 99.51066224031236, "band": {"m1": 0.0018139636788844448, "m5": 0.004638070305481286, "h1": 0.010043948436379482, "d1": 0.03162142492656788}, "garch_variance": 2.0681076333279697e-06, "prev_return": 0.0020022246676685267, "boundary_trend": 0, "trend_ou": -0.06328687415454654, "reversion_strength": {"s1": 0.0011925680738830492, "m1": 0.020956231791063703, "m5": 0.022867711633453934, "h1": 0.013888096527728985, "d1": 0.05}}}