{"AAPL": {"p": 89.81935760762211, "d1_open": 87.95021220263737, "h1_open": 90.06205021135978, "m5_open": 89.77236620943135, "m1_open": 89.7504338523546, "reversion_strength": {"s1": 0.008338960049529932, "m1": 0.001351140996985631, "m5": 0.013839264509730786, "h1": 0.04009322855887123, "d1": 0.05}, "garch_variance": 1.4067761285252234e-06, "prev_return": 0.0007676542707080541, "boundary_trend": 0}, "GOOG": {"p": 177.45936746038606, "d1_open": 175.76656301755804, "h1_open": 182.2768621595806, "m5_open": 176.91621236945232, "m1_open": 177.46553569362672, "reversion_strength": {"s1": 0.0062823601171641975, "m1": 0.013292119646085305, "m5": 0.03312992683192555, "h1": 0.04623311401955329, "d1": 0.05}, "garch_variance": 3.1219017091926287e-06, "prev_return": -3.47579625236732e-05, "boundary_trend": 0}, "AMZN": {"p": 170.02325951541704, "d1_open": 169.8941041712876, "h1_open": 170.28724881804374, "m5_open": 169.1257669447712, "m1_open": 170.15697652923214, "reversion_strength": {"s1": 0.002645480578274048, "m1": 0.009447304871809989, "m5": 0.011715152974709363, "h1": 0.04320287271163793, "d1": 0.05}, "garch_variance": 2.898332840459722e-06, "prev_return": -0.0007861539650668716, "boundary_trend": 0}, "MSFT": {"p": 160.95632604696544, "d1_open": 164.41906387237157, "h1_open": 161.08021439952043, "m5_open": 160.98325646937292, "m1_open": 161.10111770365015, "reversion_strength": {"s1": 0.00502554902391116, "m1": 0.0038098335627198736, "m5": 0.0032918974962767448, "h1": 0.046518504108642444, "d1": 0.05}, "garch_variance": 2.2417018672280456e-06, "prev_return": -0.0008991667123345439, "boundary_trend": 0}, "NVDA": {"p": 99.93197278768194, "d1_open": 97.6331941946038, "h1_open": 98.64308364945421, "m5_open": 99.97600710832901, "m1_open": 99.91832260773141, "reversion_strength": {"s1": 0.0011925680738830492, "m1": 0.020956231791063703, "m5": 0.022867711633453934, "h1": 0.013888096527728985, "d1": 0.05}, "garch_variance": 1.082069893664904e-06, "prev_return": 0.00013660405099483885, "boundary_trend": 0}}