{"AAPL": {"p": 89.67587722794472, "d1_open": 87.95021220263737, "h1_open": 90.36175952352136, "m5_open": 89.86189106115746, "m1_open": 89.94826029835785, "band": {"m1": 0.003860407222362715, "m5": 0.00874399731353114, "h1": 0.018528521902999674, "d1": 0.05941824326398559}, "garch_variance": 9.145421547814855e-06, "prev_return": 0.0008350640531565066, "boundary_trend": 1, "trend_ou": 0.07788474484321661, "reversion_strength": {"s1": 0.008338960049529932, "m1": 0.001351140996985631, "m5": 0.013839264509730786, "h1": 0.04009322855887123, "d1": 0.05}}, "GOOG": {"p": 175.6466031673559, "d1_open": 175.76656301755804, "h1_open": 175.77288560235982, "m5_open": 176.90452187702715, "m1_open": 176.27591369640228, "band": {"m1": 0.0035700312983783225, "m5": 0.008159627038978566, "h1": 0.01672912811462984, "d1": 0.05170494916526617}, "garch_variance": 8.354360720202369e-06, "prev_return": 0.0, "boundary_trend": 1, "trend_ou": 0.02911830078960412, "reversion_strength": {"s1": 0.0062823601171641975, "m1": 0.013292119646085305, "m5": 0.03312992683192555, "h1": 0.04623311401955329, "d1": 0.05}}, "AMZN": {"p": 171.29776071753082, "d1_open": 169.8941041712876, "h1_open": 168.9021703391811, "m5_open": 170.328470236243, "m1_open": 170.96501841274477, "band": {"m1": 0.0037633509572993135, "m5": 0.008548675347839535, "h1": 0.01792708622582264, "d1": 0.05684012485015481}, "garch_variance": 1.0883503119204344e-05, "prev_return": 0.0031449502552785523, "boundary_trend": 0, "trend_ou": 0.07876424333230524, "reversion_strength": {"s1": 0.002645480578274048, "m1": 0.009447304871809989, "m5": 0.011715152974709363, "h1": 0.04320287271163793, "d1": 0.05}}, "MSFT": {"p": 161.06832268375825, "d1_open": 164.41906387237157, "h1_open": 160.00715142749434, "m5_open": 160.2649640660283, "m1_open": 160.8679040786693, "band": {"m1": 0.003735561386546346, "m5": 0.008492749915497278, "h1": 0.017754880554263445, "d1": 0.05610194680442148}, "garch_variance": 8.278706500619942e-06, "prev_return": -0.000981140490142674, "boundary_trend": -1, "trend_ou": 0.026554947523424775, "reversion_strength": {"s1": 0.00502554902391116, "m1": 0.0038098335627198736, "m5": 0.0032918974962767448, "h1": 0.046518504108642444, "d1": 0.05}}, "NVDA": {"p": 101.71262083519659, "d1_open": 97.6331941946038, "h1_open": 100.4340456706556, "m5_open": 102.0276084895113, "m1_open": 101.68018556545294, "band": {"m1": 0.0034018185640901314, "m5": 0.007821105441284011, "h1": 0.01568675192500076, "d1": 0.04723669204218491}, "garch_variance": 6.011705717308279e-06, "prev_return": 0.0027845177221564655, "boundary_trend": 0, "trend_ou": 0.04039776346510452, "reversion_strength": {"s1": 0.0011925680738830492, "m1": 0.020956231791063703, "m5": 0.022867711633453934, "h1": 0.013888096527728985, "d1": 0.05}}}