{"AAPL": {"p": 90.21376957253463, "d1_open": 87.95021220263737, "h1_open": 89.92327454616381, "m5_open": 90.22249258852682, "m1_open": 90.12979529955456, "reversion_strength": {"s1": 0.008338960049529932, "m1": 0.001351140996985631, "m5": 0.013839264509730786, "h1": 0.04009322855887123, "d1": 0.05}, "garch_variance": 2.278713157088345e-06, "prev_return": 0.0009312700357079375, "boundary_trend": 0}, "GOOG": {"p": 182.12120712001249, "d1_open": 175.76656301755804, "h1_open": 183.39762262224193, "m5_open": 177.59965071089536, "m1_open": 181.49033122060945, "reversion_strength": {"s1": 0.0062823601171641975, "m1": 0.013292119646085305, "m5": 0.03312992683192555, "h1": 0.04623311401955329, "d1": 0.05}, "garch_variance": 3.1855373750382304e-06, "prev_return": 0.0034700578278083487, "boundary_trend": -1}, "AMZN": {"p": 168.97647596233196, "d1_open": 169.8941041712876, "h1_open": 168.9436681978484, "m5_open": 170.15182078383458, "m1_open": 169.0220507737444, "reversion_strength": {"s1": 0.002645480578274048, "m1": 0.009447304871809989, "m5": 0.011715152974709363, "h1": 0.04320287271163793, "d1": 0.05}, "garch_variance": 2.6987768726421936e-06, "prev_return": -0.00026967461739402275, "boundary_trend": 0}, "MSFT": {"p": 161.63334461109397, "d1_open": 164.41906387237157, "h1_open": 162.58297699275926, "m5_open": 161.5460546719591, "m1_open": 161.6276991570439, "reversion_strength": {"s1": 0.00502554902391116, "m1": 0.0038098335627198736, "m5": 0.0032918974962767448, "h1": 0.046518504108642444, "d1": 0.05}, "garch_variance": 3.6673699275069413e-06, "prev_return": 3.492814342755503e-05, "boundary_trend": -1}, "NVDA": {"p": 99.03188912707729, "d1_open": 97.6331941946038, "h1_open": 98.32781845318762, "m5_open": 97.1508287234367, "m1_open": 99.02714574940052, "reversion_strength": {"s1": 0.0011925680738830492, "m1": 0.020956231791063703, "m5": 0.022867711633453934, "h1": 0.013888096527728985, "d1": 0.05}, "garch_variance": 1.2764974724317574e-06, "prev_return": 4.789862457559493e-05, "boundary_trend": 0}}