{"AAPL": {"p": 88.38462843985683, "d1_open": 87.95021220263737, "h1_open": 88.46025421232386, "m5_open": 88.46025421232386, "m1_open": 88.46025421232386, "reversion_strength": {"s1": 0.008338960049529932, "m1": 0.001351140996985631, "m5": 0.013839264509730786, "h1": 0.04009322855887123, "d1": 0.05}, "garch_variance": 1.11853041193064e-06, "prev_return": -0.0008552780939191412, "boundary_trend": 0}, "GOOG": {"p": 171.33353217450644, "d1_open": 175.76656301755804, "h1_open": 171.25338368742615, "m5_open": 171.25338368742615, "m1_open": 171.25338368742615, "reversion_strength": {"s1": 0.0062823601171641975, "m1": 0.013292119646085305, "m5": 0.03312992683192555, "h1": 0.04623311401955329, "d1": 0.05}, "garch_variance": 1.3652346949887148e-06, "prev_return": 0.00046790163215022784, "boundary_trend": 0}, "AMZN": {"p": 168.5330929033078, "d1_open": 169.8941041712876, "h1_open": 168.5021874081404, "m5_open": 168.5021874081404, "m1_open": 168.5021874081404, "reversion_strength": {"s1": 0.002645480578274048, "m1": 0.009447304871809989, "m5": 0.011715152974709363, "h1": 0.04320287271163793, "d1": 0.05}, "garch_variance": 1.546390806494757e-06, "prev_return": 0.00018339620247146123, "boundary_trend": 0}, "MSFT": {"p": 163.9144464948261, "d1_open": 164.41906387237157, "h1_open": 164.11163536945244, "m5_open": 164.11163536945244, "m1_open": 164.11163536945244, "reversion_strength": {"s1": 0.00502554902391116, "m1": 0.0038098335627198736, "m5": 0.0032918974962767448, "h1": 0.046518504108642444, "d1": 0.05}, "garch_variance": 1.102166245517669e-06, "prev_return": -0.0012022757291623787, "boundary_trend": 0}, "NVDA": {"p": 97.08278142364502, "d1_open": 97.6331941946038, "h1_open": 97.10451824378742, "m5_open": 97.10451824378742, "m1_open": 97.10451824378742, "reversion_strength": {"s1": 0.0011925680738830492, "m1": 0.020956231791063703, "m5": 0.022867711633453934, "h1": 0.013888096527728985, "d1": 0.05}, "garch_variance": 1.23484895532823e-06, "prev_return": -0.00022387478759344518, "boundary_trend": 0}}