{"AAPL": {"p": 58.28861541838293, "d1_open": 58.881026803928506, "h1_open": 57.935104588267784, "m5_open": 58.10992051533566, "m1_open": 58.239155650782365, "band": {"m1": 0.0016356615591800031, "m5": 0.0042792442113089935, "h1": 0.008939050612045427, "d1": 0.026885162123390878}, "garch_variance": 2.5007474236513732e-06, "prev_return": -0.0007854329054663323, "boundary_trend": -1, "trend_ou": -0.1795657650192039, "reversion_strength": {"s1": 0.008338960049529932, "m1": 0.001351140996985631, "m5": 0.013839264509730786, "h1": 0.04009322855887123, "d1": 0.05}}, "GOOG": {"p": 116.35153444788418, "d1_open": 119.02146768303125, "h1_open": 116.09550753836272, "m5_open": 116.3888914266636, "m1_open": 116.52803310373537, "band": {"m1": 0.001514645456120142, "m5": 0.004035704001776421, "h1": 0.00818914124920741, "d1": 0.02367059536188549}, "garch_variance": 1.5910990019747481e-06, "prev_return": 0.0, "boundary_trend": 1, "trend_ou": -0.1273140688266536, "reversion_strength": {"s1": 0.0062823601171641975, "m1": 0.013292119646085305, "m5": 0.03312992683192555, "h1": 0.04623311401955329, "d1": 0.05}}, "AMZN": {"p": 156.18364139068402, "d1_open": 158.98498094367304, "h1_open": 156.28356493298796, "m5_open": 155.8783458704862, "m1_open": 155.8762968209114, "band": {"m1": 0.00197172101237262, "m5": 0.004955550814947083, "h1": 0.011021534876926349, "d1": 0.03581195385447395}, "garch_variance": 6.140449291042234e-06, "prev_return": 0.0008993975534687406, "boundary_trend": -1, "trend_ou": 0.06763355022796955, "reversion_strength": {"s1": 0.002645480578274048, "m1": 0.009447304871809989, "m5": 0.011715152974709363, "h1": 0.04320287271163793, "d1": 0.05}}, "MSFT": {"p": 134.13652834812396, "d1_open": 137.08846618531726, "h1_open": 133.73171007353216, "m5_open": 133.94590238791469, "m1_open": 134.38036476201546, "band": {"m1": 0.0018145241257777748, "m5": 0.004639198183097425, "h1": 0.010047421398754364, "d1": 0.03163631215156799}, "garch_variance": 5.23880292351811e-06, "prev_return": -0.0032063256568225806, "boundary_trend": 1, "trend_ou": -0.042191332800617015, "reversion_strength": {"s1": 0.00502554902391116, "m1": 0.0038098335627198736, "m5": 0.0032918974962767448, "h1": 0.046518504108642444, "d1": 0.05}}, "NVDA": {"p": 77.44662717042677, "d1_open": 77.58920212535816, "h1_open": 77.45406808949511, "m5_open": 77.57589801194331, "m1_open": 77.33056316174833, "band": {"m1": 0.0015836025527244584, "m5": 0.004174477481760865, "h1": 0.008616452748009542, "d1": 0.025502311845141463}, "garch_variance": 2.2227909768023736e-06, "prev_return": -8.259371150067322e-05, "boundary_trend": -1, "trend_ou": 0.23290542126752176, "reversion_strength": {"s1": 0.0011925680738830492, "m1": 0.020956231791063703, "m5": 0.022867711633453934, "h1": 0.013888096527728985, "d1": 0.05}}}