{"AAPL": {"p": 88.61325891650424, "d1_open": 87.95021220263737, "h1_open": 88.46025421232386, "m5_open": 88.71364479227643, "m1_open": 88.62527508826786, "reversion_strength": {"s1": 0.008338960049529932, "m1": 0.001351140996985631, "m5": 0.013839264509730786, "h1": 0.04009322855887123, "d1": 0.05}, "garch_variance": 1.134953650911742e-06, "prev_return": -0.00013559322017085284, "boundary_trend": 1}, "GOOG": {"p": 170.90543146994898, "d1_open": 175.76656301755804, "h1_open": 171.25338368742615, "m5_open": 170.11830882226877, "m1_open": 171.151155194039, "reversion_strength": {"s1": 0.0062823601171641975, "m1": 0.013292119646085305, "m5": 0.03312992683192555, "h1": 0.04623311401955329, "d1": 0.05}, "garch_variance": 1.5873129835181544e-06, "prev_return": -0.001436743369018209, "boundary_trend": 0}, "AMZN": {"p": 166.9157250633008, "d1_open": 169.8941041712876, "h1_open": 168.5021874081404, "m5_open": 168.25616323207532, "m1_open": 166.79829292094573, "reversion_strength": {"s1": 0.002645480578274048, "m1": 0.009447304871809989, "m5": 0.011715152974709363, "h1": 0.04320287271163793, "d1": 0.05}, "garch_variance": 1.4006562364967211e-06, "prev_return": 0.0007037891180695467, "boundary_trend": 0}, "MSFT": {"p": 164.5445732736838, "d1_open": 164.41906387237157, "h1_open": 164.11163536945244, "m5_open": 164.1213540649923, "m1_open": 164.4535554117277, "reversion_strength": {"s1": 0.00502554902391116, "m1": 0.0038098335627198736, "m5": 0.0032918974962767448, "h1": 0.046518504108642444, "d1": 0.05}, "garch_variance": 1.2588855037386834e-06, "prev_return": 0.0005533032339231596, "boundary_trend": 0}, "NVDA": {"p": 96.0440765270854, "d1_open": 97.6331941946038, "h1_open": 97.10451824378742, "m5_open": 96.25723778437123, "m1_open": 95.96142718129192, "reversion_strength": {"s1": 0.0011925680738830492, "m1": 0.020956231791063703, "m5": 0.022867711633453934, "h1": 0.013888096527728985, "d1": 0.05}, "garch_variance": 1.424972245280744e-06, "prev_return": 0.0008609060605230995, "boundary_trend": 0}}