{"AAPL": {"p": 58.793189211938895, "d1_open": 58.881026803928506, "h1_open": 58.18002329517424, "m5_open": 58.70070751042904, "m1_open": 58.800347156891874, "band": {"m1": 0.0018938707300774128, "m5": 0.004798880143995415, "h1": 0.010539114322003336, "d1": 0.0337440065027385}, "garch_variance": 2.8101534874601178e-06, "prev_return": 0.0, "boundary_trend": -1, "trend_ou": -0.1788567435225877, "reversion_strength": {"s1": 0.008338960049529932, "m1": 0.001351140996985631, "m5": 0.013839264509730786, "h1": 0.04009322855887123, "d1": 0.05}}, "GOOG": {"p": 117.63239574661351, "d1_open": 119.02146768303125, "h1_open": 117.8132584785911, "m5_open": 117.53485842152293, "m1_open": 117.37929056258231, "band": {"m1": 0.002156301872486108, "m5": 0.005327012630450308, "h1": 0.012165340632523437, "d1": 0.04071499967009895}, "garch_variance": 4.569318687691251e-06, "prev_return": 0.0, "boundary_trend": -1, "trend_ou": -0.14212678190619238, "reversion_strength": {"s1": 0.0062823601171641975, "m1": 0.013292119646085305, "m5": 0.03312992683192555, "h1": 0.04623311401955329, "d1": 0.05}}, "AMZN": {"p": 156.2904125316019, "d1_open": 158.98498094367304, "h1_open": 156.39399479459698, "m5_open": 155.57506190724217, "m1_open": 156.29710780728846, "band": {"m1": 0.001794105251852637, "m5": 0.004598105991988879, "h1": 0.009920890264897777, "d1": 0.031093922901150223}, "garch_variance": 2.12695354996181e-06, "prev_return": 0.0015979330730000424, "boundary_trend": -1, "trend_ou": 0.09562352844040728, "reversion_strength": {"s1": 0.002645480578274048, "m1": 0.009447304871809989, "m5": 0.011715152974709363, "h1": 0.04320287271163793, "d1": 0.05}}, "MSFT": {"p": 134.04453947889806, "d1_open": 137.08846618531726, "h1_open": 133.29083440032448, "m5_open": 133.55293932181672, "m1_open": 133.81900742298512, "band": {"m1": 0.0019629107825321337, "m5": 0.004937820569408432, "h1": 0.010966939879408812, "d1": 0.03557792655322761}, "garch_variance": 3.3829084199417515e-06, "prev_return": 0.002354464521474539, "boundary_trend": 0, "trend_ou": 0.02090939807369811, "reversion_strength": {"s1": 0.00502554902391116, "m1": 0.0038098335627198736, "m5": 0.0032918974962767448, "h1": 0.046518504108642444, "d1": 0.05}}, "NVDA": {"p": 77.34798793869409, "d1_open": 77.58920212535816, "h1_open": 77.08644892077346, "m5_open": 77.07051393030584, "m1_open": 77.20825934793878, "band": {"m1": 0.0018097622189048855, "m5": 0.00462961503037415, "h1": 0.010017912941130538, "d1": 0.03150982098908688}, "garch_variance": 2.659280819518384e-06, "prev_return": 0.0, "boundary_trend": -1, "trend_ou": 0.25020631687274975, "reversion_strength": {"s1": 0.0011925680738830492, "m1": 0.020956231791063703, "m5": 0.022867711633453934, "h1": 0.013888096527728985, "d1": 0.05}}}