{"AAPL": {"p": 58.70070751042904, "d1_open": 58.881026803928506, "h1_open": 58.18002329517424, "m5_open": 58.46967353015795, "m1_open": 58.58702448518183, "band": {"m1": 0.001940413022272043, "m5": 0.004892544700253681, "h1": 0.01082752635810593, "d1": 0.0349803155699634}, "garch_variance": 3.899129566361987e-06, "prev_return": 0.0, "boundary_trend": -1, "trend_ou": -0.18213595012467518, "reversion_strength": {"s1": 0.008338960049529932, "m1": 0.001351140996985631, "m5": 0.013839264509730786, "h1": 0.04009322855887123, "d1": 0.05}}, "GOOG": {"p": 117.53485842152293, "d1_open": 119.02146768303125, "h1_open": 117.8132584785911, "m5_open": 117.80125193698609, "m1_open": 117.80183125444762, "band": {"m1": 0.0022662876296723144, "m5": 0.005548354697112938, "h1": 0.012846897441966942, "d1": 0.043636565894346765}, "garch_variance": 5.910321543786053e-06, "prev_return": -0.0008256626825246052, "boundary_trend": 1, "trend_ou": -0.14230546593528315, "reversion_strength": {"s1": 0.0062823601171641975, "m1": 0.013292119646085305, "m5": 0.03312992683192555, "h1": 0.04623311401955329, "d1": 0.05}}, "AMZN": {"p": 155.57506190724217, "d1_open": 158.98498094367304, "h1_open": 156.39399479459698, "m5_open": 156.11435097121424, "m1_open": 155.86547251251855, "band": {"m1": 0.0018632131965790615, "m5": 0.004737183047963104, "h1": 0.01034913653532348, "d1": 0.03292964638303782}, "garch_variance": 2.964699495555742e-06, "prev_return": 0.0, "boundary_trend": 1, "trend_ou": 0.09742128250854659, "reversion_strength": {"s1": 0.002645480578274048, "m1": 0.009447304871809989, "m5": 0.011715152974709363, "h1": 0.04320287271163793, "d1": 0.05}}, "MSFT": {"p": 133.55293932181672, "d1_open": 137.08846618531726, "h1_open": 133.29083440032448, "m5_open": 133.75608073470985, "m1_open": 133.3574141636961, "band": {"m1": 0.0020141415503579004, "m5": 0.005040920500866562, "h1": 0.011284405336372991, "d1": 0.03693877621914064}, "garch_variance": 3.5673602215986583e-06, "prev_return": 0.0034812727634841406, "boundary_trend": 0, "trend_ou": 0.013762682841974197, "reversion_strength": {"s1": 0.00502554902391116, "m1": 0.0038098335627198736, "m5": 0.0032918974962767448, "h1": 0.046518504108642444, "d1": 0.05}}, "NVDA": {"p": 77.07051393030584, "d1_open": 77.58920212535816, "h1_open": 77.08644892077346, "m5_open": 76.7406852626814, "m1_open": 76.93243385412549, "band": {"m1": 0.0017948226679291891, "m5": 0.004599549763992668, "h1": 0.009925335929724638, "d1": 0.031112979719338407}, "garch_variance": 2.8799739142519537e-06, "prev_return": 0.0, "boundary_trend": -1, "trend_ou": 0.2461438750868876, "reversion_strength": {"s1": 0.0011925680738830492, "m1": 0.020956231791063703, "m5": 0.022867711633453934, "h1": 0.013888096527728985, "d1": 0.05}}}