{"AAPL": {"p": 87.16790060416534, "d1_open": 87.95021220263737, "h1_open": 86.8359256319159, "m5_open": 87.1754490276244, "m1_open": 87.13624044523489, "reversion_strength": {"s1": 0.008338960049529932, "m1": 0.001351140996985631, "m5": 0.013839264509730786, "h1": 0.04009322855887123, "d1": 0.05}, "garch_variance": 1.0629899344623613e-06, "prev_return": 0.00036327489511170364, "boundary_trend": 0}, "GOOG": {"p": 176.52100223968964, "d1_open": 175.76656301755804, "h1_open": 175.75153234700423, "m5_open": 175.25123277534695, "m1_open": 176.69764194835415, "reversion_strength": {"s1": 0.0062823601171641975, "m1": 0.013292119646085305, "m5": 0.03312992683192555, "h1": 0.04623311401955329, "d1": 0.05}, "garch_variance": 1.1916791298122156e-06, "prev_return": -0.0010001721386796933, "boundary_trend": 0}, "AMZN": {"p": 164.92150954606385, "d1_open": 169.8941041712876, "h1_open": 166.80472498164232, "m5_open": 165.30556648144994, "m1_open": 164.8302590882053, "reversion_strength": {"s1": 0.002645480578274048, "m1": 0.009447304871809989, "m5": 0.011715152974709363, "h1": 0.04320287271163793, "d1": 0.05}, "garch_variance": 1.6672347474007502e-06, "prev_return": 0.0005534494056889728, "boundary_trend": 0}, "MSFT": {"p": 164.32021943091678, "d1_open": 164.41906387237157, "h1_open": 164.04525621182805, "m5_open": 164.31100483730614, "m1_open": 164.2959471099651, "reversion_strength": {"s1": 0.00502554902391116, "m1": 0.0038098335627198736, "m5": 0.0032918974962767448, "h1": 0.046518504108642444, "d1": 0.05}, "garch_variance": 1.3331243011677542e-06, "prev_return": 0.00014772444856440078, "boundary_trend": 0}, "NVDA": {"p": 96.31881047672444, "d1_open": 97.6331941946038, "h1_open": 96.51017604046937, "m5_open": 96.39688985400453, "m1_open": 96.40031565130951, "reversion_strength": {"s1": 0.0011925680738830492, "m1": 0.020956231791063703, "m5": 0.022867711633453934, "h1": 0.013888096527728985, "d1": 0.05}, "garch_variance": 1.086491880573298e-06, "prev_return": -0.0008458442198450474, "boundary_trend": 0}}