{"AAPL": {"p": 58.46967353015795, "d1_open": 58.881026803928506, "h1_open": 58.18002329517424, "m5_open": 58.18002329517424, "m1_open": 58.4123301402037, "band": {"m1": 0.001983133001033658, "m5": 0.0049785169991111685, "h1": 0.011092252384176446, "d1": 0.03611509201960148}, "garch_variance": 3.2435217618357966e-06, "prev_return": 0.0, "boundary_trend": -1, "trend_ou": -0.17897526809466438, "reversion_strength": {"s1": 0.008338960049529932, "m1": 0.001351140996985631, "m5": 0.013839264509730786, "h1": 0.04009322855887123, "d1": 0.05}}, "GOOG": {"p": 117.80125193698609, "d1_open": 119.02146768303125, "h1_open": 117.8132584785911, "m5_open": 117.8132584785911, "m1_open": 117.52907926098757, "band": {"m1": 0.0023157900811434182, "m5": 0.005647976459000983, "h1": 0.013153652914197383, "d1": 0.04495150606419615}, "garch_variance": 8.33839806119756e-06, "prev_return": 0.0004778724600809822, "boundary_trend": -1, "trend_ou": -0.13563424005791075, "reversion_strength": {"s1": 0.0062823601171641975, "m1": 0.013292119646085305, "m5": 0.03312992683192555, "h1": 0.04623311401955329, "d1": 0.05}}, "AMZN": {"p": 156.11435097121424, "d1_open": 158.98498094367304, "h1_open": 156.39399479459698, "m5_open": 156.39399479459698, "m1_open": 155.823566364178, "band": {"m1": 0.0018661144384069183, "m5": 0.004743021684514731, "h1": 0.010367114873375657, "d1": 0.03300671245367723}, "garch_variance": 3.305167582951172e-06, "prev_return": 0.0029646323540805154, "boundary_trend": -1, "trend_ou": 0.09453036774822494, "reversion_strength": {"s1": 0.002645480578274048, "m1": 0.009447304871809989, "m5": 0.011715152974709363, "h1": 0.04320287271163793, "d1": 0.05}}, "MSFT": {"p": 133.75608073470985, "d1_open": 137.08846618531726, "h1_open": 133.29083440032448, "m5_open": 133.29083440032448, "m1_open": 133.47630949694607, "band": {"m1": 0.0020960366586264953, "m5": 0.005205731227068517, "h1": 0.011791890761109185, "d1": 0.03911416681852137}, "garch_variance": 4.705958334202757e-06, "prev_return": 0.0, "boundary_trend": -1, "trend_ou": 0.003667820915801049, "reversion_strength": {"s1": 0.00502554902391116, "m1": 0.0038098335627198736, "m5": 0.0032918974962767448, "h1": 0.046518504108642444, "d1": 0.05}}, "NVDA": {"p": 76.7406852626814, "d1_open": 77.58920212535816, "h1_open": 77.08644892077346, "m5_open": 77.08644892077346, "m1_open": 76.81831059426894, "band": {"m1": 0.001738101839441935, "m5": 0.004485401298578822, "h1": 0.00957384981114188, "d1": 0.02960629684548992}, "garch_variance": 2.1716882837126735e-06, "prev_return": -0.0027476095745219177, "boundary_trend": 1, "trend_ou": 0.23881024719407026, "reversion_strength": {"s1": 0.0011925680738830492, "m1": 0.020956231791063703, "m5": 0.022867711633453934, "h1": 0.013888096527728985, "d1": 0.05}}}