{"AAPL": {"p": 90.33656932303798, "d1_open": 87.95021220263737, "h1_open": 89.92327454616381, "m5_open": 90.33983162164124, "m1_open": 90.41764115897679, "reversion_strength": {"s1": 0.008338960049529932, "m1": 0.001351140996985631, "m5": 0.013839264509730786, "h1": 0.04009322855887123, "d1": 0.05}, "garch_variance": 1.2012275314117286e-06, "prev_return": -0.0008970395893853072, "boundary_trend": 0}, "GOOG": {"p": 175.91745764799936, "d1_open": 175.76656301755804, "h1_open": 183.39762262224193, "m5_open": 177.3564440630893, "m1_open": 176.0851868009323, "reversion_strength": {"s1": 0.0062823601171641975, "m1": 0.013292119646085305, "m5": 0.03312992683192555, "h1": 0.04623311401955329, "d1": 0.05}, "garch_variance": 4.351295636827159e-06, "prev_return": -0.0009529994633416848, "boundary_trend": 0}, "AMZN": {"p": 173.0096319574661, "d1_open": 169.8941041712876, "h1_open": 168.9436681978484, "m5_open": 171.62632039862208, "m1_open": 172.94432024413175, "reversion_strength": {"s1": 0.002645480578274048, "m1": 0.009447304871809989, "m5": 0.011715152974709363, "h1": 0.04320287271163793, "d1": 0.05}, "garch_variance": 2.8997693668057344e-06, "prev_return": 0.0003775746089595514, "boundary_trend": 0}, "MSFT": {"p": 162.24947225704358, "d1_open": 164.41906387237157, "h1_open": 162.58297699275926, "m5_open": 162.24033006590386, "m1_open": 162.22049659651287, "reversion_strength": {"s1": 0.00502554902391116, "m1": 0.0038098335627198736, "m5": 0.0032918974962767448, "h1": 0.046518504108642444, "d1": 0.05}, "garch_variance": 2.00165475195831e-06, "prev_return": 0.00017860303503654544, "boundary_trend": 0}, "NVDA": {"p": 98.51794083758388, "d1_open": 97.6331941946038, "h1_open": 98.32781845318762, "m5_open": 98.86974620631537, "m1_open": 98.41384336494635, "reversion_strength": {"s1": 0.0011925680738830492, "m1": 0.020956231791063703, "m5": 0.022867711633453934, "h1": 0.013888096527728985, "d1": 0.05}, "garch_variance": 1.4043696236891791e-06, "prev_return": 0.00105719330939406, "boundary_trend": 0}}