{"AAPL": {"p": 58.159760132606046, "d1_open": 58.881026803928506, "h1_open": 58.18002329517424, "m5_open": 58.15911105778575, "m1_open": 58.04200961469428, "band": {"m1": 0.0020287119397388066, "m5": 0.005070242843869475, "h1": 0.011374694737045003, "d1": 0.037325811400589874}, "garch_variance": 5.833768795819739e-06, "prev_return": 0.002825755015769476, "boundary_trend": -1, "trend_ou": -0.17672498975591816, "reversion_strength": {"s1": 0.008338960049529932, "m1": 0.001351140996985631, "m5": 0.013839264509730786, "h1": 0.04009322855887123, "d1": 0.05}}, "GOOG": {"p": 117.56597208883798, "d1_open": 119.02146768303125, "h1_open": 117.8132584785911, "m5_open": 117.14997706907036, "m1_open": 117.36067226315716, "band": {"m1": 0.0018100261506984816, "m5": 0.004630146182862864, "h1": 0.010019548466636349, "d1": 0.031516831844250345}, "garch_variance": 3.6007123670538384e-06, "prev_return": 0.0035594448031900745, "boundary_trend": 0, "trend_ou": -0.14603490149073087, "reversion_strength": {"s1": 0.0062823601171641975, "m1": 0.013292119646085305, "m5": 0.03312992683192555, "h1": 0.04623311401955329, "d1": 0.05}}, "AMZN": {"p": 155.38207071200483, "d1_open": 158.98498094367304, "h1_open": 156.39399479459698, "m5_open": 155.38367279067052, "m1_open": 155.68354512336998, "band": {"m1": 0.0019364564901592856, "m5": 0.0048845823329703225, "h1": 0.01080300862533562, "d1": 0.034875217683823345}, "garch_variance": 4.553741815155189e-06, "prev_return": -0.003872917821294827, "boundary_trend": 1, "trend_ou": 0.1105244767349439, "reversion_strength": {"s1": 0.002645480578274048, "m1": 0.009447304871809989, "m5": 0.011715152974709363, "h1": 0.04320287271163793, "d1": 0.05}}, "MSFT": {"p": 133.38318560001244, "d1_open": 137.08846618531726, "h1_open": 133.29083440032448, "m5_open": 133.3837984241093, "m1_open": 133.62760050534163, "band": {"m1": 0.0018290750144796407, "m5": 0.004668481281740789, "h1": 0.010137589958138115, "d1": 0.03202282933389904}, "garch_variance": 3.417879807710699e-06, "prev_return": 0.0, "boundary_trend": 1, "trend_ou": -0.012071552230142054, "reversion_strength": {"s1": 0.00502554902391116, "m1": 0.0038098335627198736, "m5": 0.0032918974962767448, "h1": 0.046518504108642444, "d1": 0.05}}, "NVDA": {"p": 77.0322797511586, "d1_open": 77.58920212535816, "h1_open": 77.08644892077346, "m5_open": 77.22169770620975, "m1_open": 77.1875893892869, "band": {"m1": 0.0020121063419278108, "m5": 0.0050368247229083075, "h1": 0.011271793611003715, "d1": 0.036884714708261664}, "garch_variance": 4.626953128053351e-06, "prev_return": 0.0, "boundary_trend": 1, "trend_ou": 0.23948697461230328, "reversion_strength": {"s1": 0.0011925680738830492, "m1": 0.020956231791063703, "m5": 0.022867711633453934, "h1": 0.013888096527728985, "d1": 0.05}}}