{"AAPL": {"p": 89.65909656541042, "d1_open": 87.95021220263737, "h1_open": 89.17288531883615, "m5_open": 89.48592828043384, "m1_open": 89.58814284451815, "reversion_strength": {"s1": 0.008338960049529932, "m1": 0.001351140996985631, "m5": 0.013839264509730786, "h1": 0.04009322855887123, "d1": 0.05}, "garch_variance": 1.308614241604138e-06, "prev_return": 0.0007916855493206511, "boundary_trend": -1}, "GOOG": {"p": 183.6387048811717, "d1_open": 175.76656301755804, "h1_open": 176.0396410021823, "m5_open": 182.2209772817461, "m1_open": 183.42480178023493, "reversion_strength": {"s1": 0.0062823601171641975, "m1": 0.013292119646085305, "m5": 0.03312992683192555, "h1": 0.04623311401955329, "d1": 0.05}, "garch_variance": 1.7109479248881564e-06, "prev_return": 0.0011654829274380396, "boundary_trend": 0}, "AMZN": {"p": 166.66815554138975, "d1_open": 169.8941041712876, "h1_open": 162.3870609310141, "m5_open": 167.2322313533559, "m1_open": 166.22840153357512, "reversion_strength": {"s1": 0.002645480578274048, "m1": 0.009447304871809989, "m5": 0.011715152974709363, "h1": 0.04320287271163793, "d1": 0.05}, "garch_variance": 2.4207965786936686e-06, "prev_return": 0.002641987453834722, "boundary_trend": -1}, "MSFT": {"p": 162.73564498423923, "d1_open": 164.41906387237157, "h1_open": 164.33550431317852, "m5_open": 163.20350832876423, "m1_open": 162.86275989742964, "reversion_strength": {"s1": 0.00502554902391116, "m1": 0.0038098335627198736, "m5": 0.0032918974962767448, "h1": 0.046518504108642444, "d1": 0.05}, "garch_variance": 1.4955436382395405e-06, "prev_return": -0.0007808079999328732, "boundary_trend": 1}, "NVDA": {"p": 97.46525668867727, "d1_open": 97.6331941946038, "h1_open": 98.01165686841159, "m5_open": 98.54384540916142, "m1_open": 97.34916118702633, "reversion_strength": {"s1": 0.0011925680738830492, "m1": 0.020956231791063703, "m5": 0.022867711633453934, "h1": 0.013888096527728985, "d1": 0.05}, "garch_variance": 1.2477143938707812e-06, "prev_return": 0.0011918575294366796, "boundary_trend": -1}}