{"AAPL": {"p": 58.5864446544646, "d1_open": 58.881026803928506, "h1_open": 58.18002329517424, "m5_open": 58.46967353015795, "m1_open": 58.5840701957385, "band": {"m1": 0.0019529447087855982, "m5": 0.004917764232879005, "h1": 0.010905182379172958, "d1": 0.035313196417334214}, "garch_variance": 3.618491772218378e-06, "prev_return": 0.0019953841617942046, "boundary_trend": 0, "trend_ou": -0.1803849488906209, "reversion_strength": {"s1": 0.008338960049529932, "m1": 0.001351140996985631, "m5": 0.013839264509730786, "h1": 0.04009322855887123, "d1": 0.05}}, "GOOG": {"p": 117.80178351089639, "d1_open": 119.02146768303125, "h1_open": 117.8132584785911, "m5_open": 117.80125193698609, "m1_open": 118.07486060393983, "band": {"m1": 0.002312745419699684, "m5": 0.005641849196039987, "h1": 0.013134785837291107, "d1": 0.04487063031931926}, "garch_variance": 6.657312976843273e-06, "prev_return": 0.0, "boundary_trend": 1, "trend_ou": -0.1364526414054211, "reversion_strength": {"s1": 0.0062823601171641975, "m1": 0.013292119646085305, "m5": 0.03312992683192555, "h1": 0.04623311401955329, "d1": 0.05}}, "AMZN": {"p": 155.86783843860024, "d1_open": 158.98498094367304, "h1_open": 156.39399479459698, "m5_open": 156.11435097121424, "m1_open": 156.1620765587081, "band": {"m1": 0.0018841842180372698, "m5": 0.0047793864145474485, "h1": 0.010479089202300439, "d1": 0.03348670240145073}, "garch_variance": 3.36650442513444e-06, "prev_return": 0.0, "boundary_trend": 1, "trend_ou": 0.09328801427817814, "reversion_strength": {"s1": 0.002645480578274048, "m1": 0.009447304871809989, "m5": 0.011715152974709363, "h1": 0.04320287271163793, "d1": 0.05}}, "MSFT": {"p": 133.35591263980567, "d1_open": 137.08846618531726, "h1_open": 133.29083440032448, "m5_open": 133.75608073470985, "m1_open": 133.4777976851072, "band": {"m1": 0.002057622182598351, "m5": 0.005128423585321448, "h1": 0.011553844959652728, "d1": 0.03809375800780603}, "garch_variance": 3.832294134006615e-06, "prev_return": -0.0027154084978252557, "boundary_trend": 0, "trend_ou": 0.00608937474297917, "reversion_strength": {"s1": 0.00502554902391116, "m1": 0.0038098335627198736, "m5": 0.0032918974962767448, "h1": 0.046518504108642444, "d1": 0.05}}, "NVDA": {"p": 76.74115933788643, "d1_open": 77.58920212535816, "h1_open": 77.08644892077346, "m5_open": 76.7406852626814, "m1_open": 76.60566681611505, "band": {"m1": 0.0017687010296067074, "m5": 0.0045469809809172085, "h1": 0.009763466057406836, "d1": 0.030419107183499272}, "garch_variance": 2.666967651201971e-06, "prev_return": 0.00012829158658794068, "boundary_trend": -1, "trend_ou": 0.24259321277274257, "reversion_strength": {"s1": 0.0011925680738830492, "m1": 0.020956231791063703, "m5": 0.022867711633453934, "h1": 0.013888096527728985, "d1": 0.05}}}