{"AAPL": {"p": 57.91586186624508, "d1_open": 58.881026803928506, "h1_open": 57.935104588267784, "m5_open": 57.935104588267784, "m1_open": 58.01448773352918, "band": {"m1": 0.0017000213418604517, "m5": 0.0044087657754905306, "h1": 0.009337873598424477, "d1": 0.028594759548453745}, "garch_variance": 2.7206572347860188e-06, "prev_return": 0.0, "boundary_trend": 1, "trend_ou": -0.18244944380628805, "reversion_strength": {"s1": 0.008338960049529932, "m1": 0.001351140996985631, "m5": 0.013839264509730786, "h1": 0.04009322855887123, "d1": 0.05}}, "GOOG": {"p": 116.0292185596544, "d1_open": 119.02146768303125, "h1_open": 116.09550753836272, "m5_open": 116.09550753836272, "m1_open": 115.9872073018902, "band": {"m1": 0.0015699785353352716, "m5": 0.00414705967565289, "h1": 0.008532027800078725, "d1": 0.025140415268156274}, "garch_variance": 1.7501027142159425e-06, "prev_return": 0.0, "boundary_trend": 1, "trend_ou": -0.11911956564116964, "reversion_strength": {"s1": 0.0062823601171641975, "m1": 0.013292119646085305, "m5": 0.03312992683192555, "h1": 0.04623311401955329, "d1": 0.05}}, "AMZN": {"p": 155.8818327195107, "d1_open": 158.98498094367304, "h1_open": 156.28356493298796, "m5_open": 156.28356493298796, "m1_open": 156.1782863507852, "band": {"m1": 0.0018981744402591168, "m5": 0.004807541193664989, "h1": 0.010565783438580365, "d1": 0.03385832652587141}, "garch_variance": 5.471494044398683e-06, "prev_return": -0.003796353440026682, "boundary_trend": 1, "trend_ou": 0.06638319189347654, "reversion_strength": {"s1": 0.002645480578274048, "m1": 0.009447304871809989, "m5": 0.011715152974709363, "h1": 0.04320287271163793, "d1": 0.05}}, "MSFT": {"p": 133.6074450332461, "d1_open": 137.08846618531726, "h1_open": 133.73171007353216, "m5_open": 133.73171007353216, "m1_open": 133.73493983134193, "band": {"m1": 0.00171415640856104, "m5": 0.0044372120484986385, "h1": 0.009425465403110733, "d1": 0.028970231195932727}, "garch_variance": 4.419248521683029e-06, "prev_return": -0.0026664831170766234, "boundary_trend": 0, "trend_ou": -0.0400818144388043, "reversion_strength": {"s1": 0.00502554902391116, "m1": 0.0038098335627198736, "m5": 0.0032918974962767448, "h1": 0.046518504108642444, "d1": 0.05}}, "NVDA": {"p": 77.33504397826101, "d1_open": 77.58920212535816, "h1_open": 77.45406808949511, "m5_open": 77.45406808949511, "m1_open": 77.45326645926345, "band": {"m1": 0.0015263717904604468, "m5": 0.004059302794417051, "h1": 0.008261806685386704, "d1": 0.023982083532893574}, "garch_variance": 1.8790772247934178e-06, "prev_return": -0.00249086726161141, "boundary_trend": 1, "trend_ou": 0.23338054836593153, "reversion_strength": {"s1": 0.0011925680738830492, "m1": 0.020956231791063703, "m5": 0.022867711633453934, "h1": 0.013888096527728985, "d1": 0.05}}}