{"AAPL": {"p": 89.41473280621437, "d1_open": 87.95021220263737, "h1_open": 89.17288531883615, "m5_open": 89.53570817222, "m1_open": 89.53570817222, "reversion_strength": {"s1": 0.008338960049529932, "m1": 0.001351140996985631, "m5": 0.013839264509730786, "h1": 0.04009322855887123, "d1": 0.05}, "garch_variance": 1.3999367246086755e-06, "prev_return": -0.0013520546110228153, "boundary_trend": 1}, "GOOG": {"p": 176.76248837700598, "d1_open": 175.76656301755804, "h1_open": 176.0396410021823, "m5_open": 176.88127370318884, "m1_open": 176.88127370318884, "reversion_strength": {"s1": 0.0062823601171641975, "m1": 0.013292119646085305, "m5": 0.03312992683192555, "h1": 0.04623311401955329, "d1": 0.05}, "garch_variance": 2.523895026463487e-06, "prev_return": -0.0006717795894452318, "boundary_trend": 0}, "AMZN": {"p": 166.43878116400265, "d1_open": 169.8941041712876, "h1_open": 162.3870609310141, "m5_open": 166.57991988013262, "m1_open": 166.57991988013262, "reversion_strength": {"s1": 0.002645480578274048, "m1": 0.009447304871809989, "m5": 0.011715152974709363, "h1": 0.04320287271163793, "d1": 0.05}, "garch_variance": 1.4237364599537149e-06, "prev_return": -0.0008476324250734281, "boundary_trend": 0}, "MSFT": {"p": 163.93224051961528, "d1_open": 164.41906387237157, "h1_open": 164.33550431317852, "m5_open": 163.64813481282934, "m1_open": 163.64813481282934, "reversion_strength": {"s1": 0.00502554902391116, "m1": 0.0038098335627198736, "m5": 0.0032918974962767448, "h1": 0.046518504108642444, "d1": 0.05}, "garch_variance": 3.137190961769625e-06, "prev_return": 0.0017345714176615324, "boundary_trend": 0}, "NVDA": {"p": 98.57498453600374, "d1_open": 97.6331941946038, "h1_open": 98.01165686841159, "m5_open": 98.53508585557576, "m1_open": 98.53508585557576, "reversion_strength": {"s1": 0.0011925680738830492, "m1": 0.020956231791063703, "m5": 0.022867711633453934, "h1": 0.013888096527728985, "d1": 0.05}, "garch_variance": 1.2941318236442884e-06, "prev_return": 0.00040483655547012145, "boundary_trend": 0}}