{"AAPL": {"p": 88.66347079040032, "d1_open": 87.95021220263737, "h1_open": 87.95021220263737, "m5_open": 88.58543380804815, "m1_open": 88.64187880899075, "reversion_strength": {"s1": 0.008338960049529932, "m1": 0.001351140996985631, "m5": 0.013839264509730786, "h1": 0.04009322855887123, "d1": 0.05}, "garch_variance": 1.207841599849632e-06, "prev_return": 0.00024355702256130006, "boundary_trend": 0}, "GOOG": {"p": 168.74895819169333, "d1_open": 175.76656301755804, "h1_open": 175.76656301755804, "m5_open": 167.72497842518078, "m1_open": 168.8102665930146, "reversion_strength": {"s1": 0.0062823601171641975, "m1": 0.013292119646085305, "m5": 0.03312992683192555, "h1": 0.04623311401955329, "d1": 0.05}, "garch_variance": 1.3489163046988562e-06, "prev_return": -0.0003632453062687667, "boundary_trend": 0}, "AMZN": {"p": 169.75476706921822, "d1_open": 169.8941041712876, "h1_open": 169.8941041712876, "m5_open": 171.00495892243464, "m1_open": 169.78713428425766, "reversion_strength": {"s1": 0.002645480578274048, "m1": 0.009447304871809989, "m5": 0.011715152974709363, "h1": 0.04320287271163793, "d1": 0.05}, "garch_variance": 2.475506086784989e-06, "prev_return": -0.00019065225828360596, "boundary_trend": 0}, "MSFT": {"p": 164.414151629129, "d1_open": 164.41906387237157, "h1_open": 164.41906387237157, "m5_open": 164.44940155217603, "m1_open": 164.54675509782055, "reversion_strength": {"s1": 0.00502554902391116, "m1": 0.0038098335627198736, "m5": 0.0032918974962767448, "h1": 0.046518504108642444, "d1": 0.05}, "garch_variance": 1.320291911262329e-06, "prev_return": -0.0008061959531487385, "boundary_trend": 0}, "NVDA": {"p": 97.1537187274585, "d1_open": 97.6331941946038, "h1_open": 97.6331941946038, "m5_open": 97.48771968163044, "m1_open": 97.11285479873358, "reversion_strength": {"s1": 0.0011925680738830492, "m1": 0.020956231791063703, "m5": 0.022867711633453934, "h1": 0.013888096527728985, "d1": 0.05}, "garch_variance": 1.307977808214351e-06, "prev_return": 0.0004206995427559993, "boundary_trend": 0}}