{"AAPL": {"p": 89.75027000557863, "d1_open": 87.95021220263737, "h1_open": 90.06205021135978, "m5_open": 89.77236620943135, "m1_open": 89.62916836167945, "reversion_strength": {"s1": 0.008338960049529932, "m1": 0.001351140996985631, "m5": 0.013839264509730786, "h1": 0.04009322855887123, "d1": 0.05}, "garch_variance": 1.8781255478978243e-06, "prev_return": 0.0013502290273625923, "boundary_trend": -1}, "GOOG": {"p": 177.11215539773744, "d1_open": 175.76656301755804, "h1_open": 182.2768621595806, "m5_open": 176.91621236945232, "m1_open": 177.02079187191347, "reversion_strength": {"s1": 0.0062823601171641975, "m1": 0.013292119646085305, "m5": 0.03312992683192555, "h1": 0.04623311401955329, "d1": 0.05}, "garch_variance": 3.0911086274147014e-06, "prev_return": 0.0005159843417870786, "boundary_trend": 0}, "AMZN": {"p": 169.14916341466858, "d1_open": 169.8941041712876, "h1_open": 170.28724881804374, "m5_open": 169.1257669447712, "m1_open": 169.59783118318109, "reversion_strength": {"s1": 0.002645480578274048, "m1": 0.009447304871809989, "m5": 0.011715152974709363, "h1": 0.04320287271163793, "d1": 0.05}, "garch_variance": 3.5205024002293336e-06, "prev_return": -0.002648986045814835, "boundary_trend": 1}, "MSFT": {"p": 161.27213932386218, "d1_open": 164.41906387237157, "h1_open": 161.08021439952043, "m5_open": 160.98325646937292, "m1_open": 161.16422506254014, "reversion_strength": {"s1": 0.00502554902391116, "m1": 0.0038098335627198736, "m5": 0.0032918974962767448, "h1": 0.046518504108642444, "d1": 0.05}, "garch_variance": 2.6623308082928043e-06, "prev_return": 0.0006693678335983034, "boundary_trend": -1}, "NVDA": {"p": 99.76373502162727, "d1_open": 97.6331941946038, "h1_open": 98.64308364945421, "m5_open": 99.97600710832901, "m1_open": 99.84739810195302, "reversion_strength": {"s1": 0.0011925680738830492, "m1": 0.020956231791063703, "m5": 0.022867711633453934, "h1": 0.013888096527728985, "d1": 0.05}, "garch_variance": 1.5402454324109716e-06, "prev_return": -0.0008382607113701124, "boundary_trend": 1}}