{"AAPL": {"p": 87.81821857626511, "d1_open": 87.95021220263737, "h1_open": 87.95021220263737, "m5_open": 87.92120877263224, "m1_open": 87.77300629623879, "reversion_strength": {"s1": 0.008338960049529932, "m1": 0.001351140996985631, "m5": 0.013839264509730786, "h1": 0.04009322855887123, "d1": 0.05}, "garch_variance": 1.4365572666172487e-06, "prev_return": 0.0005149719874477868, "boundary_trend": 0}, "GOOG": {"p": 174.54186927196986, "d1_open": 175.76656301755804, "h1_open": 175.76656301755804, "m5_open": 175.96515847975317, "m1_open": 174.41282342057346, "reversion_strength": {"s1": 0.0062823601171641975, "m1": 0.013292119646085305, "m5": 0.03312992683192555, "h1": 0.04623311401955329, "d1": 0.05}, "garch_variance": 1.952050538886076e-06, "prev_return": 0.0007396138236933966, "boundary_trend": 0}, "AMZN": {"p": 169.359141892083, "d1_open": 169.8941041712876, "h1_open": 169.8941041712876, "m5_open": 170.2593522688174, "m1_open": 169.33353781487412, "reversion_strength": {"s1": 0.002645480578274048, "m1": 0.009447304871809989, "m5": 0.011715152974709363, "h1": 0.04320287271163793, "d1": 0.05}, "garch_variance": 1.5727155220313612e-06, "prev_return": 0.00015119356745351185, "boundary_trend": 0}, "MSFT": {"p": 164.29623355820183, "d1_open": 164.41906387237157, "h1_open": 164.41906387237157, "m5_open": 164.46211409044528, "m1_open": 164.33644798760324, "reversion_strength": {"s1": 0.00502554902391116, "m1": 0.0038098335627198736, "m5": 0.0032918974962767448, "h1": 0.046518504108642444, "d1": 0.05}, "garch_variance": 2.166114167610007e-06, "prev_return": -0.00024473785998983203, "boundary_trend": 0}, "NVDA": {"p": 96.487953401136, "d1_open": 97.6331941946038, "h1_open": 97.6331941946038, "m5_open": 98.20183275629712, "m1_open": 96.60315924468745, "reversion_strength": {"s1": 0.0011925680738830492, "m1": 0.020956231791063703, "m5": 0.022867711633453934, "h1": 0.013888096527728985, "d1": 0.05}, "garch_variance": 1.2561765333452255e-06, "prev_return": -0.0011932797490587675, "boundary_trend": 1}}