{"AAPL": {"p": 90.06663855585516, "d1_open": 87.95021220263737, "h1_open": 89.92327454616381, "m5_open": 90.00702004038511, "m1_open": 90.06312987007664, "reversion_strength": {"s1": 0.008338960049529932, "m1": 0.001351140996985631, "m5": 0.013839264509730786, "h1": 0.04009322855887123, "d1": 0.05}, "garch_variance": 1.3513109060313862e-06, "prev_return": 3.8957311827296304e-05, "boundary_trend": 0}, "GOOG": {"p": 177.14726683509562, "d1_open": 175.76656301755804, "h1_open": 183.39762262224193, "m5_open": 178.67111769756372, "m1_open": 177.03325740525483, "reversion_strength": {"s1": 0.0062823601171641975, "m1": 0.013292119646085305, "m5": 0.03312992683192555, "h1": 0.04623311401955329, "d1": 0.05}, "garch_variance": 4.084727979407923e-06, "prev_return": 0.0006437927891326725, "boundary_trend": 0}, "AMZN": {"p": 169.67600292909836, "d1_open": 169.8941041712876, "h1_open": 168.9436681978484, "m5_open": 169.91300244896334, "m1_open": 169.59411153338434, "reversion_strength": {"s1": 0.002645480578274048, "m1": 0.009447304871809989, "m5": 0.011715152974709363, "h1": 0.04320287271163793, "d1": 0.05}, "garch_variance": 2.3032286646472632e-06, "prev_return": 0.00048275043284694036, "boundary_trend": 0}, "MSFT": {"p": 163.0852666935003, "d1_open": 164.41906387237157, "h1_open": 162.58297699275926, "m5_open": 162.7130691563188, "m1_open": 163.14276044592248, "reversion_strength": {"s1": 0.00502554902391116, "m1": 0.0038098335627198736, "m5": 0.0032918974962767448, "h1": 0.046518504108642444, "d1": 0.05}, "garch_variance": 1.1086506284060127e-06, "prev_return": -0.0003524758649437307, "boundary_trend": -1}, "NVDA": {"p": 97.0364132870063, "d1_open": 97.6331941946038, "h1_open": 98.32781845318762, "m5_open": 97.44144163053703, "m1_open": 97.06018777907082, "reversion_strength": {"s1": 0.0011925680738830492, "m1": 0.020956231791063703, "m5": 0.022867711633453934, "h1": 0.013888096527728985, "d1": 0.05}, "garch_variance": 1.1290393720577153e-06, "prev_return": -0.0002449758733829631, "boundary_trend": 0}}