{"AAPL": {"p": 58.33299485332588, "d1_open": 58.881026803928506, "h1_open": 58.18002329517424, "m5_open": 58.23802413864398, "m1_open": 58.23684141375316, "band": {"m1": 0.0019393304058975117, "m5": 0.004890365976827376, "h1": 0.010820817629803706, "d1": 0.03495155788792742}, "garch_variance": 3.7636854956748143e-06, "prev_return": 0.0035909276155172195, "boundary_trend": 0, "trend_ou": -0.17571119375708194, "reversion_strength": {"s1": 0.008338960049529932, "m1": 0.001351140996985631, "m5": 0.013839264509730786, "h1": 0.04009322855887123, "d1": 0.05}}, "GOOG": {"p": 117.30996457934323, "d1_open": 119.02146768303125, "h1_open": 117.8132584785911, "m5_open": 117.52394196185423, "m1_open": 117.52502080717568, "band": {"m1": 0.001829876109405667, "m5": 0.004670093454180711, "h1": 0.010142554161829685, "d1": 0.03204410892444032}, "garch_variance": 2.963052748372301e-06, "prev_return": 0.0, "boundary_trend": 1, "trend_ou": -0.14256859317904327, "reversion_strength": {"s1": 0.0062823601171641975, "m1": 0.013292119646085305, "m5": 0.03312992683192555, "h1": 0.04623311401955329, "d1": 0.05}}, "AMZN": {"p": 155.6921426442066, "d1_open": 158.98498094367304, "h1_open": 156.39399479459698, "m5_open": 156.10490295664312, "m1_open": 155.97759284885828, "band": {"m1": 0.0018300718676194355, "m5": 0.004670487409986539, "h1": 0.010143767231112578, "d1": 0.03204930887578036}, "garch_variance": 4.208155063561579e-06, "prev_return": -0.00366014782138634, "boundary_trend": 1, "trend_ou": 0.09543128884317932, "reversion_strength": {"s1": 0.002645480578274048, "m1": 0.009447304871809989, "m5": 0.011715152974709363, "h1": 0.04320287271163793, "d1": 0.05}}, "MSFT": {"p": 133.30866258964755, "d1_open": 137.08846618531726, "h1_open": 133.29083440032448, "m5_open": 132.91459635465824, "m1_open": 133.5655534020617, "band": {"m1": 0.0019233313221176888, "m5": 0.004858168441808916, "h1": 0.010721674933749576, "d1": 0.03452657210807861}, "garch_variance": 3.2505617660791216e-06, "prev_return": -0.0018859841758570917, "boundary_trend": 1, "trend_ou": 0.0004542754780442282, "reversion_strength": {"s1": 0.00502554902391116, "m1": 0.0038098335627198736, "m5": 0.0032918974962767448, "h1": 0.046518504108642444, "d1": 0.05}}, "NVDA": {"p": 77.34671697777846, "d1_open": 77.58920212535816, "h1_open": 77.08644892077346, "m5_open": 77.50697838647532, "m1_open": 77.20924921834846, "band": {"m1": 0.00198300129717888, "m5": 0.004978251950216203, "h1": 0.011091436245238543, "d1": 0.036111593552676596}, "garch_variance": 5.2129545713887495e-06, "prev_return": 0.0029208411159944653, "boundary_trend": 0, "trend_ou": 0.24686890715686838, "reversion_strength": {"s1": 0.0011925680738830492, "m1": 0.020956231791063703, "m5": 0.022867711633453934, "h1": 0.013888096527728985, "d1": 0.05}}}