{"AAPL": {"p": 88.57842530600986, "d1_open": 87.95021220263737, "h1_open": 88.46025421232386, "m5_open": 88.51918000804811, "m1_open": 88.69826917385232, "reversion_strength": {"s1": 0.008338960049529932, "m1": 0.001351140996985631, "m5": 0.013839264509730786, "h1": 0.04009322855887123, "d1": 0.05}, "garch_variance": 1.3453726794070228e-06, "prev_return": -0.0013520546110228153, "boundary_trend": 1}, "GOOG": {"p": 175.9319366780242, "d1_open": 175.76656301755804, "h1_open": 171.25338368742615, "m5_open": 171.46645925262726, "m1_open": 175.83511251667653, "reversion_strength": {"s1": 0.0062823601171641975, "m1": 0.013292119646085305, "m5": 0.03312992683192555, "h1": 0.04623311401955329, "d1": 0.05}, "garch_variance": 1.3128329053215136e-06, "prev_return": 0.0005505016118738667, "boundary_trend": 0}, "AMZN": {"p": 165.84446753859794, "d1_open": 169.8941041712876, "h1_open": 168.5021874081404, "m5_open": 167.6672395365851, "m1_open": 165.70299217656677, "reversion_strength": {"s1": 0.002645480578274048, "m1": 0.009447304871809989, "m5": 0.011715152974709363, "h1": 0.04320287271163793, "d1": 0.05}, "garch_variance": 1.7412681468846387e-06, "prev_return": 0.0008534245488683614, "boundary_trend": 1}, "MSFT": {"p": 165.4037570704955, "d1_open": 164.41906387237157, "h1_open": 164.11163536945244, "m5_open": 164.86105138819713, "m1_open": 165.4037570704955, "reversion_strength": {"s1": 0.00502554902391116, "m1": 0.0038098335627198736, "m5": 0.0032918974962767448, "h1": 0.046518504108642444, "d1": 0.05}, "garch_variance": 1.1306275210114377e-06, "prev_return": 0.0, "boundary_trend": -1}, "NVDA": {"p": 96.8017938753526, "d1_open": 97.6331941946038, "h1_open": 97.10451824378742, "m5_open": 97.9931365116029, "m1_open": 96.91737444191659, "reversion_strength": {"s1": 0.0011925680738830492, "m1": 0.020956231791063703, "m5": 0.022867711633453934, "h1": 0.013888096527728985, "d1": 0.05}, "garch_variance": 1.4742487349748508e-06, "prev_return": -0.0011932797490587675, "boundary_trend": 1}}