{"AAPL": {"p": 88.71897482630118, "d1_open": 87.95021220263737, "h1_open": 88.46025421232386, "m5_open": 88.70322987136849, "m1_open": 88.59926472742518, "reversion_strength": {"s1": 0.008338960049529932, "m1": 0.001351140996985631, "m5": 0.013839264509730786, "h1": 0.04009322855887123, "d1": 0.05}, "garch_variance": 1.7472549441471127e-06, "prev_return": 0.0013502290273625923, "boundary_trend": -1}, "GOOG": {"p": 174.54871337407704, "d1_open": 175.76656301755804, "h1_open": 171.25338368742615, "m5_open": 176.9830472237931, "m1_open": 174.40609795118675, "reversion_strength": {"s1": 0.0062823601171641975, "m1": 0.013292119646085305, "m5": 0.03312992683192555, "h1": 0.04623311401955329, "d1": 0.05}, "garch_variance": 1.233273508992284e-06, "prev_return": 0.0008173862414391309, "boundary_trend": 0}, "AMZN": {"p": 166.22060796462358, "d1_open": 169.8941041712876, "h1_open": 168.5021874081404, "m5_open": 165.97203526807792, "m1_open": 166.37033944067682, "reversion_strength": {"s1": 0.002645480578274048, "m1": 0.009447304871809989, "m5": 0.011715152974709363, "h1": 0.04320287271163793, "d1": 0.05}, "garch_variance": 1.4312477747383548e-06, "prev_return": -0.0009003942370475468, "boundary_trend": 0}, "MSFT": {"p": 165.03681574665777, "d1_open": 164.41906387237157, "h1_open": 164.11163536945244, "m5_open": 164.86538378697605, "m1_open": 165.12586414171375, "reversion_strength": {"s1": 0.00502554902391116, "m1": 0.0038098335627198736, "m5": 0.0032918974962767448, "h1": 0.046518504108642444, "d1": 0.05}, "garch_variance": 1.617198156887668e-06, "prev_return": -0.0005394213376589116, "boundary_trend": -1}, "NVDA": {"p": 98.35672800500524, "d1_open": 97.6331941946038, "h1_open": 97.10451824378742, "m5_open": 97.9039874814135, "m1_open": 98.3544403946087, "reversion_strength": {"s1": 0.0011925680738830492, "m1": 0.020956231791063703, "m5": 0.022867711633453934, "h1": 0.013888096527728985, "d1": 0.05}, "garch_variance": 1.3089531507827173e-06, "prev_return": 2.3258571592540064e-05, "boundary_trend": -1}}