{"AAPL": {"p": 88.69124689919504, "d1_open": 87.95021220263737, "h1_open": 88.46025421232386, "m5_open": 88.70322987136849, "m1_open": 88.70322987136849, "reversion_strength": {"s1": 0.008338960049529932, "m1": 0.001351140996985631, "m5": 0.013839264509730786, "h1": 0.04009322855887123, "d1": 0.05}, "garch_variance": 1.0532054916437254e-06, "prev_return": -0.00013509972136480542, "boundary_trend": 0}, "GOOG": {"p": 177.19246245605547, "d1_open": 175.76656301755804, "h1_open": 171.25338368742615, "m5_open": 176.9830472237931, "m1_open": 176.9830472237931, "reversion_strength": {"s1": 0.0062823601171641975, "m1": 0.013292119646085305, "m5": 0.03312992683192555, "h1": 0.04623311401955329, "d1": 0.05}, "garch_variance": 1.6970211038550573e-06, "prev_return": 0.0011825507464135842, "boundary_trend": 0}, "AMZN": {"p": 166.06607177096072, "d1_open": 169.8941041712876, "h1_open": 168.5021874081404, "m5_open": 165.97203526807792, "m1_open": 165.97203526807792, "reversion_strength": {"s1": 0.002645480578274048, "m1": 0.009447304871809989, "m5": 0.011715152974709363, "h1": 0.04320287271163793, "d1": 0.05}, "garch_variance": 1.950510034884949e-06, "prev_return": 0.0005664199584530915, "boundary_trend": 0}, "MSFT": {"p": 164.77682523417135, "d1_open": 164.41906387237157, "h1_open": 164.11163536945244, "m5_open": 164.86538378697605, "m1_open": 164.86538378697605, "reversion_strength": {"s1": 0.00502554902391116, "m1": 0.0038098335627198736, "m5": 0.0032918974962767448, "h1": 0.046518504108642444, "d1": 0.05}, "garch_variance": 1.4589317366024628e-06, "prev_return": -0.0005373010646797175, "boundary_trend": 0}, "NVDA": {"p": 97.85097263730503, "d1_open": 97.6331941946038, "h1_open": 97.10451824378742, "m5_open": 97.9039874814135, "m1_open": 97.9039874814135, "reversion_strength": {"s1": 0.0011925680738830492, "m1": 0.020956231791063703, "m5": 0.022867711633453934, "h1": 0.013888096527728985, "d1": 0.05}, "garch_variance": 1.0382209269724965e-06, "prev_return": -0.0005416449766834138, "boundary_trend": 0}}