{"AAPL": {"p": 89.18425027545365, "d1_open": 87.95021220263737, "h1_open": 88.46025421232386, "m5_open": 89.1990608931945, "m1_open": 89.1990608931945, "reversion_strength": {"s1": 0.008338960049529932, "m1": 0.001351140996985631, "m5": 0.013839264509730786, "h1": 0.04009322855887123, "d1": 0.05}, "garch_variance": 1.5078163998998809e-06, "prev_return": -0.00016605384974476638, "boundary_trend": 0}, "GOOG": {"p": 175.94610688219748, "d1_open": 175.76656301755804, "h1_open": 171.25338368742615, "m5_open": 175.95488826925583, "m1_open": 175.95488826925583, "reversion_strength": {"s1": 0.0062823601171641975, "m1": 0.013292119646085305, "m5": 0.03312992683192555, "h1": 0.04623311401955329, "d1": 0.05}, "garch_variance": 2.514908242019566e-06, "prev_return": -4.990828205189645e-05, "boundary_trend": 0}, "AMZN": {"p": 163.92631775279756, "d1_open": 169.8941041712876, "h1_open": 168.5021874081404, "m5_open": 164.00823410459716, "m1_open": 164.00823410459716, "reversion_strength": {"s1": 0.002645480578274048, "m1": 0.009447304871809989, "m5": 0.011715152974709363, "h1": 0.04320287271163793, "d1": 0.05}, "garch_variance": 1.8224013547721605e-06, "prev_return": -0.0004995896470159839, "boundary_trend": 0}, "MSFT": {"p": 164.76891029166845, "d1_open": 164.41906387237157, "h1_open": 164.11163536945244, "m5_open": 164.8782666664081, "m1_open": 164.8782666664081, "reversion_strength": {"s1": 0.00502554902391116, "m1": 0.0038098335627198736, "m5": 0.0032918974962767448, "h1": 0.046518504108642444, "d1": 0.05}, "garch_variance": 1.696160656368314e-06, "prev_return": -0.0006634752935567408, "boundary_trend": 0}, "NVDA": {"p": 96.04405443640728, "d1_open": 97.6331941946038, "h1_open": 97.10451824378742, "m5_open": 96.05624288450326, "m1_open": 96.05624288450326, "reversion_strength": {"s1": 0.0011925680738830492, "m1": 0.020956231791063703, "m5": 0.022867711633453934, "h1": 0.013888096527728985, "d1": 0.05}, "garch_variance": 1.2725437941513747e-06, "prev_return": -0.00012689671262689978, "boundary_trend": 0}}