{"AAPL": {"p": 58.1586631931047, "d1_open": 58.881026803928506, "h1_open": 58.18002329517424, "m5_open": 58.15911105778575, "m1_open": 58.278298893678986, "band": {"m1": 0.002052834465751072, "m5": 0.005118788491026665, "h1": 0.011524176563467338, "d1": 0.037966581251559384}, "garch_variance": 6.1242563858603445e-06, "prev_return": -0.004105674698789999, "boundary_trend": 1, "trend_ou": -0.17762722071560058, "reversion_strength": {"s1": 0.008338960049529932, "m1": 0.001351140996985631, "m5": 0.013839264509730786, "h1": 0.04009322855887123, "d1": 0.05}}, "GOOG": {"p": 117.13300641907531, "d1_open": 119.02146768303125, "h1_open": 117.8132584785911, "m5_open": 117.14997706907036, "m1_open": 117.35097559134482, "band": {"m1": 0.0018574125282821538, "m5": 0.004725509428198971, "h1": 0.010313191108586204, "d1": 0.03277556246337521}, "garch_variance": 4.6844597474816886e-06, "prev_return": 0.0, "boundary_trend": 1, "trend_ou": -0.14277456120965745, "reversion_strength": {"s1": 0.0062823601171641975, "m1": 0.013292119646085305, "m5": 0.03312992683192555, "h1": 0.04623311401955329, "d1": 0.05}}, "AMZN": {"p": 154.81266379731366, "d1_open": 158.98498094367304, "h1_open": 156.39399479459698, "m5_open": 155.38367279067052, "m1_open": 155.07628122389514, "band": {"m1": 0.0020147166399547963, "m5": 0.005042077846355193, "h1": 0.011287969036263156, "d1": 0.036954052400213454}, "garch_variance": 7.157390874154853e-06, "prev_return": -0.003714057322417379, "boundary_trend": 0, "trend_ou": 0.10773249761395028, "reversion_strength": {"s1": 0.002645480578274048, "m1": 0.009447304871809989, "m5": 0.011715152974709363, "h1": 0.04320287271163793, "d1": 0.05}}, "MSFT": {"p": 133.3811440033414, "d1_open": 137.08846618531726, "h1_open": 133.29083440032448, "m5_open": 133.3837984241093, "m1_open": 133.1401648978386, "band": {"m1": 0.0018099655028048652, "m5": 0.004630024131331328, "h1": 0.010019172645385216, "d1": 0.03151522084622574}, "garch_variance": 2.8776206800045645e-06, "prev_return": 0.000711642980892222, "boundary_trend": -1, "trend_ou": -0.016662400332090467, "reversion_strength": {"s1": 0.00502554902391116, "m1": 0.0038098335627198736, "m5": 0.0032918974962767448, "h1": 0.046518504108642444, "d1": 0.05}}, "NVDA": {"p": 77.20671524544936, "d1_open": 77.58920212535816, "h1_open": 77.08644892077346, "m5_open": 77.22169770620975, "m1_open": 77.18584914876932, "band": {"m1": 0.001969304735730838, "m5": 0.004950688152005961, "h1": 0.011006561758216828, "d1": 0.03574776997825516}, "garch_variance": 3.771112502364515e-06, "prev_return": 0.0003450464066785115, "boundary_trend": 0, "trend_ou": 0.23702967326636565, "reversion_strength": {"s1": 0.0011925680738830492, "m1": 0.020956231791063703, "m5": 0.022867711633453934, "h1": 0.013888096527728985, "d1": 0.05}}}