{"AAPL": {"p": 58.26281701542255, "d1_open": 58.881026803928506, "h1_open": 57.935104588267784, "m5_open": 58.35640345188377, "m1_open": 58.35640345188377, "band": {"m1": 0.0016037046652196036, "m5": 0.004214932202788308, "h1": 0.008741020983077198, "d1": 0.026036286919772413}, "garch_variance": 2.0269570820974247e-06, "prev_return": 0.0, "boundary_trend": 1, "trend_ou": -0.17513828626293357, "reversion_strength": {"s1": 0.008338960049529932, "m1": 0.001351140996985631, "m5": 0.013839264509730786, "h1": 0.04009322855887123, "d1": 0.05}}, "GOOG": {"p": 116.36364162406977, "d1_open": 119.02146768303125, "h1_open": 116.09550753836272, "m5_open": 116.18625945513308, "m1_open": 116.18625945513308, "band": {"m1": 0.0015267052211556341, "m5": 0.004059973810747253, "h1": 0.008263872879834027, "d1": 0.023990940496577864}, "garch_variance": 2.0397328892646698e-06, "prev_return": 0.0, "boundary_trend": -1, "trend_ou": -0.12584349996226568, "reversion_strength": {"s1": 0.0062823601171641975, "m1": 0.013292119646085305, "m5": 0.03312992683192555, "h1": 0.04623311401955329, "d1": 0.05}}, "AMZN": {"p": 156.4006637174339, "d1_open": 158.98498094367304, "h1_open": 156.28356493298796, "m5_open": 156.18363541362393, "m1_open": 156.18363541362393, "band": {"m1": 0.001959867565860014, "m5": 0.004931696213994223, "h1": 0.010948081755424775, "d1": 0.03549708918601031}, "garch_variance": 6.347352869690757e-06, "prev_return": -0.0005693427502069455, "boundary_trend": -1, "trend_ou": 0.05720279339819828, "reversion_strength": {"s1": 0.002645480578274048, "m1": 0.009447304871809989, "m5": 0.011715152974709363, "h1": 0.04320287271163793, "d1": 0.05}}, "MSFT": {"p": 134.38569803532275, "d1_open": 137.08846618531726, "h1_open": 133.73171007353216, "m5_open": 134.13750052716398, "m1_open": 134.13750052716398, "band": {"m1": 0.0018503215520144025, "m5": 0.004711239113733595, "h1": 0.010269249935796842, "d1": 0.032587203922316746}, "garch_variance": 4.79088606038875e-06, "prev_return": 0.0, "boundary_trend": -1, "trend_ou": -0.034039023602487166, "reversion_strength": {"s1": 0.00502554902391116, "m1": 0.0038098335627198736, "m5": 0.0032918974962767448, "h1": 0.046518504108642444, "d1": 0.05}}, "NVDA": {"p": 77.38681197969991, "d1_open": 77.58920212535816, "h1_open": 77.45406808949511, "m5_open": 77.44710105899196, "m1_open": 77.44710105899196, "band": {"m1": 0.001558798180908056, "m5": 0.0041245596463922755, "h1": 0.008462745677676641, "d1": 0.024843430033837505}, "garch_variance": 1.78095806357903e-06, "prev_return": -0.001709497865943851, "boundary_trend": 0, "trend_ou": 0.23347158474460497, "reversion_strength": {"s1": 0.0011925680738830492, "m1": 0.020956231791063703, "m5": 0.022867711633453934, "h1": 0.013888096527728985, "d1": 0.05}}}