{"AAPL": {"p": 88.40119147930739, "d1_open": 87.95021220263737, "h1_open": 87.95021220263737, "m5_open": 88.30149059203355, "m1_open": 88.37704883146195, "reversion_strength": {"s1": 0.008338960049529932, "m1": 0.001351140996985631, "m5": 0.013839264509730786, "h1": 0.04009322855887123, "d1": 0.05}, "garch_variance": 1.028624633947849e-06, "prev_return": 0.0002731404945890231, "boundary_trend": -1}, "GOOG": {"p": 167.64032746874227, "d1_open": 175.76656301755804, "h1_open": 175.76656301755804, "m5_open": 168.99784706505193, "m1_open": 167.71411936559628, "reversion_strength": {"s1": 0.0062823601171641975, "m1": 0.013292119646085305, "m5": 0.03312992683192555, "h1": 0.04623311401955329, "d1": 0.05}, "garch_variance": 1.5527946723539856e-06, "prev_return": -0.00044008301509958225, "boundary_trend": 1}, "AMZN": {"p": 170.24116505236333, "d1_open": 169.8941041712876, "h1_open": 169.8941041712876, "m5_open": 171.22826061529494, "m1_open": 170.2987679921428, "reversion_strength": {"s1": 0.002645480578274048, "m1": 0.009447304871809989, "m5": 0.011715152974709363, "h1": 0.04320287271163793, "d1": 0.05}, "garch_variance": 1.483677169153659e-06, "prev_return": -0.0003383035863893065, "boundary_trend": 0}, "MSFT": {"p": 164.550222484285, "d1_open": 164.41906387237157, "h1_open": 164.41906387237157, "m5_open": 164.63433462971946, "m1_open": 164.69259594544093, "reversion_strength": {"s1": 0.00502554902391116, "m1": 0.0038098335627198736, "m5": 0.0032918974962767448, "h1": 0.046518504108642444, "d1": 0.05}, "garch_variance": 1.365826592896671e-06, "prev_return": -0.0008648539136509807, "boundary_trend": 0}, "NVDA": {"p": 97.30430780988668, "d1_open": 97.6331941946038, "h1_open": 97.6331941946038, "m5_open": 96.9014727103917, "m1_open": 97.25277879939507, "reversion_strength": {"s1": 0.0011925680738830492, "m1": 0.020956231791063703, "m5": 0.022867711633453934, "h1": 0.013888096527728985, "d1": 0.05}, "garch_variance": 1.119766973062261e-06, "prev_return": 0.0005297058317896837, "boundary_trend": 0}}