{"AAPL": {"p": 90.00052714134381, "d1_open": 87.95021220263737, "h1_open": 90.36175952352136, "m5_open": 89.86189106115746, "m1_open": 89.66945925581285, "band": {"m1": 0.0036920919148902102, "m5": 0.00840526929128507, "h1": 0.017485510090595204, "d1": 0.05494726147583432}, "garch_variance": 6.54931005422443e-06, "prev_return": 0.007384217382660428, "boundary_trend": -1, "trend_ou": 0.07754791587331826, "reversion_strength": {"s1": 0.008338960049529932, "m1": 0.001351140996985631, "m5": 0.013839264509730786, "h1": 0.04009322855887123, "d1": 0.05}}, "GOOG": {"p": 176.08648575624287, "d1_open": 175.76656301755804, "h1_open": 175.77288560235982, "m5_open": 176.90452187702715, "m1_open": 175.47067850068228, "band": {"m1": 0.0035094595907553343, "m5": 0.008037728828796145, "h1": 0.01635377897082956, "d1": 0.05009597487928898}, "garch_variance": 5.958702908717749e-06, "prev_return": 0.0, "boundary_trend": -1, "trend_ou": 0.016972282266413088, "reversion_strength": {"s1": 0.0062823601171641975, "m1": 0.013292119646085305, "m5": 0.03312992683192555, "h1": 0.04623311401955329, "d1": 0.05}}, "AMZN": {"p": 171.4747272210238, "d1_open": 169.8941041712876, "h1_open": 168.9021703391811, "m5_open": 170.328470236243, "m1_open": 171.4121405236661, "band": {"m1": 0.0038037727179209384, "m5": 0.008630022571907694, "h1": 0.018177570714961733, "d1": 0.05791385342718169}, "garch_variance": 1.1045471876587177e-05, "prev_return": 0.004176082881436326, "boundary_trend": 0, "trend_ou": 0.082165246472932, "reversion_strength": {"s1": 0.002645480578274048, "m1": 0.009447304871809989, "m5": 0.011715152974709363, "h1": 0.04320287271163793, "d1": 0.05}}, "MSFT": {"p": 160.99657128302283, "d1_open": 164.41906387237157, "h1_open": 160.00715142749434, "m5_open": 160.2649640660283, "m1_open": 160.41130878456767, "band": {"m1": 0.0036485114602559307, "m5": 0.008317565318137734, "h1": 0.017215451890565264, "d1": 0.05378962809171062}, "garch_variance": 7.90937387787826e-06, "prev_return": 0.0, "boundary_trend": -1, "trend_ou": 0.033307212354883986, "reversion_strength": {"s1": 0.00502554902391116, "m1": 0.0038098335627198736, "m5": 0.0032918974962767448, "h1": 0.046518504108642444, "d1": 0.05}}, "NVDA": {"p": 102.01551314508438, "d1_open": 97.6331941946038, "h1_open": 100.4340456706556, "m5_open": 102.0276084895113, "m1_open": 101.71330629809857, "band": {"m1": 0.0034114326904746885, "m5": 0.00784045349741014, "h1": 0.015746328487201915, "d1": 0.04749207335372344}, "garch_variance": 6.2062872472155625e-06, "prev_return": 0.0011782570840721397, "boundary_trend": -1, "trend_ou": 0.042974640774305135, "reversion_strength": {"s1": 0.0011925680738830492, "m1": 0.020956231791063703, "m5": 0.022867711633453934, "h1": 0.013888096527728985, "d1": 0.05}}}