{"AAPL": {"p": 87.03980677459543, "d1_open": 87.95021220263737, "h1_open": 86.8359256319159, "m5_open": 86.8359256319159, "m1_open": 87.0514332136, "reversion_strength": {"s1": 0.008338960049529932, "m1": 0.001351140996985631, "m5": 0.013839264509730786, "h1": 0.04009322855887123, "d1": 0.05}, "garch_variance": 1.0874627234219416e-06, "prev_return": -0.00013356719180871346, "boundary_trend": 0}, "GOOG": {"p": 174.5144431596938, "d1_open": 175.76656301755804, "h1_open": 175.75153234700423, "m5_open": 175.75153234700423, "m1_open": 174.50601003327597, "reversion_strength": {"s1": 0.0062823601171641975, "m1": 0.013292119646085305, "m5": 0.03312992683192555, "h1": 0.04623311401955329, "d1": 0.05}, "garch_variance": 1.1166723463252544e-06, "prev_return": 4.8324539965092685e-05, "boundary_trend": 0}, "AMZN": {"p": 166.42708125456943, "d1_open": 169.8941041712876, "h1_open": 166.80472498164232, "m5_open": 166.80472498164232, "m1_open": 166.63878707080326, "reversion_strength": {"s1": 0.002645480578274048, "m1": 0.009447304871809989, "m5": 0.011715152974709363, "h1": 0.04320287271163793, "d1": 0.05}, "garch_variance": 1.294308309899427e-06, "prev_return": -0.001271255117250903, "boundary_trend": 0}, "MSFT": {"p": 163.74186613105928, "d1_open": 164.41906387237157, "h1_open": 164.04525621182805, "m5_open": 164.04525621182805, "m1_open": 163.62375217053722, "reversion_strength": {"s1": 0.00502554902391116, "m1": 0.0038098335627198736, "m5": 0.0032918974962767448, "h1": 0.046518504108642444, "d1": 0.05}, "garch_variance": 1.483683130591353e-06, "prev_return": 0.0007216027526661188, "boundary_trend": 0}, "NVDA": {"p": 96.26323832937108, "d1_open": 97.6331941946038, "h1_open": 96.51017604046937, "m5_open": 96.51017604046937, "m1_open": 96.24438834270416, "reversion_strength": {"s1": 0.0011925680738830492, "m1": 0.020956231791063703, "m5": 0.022867711633453934, "h1": 0.013888096527728985, "d1": 0.05}, "garch_variance": 1.183806552212128e-06, "prev_return": 0.00019583625909307294, "boundary_trend": 0}}