{"AAPL": {"p": 83.81323141110423, "d1_open": 81.94143766685488, "h1_open": 83.16511765564458, "m5_open": 83.65827076873106, "m1_open": 83.65935801799964, "band": {"m1": 0.0018392848899400262, "m5": 0.004689028259754896, "h1": 0.010200858242337994, "d1": 0.03229403560698347}, "garch_variance": 2.021475072447644e-06, "prev_return": 0.003678573928050898, "boundary_trend": -1, "trend_ou": -0.14449970527994677, "reversion_strength": {"s1": 0.008338960049529932, "m1": 0.001351140996985631, "m5": 0.013839264509730786, "h1": 0.04009322855887123, "d1": 0.05}}, "GOOG": {"p": 151.50484208508144, "d1_open": 151.7016903651911, "h1_open": 152.3937591816353, "m5_open": 151.85071396277704, "m1_open": 151.84457101184424, "band": {"m1": 0.002237346547848053, "m5": 0.005490111893441648, "h1": 0.012667556117284396, "d1": 0.04286780010762943}, "garch_variance": 5.807305055117228e-06, "prev_return": 0.0, "boundary_trend": 1, "trend_ou": -0.07846857426004591, "reversion_strength": {"s1": 0.0062823601171641975, "m1": 0.013292119646085305, "m5": 0.03312992683192555, "h1": 0.04623311401955329, "d1": 0.05}}, "AMZN": {"p": 169.4011778415869, "d1_open": 165.13593115049974, "h1_open": 168.6793807914225, "m5_open": 169.02915256973694, "m1_open": 169.78095971979204, "band": {"m1": 0.00223689322307955, "m5": 0.005489199594943217, "h1": 0.01266474696643826, "d1": 0.042855758381808245}, "garch_variance": 5.869109155038583e-06, "prev_return": -0.0032756540905844672, "boundary_trend": 1, "trend_ou": 0.026847260286613408, "reversion_strength": {"s1": 0.002645480578274048, "m1": 0.009447304871809989, "m5": 0.011715152974709363, "h1": 0.04320287271163793, "d1": 0.05}}, "MSFT": {"p": 161.64310216422737, "d1_open": 158.81978513575737, "h1_open": 159.9210688610481, "m5_open": 161.42080634960723, "m1_open": 161.64383992508414, "band": {"m1": 0.001930810260607197, "m5": 0.004873219515184789, "h1": 0.010768020220497058, "d1": 0.03472523614097863}, "garch_variance": 3.0020436801431404e-06, "prev_return": 0.0, "boundary_trend": -1, "trend_ou": 0.1208571287541551, "reversion_strength": {"s1": 0.00502554902391116, "m1": 0.0038098335627198736, "m5": 0.0032918974962767448, "h1": 0.046518504108642444, "d1": 0.05}}, "NVDA": {"p": 99.99981645567519, "d1_open": 100.31090827320226, "h1_open": 98.94100541546996, "m5_open": 99.48799657007388, "m1_open": 99.78342692925715, "band": {"m1": 0.002168591850142227, "m5": 0.005351745733383242, "h1": 0.012241498838583298, "d1": 0.041041459973100644}, "garch_variance": 5.341074464901742e-06, "prev_return": 0.0, "boundary_trend": -1, "trend_ou": -0.08463571299045437, "reversion_strength": {"s1": 0.0011925680738830492, "m1": 0.020956231791063703, "m5": 0.022867711633453934, "h1": 0.013888096527728985, "d1": 0.05}}}