{"AAPL": {"p": 88.24109260894818, "d1_open": 87.95021220263737, "h1_open": 87.95021220263737, "m5_open": 88.46545617074955, "m1_open": 88.28922149260079, "reversion_strength": {"s1": 0.008338960049529932, "m1": 0.001351140996985631, "m5": 0.013839264509730786, "h1": 0.04009322855887123, "d1": 0.05}, "garch_variance": 1.2663684570531112e-06, "prev_return": -0.0005452761480662015, "boundary_trend": 1}, "GOOG": {"p": 173.8996284235517, "d1_open": 175.76656301755804, "h1_open": 175.76656301755804, "m5_open": 171.46784759235103, "m1_open": 174.12493336199924, "reversion_strength": {"s1": 0.0062823601171641975, "m1": 0.013292119646085305, "m5": 0.03312992683192555, "h1": 0.04623311401955329, "d1": 0.05}, "garch_variance": 1.1997728546021688e-06, "prev_return": -0.0012947647646879864, "boundary_trend": 0}, "AMZN": {"p": 171.71209830596678, "d1_open": 169.8941041712876, "h1_open": 169.8941041712876, "m5_open": 172.51844399587085, "m1_open": 171.7801910352471, "reversion_strength": {"s1": 0.002645480578274048, "m1": 0.009447304871809989, "m5": 0.011715152974709363, "h1": 0.04320287271163793, "d1": 0.05}, "garch_variance": 1.2458009188157469e-06, "prev_return": -0.00039647312201901376, "boundary_trend": 0}, "MSFT": {"p": 164.85745096674455, "d1_open": 164.41906387237157, "h1_open": 164.41906387237157, "m5_open": 165.01536221597823, "m1_open": 164.89987184630405, "reversion_strength": {"s1": 0.00502554902391116, "m1": 0.0038098335627198736, "m5": 0.0032918974962767448, "h1": 0.046518504108642444, "d1": 0.05}, "garch_variance": 9.95645435742169e-07, "prev_return": -0.00025728544513657425, "boundary_trend": 0}, "NVDA": {"p": 96.94056675862936, "d1_open": 97.6331941946038, "h1_open": 97.6331941946038, "m5_open": 96.28938940119356, "m1_open": 96.83723235024492, "reversion_strength": {"s1": 0.0011925680738830492, "m1": 0.020956231791063703, "m5": 0.022867711633453934, "h1": 0.013888096527728985, "d1": 0.05}, "garch_variance": 1.304982558092047e-06, "prev_return": 0.0010665248408710444, "boundary_trend": 0}}