{"AAPL": {"p": 88.05515421658183, "d1_open": 87.95021220263737, "h1_open": 87.95021220263737, "m5_open": 87.88643841821613, "m1_open": 87.9635377205747, "reversion_strength": {"s1": 0.008338960049529932, "m1": 0.001351140996985631, "m5": 0.013839264509730786, "h1": 0.04009322855887123, "d1": 0.05}, "garch_variance": 1.0600984790685058e-06, "prev_return": 0.0010409860824690121, "boundary_trend": -1}, "GOOG": {"p": 176.76623690794017, "d1_open": 175.76656301755804, "h1_open": 175.76656301755804, "m5_open": 173.80655726077936, "m1_open": 176.73997343426083, "reversion_strength": {"s1": 0.0062823601171641975, "m1": 0.013292119646085305, "m5": 0.03312992683192555, "h1": 0.04623311401955329, "d1": 0.05}, "garch_variance": 1.2169831071935883e-06, "prev_return": 0.0001485884714853669, "boundary_trend": 0}, "AMZN": {"p": 172.35918715336416, "d1_open": 169.8941041712876, "h1_open": 169.8941041712876, "m5_open": 171.38253112287015, "m1_open": 172.39834829027285, "reversion_strength": {"s1": 0.002645480578274048, "m1": 0.009447304871809989, "m5": 0.011715152974709363, "h1": 0.04320287271163793, "d1": 0.05}, "garch_variance": 1.7328710193860145e-06, "prev_return": -0.00022718074618283368, "boundary_trend": 0}, "MSFT": {"p": 164.40998540518711, "d1_open": 164.41906387237157, "h1_open": 164.41906387237157, "m5_open": 164.68306588036415, "m1_open": 164.55861982004163, "reversion_strength": {"s1": 0.00502554902391116, "m1": 0.0038098335627198736, "m5": 0.0032918974962767448, "h1": 0.046518504108642444, "d1": 0.05}, "garch_variance": 1.414181321151075e-06, "prev_return": -0.0009036389649818724, "boundary_trend": 0}, "NVDA": {"p": 98.5976442428998, "d1_open": 97.6331941946038, "h1_open": 97.6331941946038, "m5_open": 98.17178464380801, "m1_open": 98.5999369749861, "reversion_strength": {"s1": 0.0011925680738830492, "m1": 0.020956231791063703, "m5": 0.022867711633453934, "h1": 0.013888096527728985, "d1": 0.05}, "garch_variance": 9.964946385446154e-07, "prev_return": -2.3253146131285484e-05, "boundary_trend": 0}}