{"AAPL": {"p": 58.7005237132116, "d1_open": 58.881026803928506, "h1_open": 58.18002329517424, "m5_open": 58.46967353015795, "m1_open": 58.5864446544646, "band": {"m1": 0.0019471920410910793, "m5": 0.004906187212463785, "h1": 0.010869534401289538, "d1": 0.03516038754402551}, "garch_variance": 3.5231662367405223e-06, "prev_return": 0.0, "boundary_trend": -1, "trend_ou": -0.18105027042913818, "reversion_strength": {"s1": 0.008338960049529932, "m1": 0.001351140996985631, "m5": 0.013839264509730786, "h1": 0.04009322855887123, "d1": 0.05}}, "GOOG": {"p": 118.07161673381738, "d1_open": 119.02146768303125, "h1_open": 117.8132584785911, "m5_open": 117.80125193698609, "m1_open": 117.80178351089639, "band": {"m1": 0.002290569929240739, "m5": 0.005597221882349448, "h1": 0.012997369348904747, "d1": 0.04428157983143383}, "garch_variance": 5.958435419622081e-06, "prev_return": 0.004581147870478289, "boundary_trend": -1, "trend_ou": -0.1398450286951344, "reversion_strength": {"s1": 0.0062823601171641975, "m1": 0.013292119646085305, "m5": 0.03312992683192555, "h1": 0.04623311401955329, "d1": 0.05}}, "AMZN": {"p": 155.57485722066775, "d1_open": 158.98498094367304, "h1_open": 156.39399479459698, "m5_open": 156.11435097121424, "m1_open": 155.86783843860024, "band": {"m1": 0.001879677173093656, "m5": 0.004770316161563038, "h1": 0.01045116006628888, "d1": 0.033366981170126785}, "garch_variance": 3.062523894118307e-06, "prev_return": 0.0, "boundary_trend": 1, "trend_ou": 0.09482334546038867, "reversion_strength": {"s1": 0.002645480578274048, "m1": 0.009447304871809989, "m5": 0.011715152974709363, "h1": 0.04320287271163793, "d1": 0.05}}, "MSFT": {"p": 133.62951253393564, "d1_open": 137.08846618531726, "h1_open": 133.29083440032448, "m5_open": 133.75608073470985, "m1_open": 133.35591263980567, "band": {"m1": 0.002051651769419084, "m5": 0.005116408360571105, "h1": 0.011516847662351481, "d1": 0.03793516513236835}, "garch_variance": 4.357232035133214e-06, "prev_return": 0.0, "boundary_trend": -1, "trend_ou": 0.007566802798995123, "reversion_strength": {"s1": 0.00502554902391116, "m1": 0.0038098335627198736, "m5": 0.0032918974962767448, "h1": 0.046518504108642444, "d1": 0.05}}, "NVDA": {"p": 76.87691684365222, "d1_open": 77.58920212535816, "h1_open": 77.08644892077346, "m5_open": 76.7406852626814, "m1_open": 76.74115933788643, "band": {"m1": 0.0017690312074653677, "m5": 0.004547645451040175, "h1": 0.00976551209476344, "d1": 0.03042787774165639}, "garch_variance": 2.4479190569290897e-06, "prev_return": 0.0035380661056927452, "boundary_trend": -1, "trend_ou": 0.24251015985536958, "reversion_strength": {"s1": 0.0011925680738830492, "m1": 0.020956231791063703, "m5": 0.022867711633453934, "h1": 0.013888096527728985, "d1": 0.05}}}