{"AAPL": {"p": 90.79062754241802, "d1_open": 87.95021220263737, "h1_open": 89.92327454616381, "m5_open": 90.69691461941774, "m1_open": 90.69674904476351, "reversion_strength": {"s1": 0.008338960049529932, "m1": 0.001351140996985631, "m5": 0.013839264509730786, "h1": 0.04009322855887123, "d1": 0.05}, "garch_variance": 1.2416212797917313e-06, "prev_return": 0.0010345458487850108, "boundary_trend": 0}, "GOOG": {"p": 174.9185794246328, "d1_open": 175.76656301755804, "h1_open": 183.39762262224193, "m5_open": 176.39020699162538, "m1_open": 174.9185794246328, "reversion_strength": {"s1": 0.0062823601171641975, "m1": 0.013292119646085305, "m5": 0.03312992683192555, "h1": 0.04623311401955329, "d1": 0.05}, "garch_variance": 3.0082632970949674e-06, "prev_return": 0.0, "boundary_trend": 1}, "AMZN": {"p": 171.54511347758856, "d1_open": 169.8941041712876, "h1_open": 168.9436681978484, "m5_open": 171.60858643486165, "m1_open": 171.6778356147326, "reversion_strength": {"s1": 0.002645480578274048, "m1": 0.009447304871809989, "m5": 0.011715152974709363, "h1": 0.04320287271163793, "d1": 0.05}, "garch_variance": 3.394614538886335e-06, "prev_return": -0.0007733873513437626, "boundary_trend": 0}, "MSFT": {"p": 162.76770789125084, "d1_open": 164.41906387237157, "h1_open": 162.58297699275926, "m5_open": 162.73664888997087, "m1_open": 162.6667894100978, "reversion_strength": {"s1": 0.00502554902391116, "m1": 0.0038098335627198736, "m5": 0.0032918974962767448, "h1": 0.046518504108642444, "d1": 0.05}, "garch_variance": 1.4770539332353524e-06, "prev_return": 0.0006202076622165795, "boundary_trend": 0}, "NVDA": {"p": 97.7782329142023, "d1_open": 97.6331941946038, "h1_open": 98.32781845318762, "m5_open": 98.38976530585748, "m1_open": 97.66176461168732, "reversion_strength": {"s1": 0.0011925680738830492, "m1": 0.020956231791063703, "m5": 0.022867711633453934, "h1": 0.013888096527728985, "d1": 0.05}, "garch_variance": 1.5999049721640309e-06, "prev_return": 0.0011918575294366796, "boundary_trend": -1}}