{"AAPL": {"p": 88.60192794558645, "d1_open": 87.95021220263737, "h1_open": 88.46025421232386, "m5_open": 88.46025421232386, "m1_open": 88.51688354624055, "reversion_strength": {"s1": 0.008338960049529932, "m1": 0.001351140996985631, "m5": 0.013839264509730786, "h1": 0.04009322855887123, "d1": 0.05}, "garch_variance": 1.1871115758132499e-06, "prev_return": 0.0009603091299587529, "boundary_trend": -1}, "GOOG": {"p": 171.99231931644712, "d1_open": 175.76656301755804, "h1_open": 171.25338368742615, "m5_open": 171.25338368742615, "m1_open": 171.87970125036006, "reversion_strength": {"s1": 0.0062823601171641975, "m1": 0.013292119646085305, "m5": 0.03312992683192555, "h1": 0.04623311401955329, "d1": 0.05}, "garch_variance": 1.361229070702506e-06, "prev_return": 0.0006549999033230826, "boundary_trend": 0}, "AMZN": {"p": 168.54886300167783, "d1_open": 169.8941041712876, "h1_open": 168.5021874081404, "m5_open": 168.5021874081404, "m1_open": 168.53096716401663, "reversion_strength": {"s1": 0.002645480578274048, "m1": 0.009447304871809989, "m5": 0.011715152974709363, "h1": 0.04320287271163793, "d1": 0.05}, "garch_variance": 1.8905557992460995e-06, "prev_return": 0.00010618159899520717, "boundary_trend": 0}, "MSFT": {"p": 164.44503751028958, "d1_open": 164.41906387237157, "h1_open": 164.11163536945244, "m5_open": 164.11163536945244, "m1_open": 164.5889456176827, "reversion_strength": {"s1": 0.00502554902391116, "m1": 0.0038098335627198736, "m5": 0.0032918974962767448, "h1": 0.046518504108642444, "d1": 0.05}, "garch_variance": 1.1155960177012791e-06, "prev_return": -0.0008747310244433384, "boundary_trend": -1}, "NVDA": {"p": 96.11740007284277, "d1_open": 97.6331941946038, "h1_open": 97.10451824378742, "m5_open": 97.10451824378742, "m1_open": 96.08260669211825, "reversion_strength": {"s1": 0.0011925680738830492, "m1": 0.020956231791063703, "m5": 0.022867711633453934, "h1": 0.013888096527728985, "d1": 0.05}, "garch_variance": 1.2495675841313935e-06, "prev_return": 0.0003620539009360821, "boundary_trend": 0}}