{"AAPL": {"p": 90.36805550079681, "d1_open": 87.95021220263737, "h1_open": 89.92327454616381, "m5_open": 90.33983162164124, "m1_open": 90.40756789799146, "reversion_strength": {"s1": 0.008338960049529932, "m1": 0.001351140996985631, "m5": 0.013839264509730786, "h1": 0.04009322855887123, "d1": 0.05}, "garch_variance": 1.3506475673482878e-06, "prev_return": -0.00043714298511021384, "boundary_trend": 0}, "GOOG": {"p": 176.56301623650663, "d1_open": 175.76656301755804, "h1_open": 183.39762262224193, "m5_open": 177.3564440630893, "m1_open": 176.33364562355086, "reversion_strength": {"s1": 0.0062823601171641975, "m1": 0.013292119646085305, "m5": 0.03312992683192555, "h1": 0.04623311401955329, "d1": 0.05}, "garch_variance": 2.9253666845267146e-06, "prev_return": 0.0012999309432193853, "boundary_trend": 0}, "AMZN": {"p": 169.88361953125553, "d1_open": 169.8941041712876, "h1_open": 168.9436681978484, "m5_open": 171.62632039862208, "m1_open": 169.9095629145447, "reversion_strength": {"s1": 0.002645480578274048, "m1": 0.009447304871809989, "m5": 0.011715152974709363, "h1": 0.04320287271163793, "d1": 0.05}, "garch_variance": 2.3306446719706063e-06, "prev_return": -0.00015270102332743318, "boundary_trend": 1}, "MSFT": {"p": 162.08208380967338, "d1_open": 164.41906387237157, "h1_open": 162.58297699275926, "m5_open": 162.24033006590386, "m1_open": 162.12039548187016, "reversion_strength": {"s1": 0.00502554902391116, "m1": 0.0038098335627198736, "m5": 0.0032918974962767448, "h1": 0.046518504108642444, "d1": 0.05}, "garch_variance": 2.4695374245485754e-06, "prev_return": -0.0002363441048250899, "boundary_trend": 0}, "NVDA": {"p": 97.30068940545151, "d1_open": 97.6331941946038, "h1_open": 98.32781845318762, "m5_open": 98.86974620631537, "m1_open": 97.29313795966712, "reversion_strength": {"s1": 0.0011925680738830492, "m1": 0.020956231791063703, "m5": 0.022867711633453934, "h1": 0.013888096527728985, "d1": 0.05}, "garch_variance": 1.4617233187135412e-06, "prev_return": 7.761238771473978e-05, "boundary_trend": 0}}