{"AAPL": {"p": 86.88747259081677, "d1_open": 87.95021220263737, "h1_open": 86.8359256319159, "m5_open": 86.8359256319159, "m1_open": 86.8359256319159, "reversion_strength": {"s1": 0.008338960049529932, "m1": 0.001351140996985631, "m5": 0.013839264509730786, "h1": 0.04009322855887123, "d1": 0.05}, "garch_variance": 1.2748692997115572e-06, "prev_return": 0.0005934371643772029, "boundary_trend": 0}, "GOOG": {"p": 175.77403417054933, "d1_open": 175.76656301755804, "h1_open": 175.75153234700423, "m5_open": 175.75153234700423, "m1_open": 175.75153234700423, "reversion_strength": {"s1": 0.0062823601171641975, "m1": 0.013292119646085305, "m5": 0.03312992683192555, "h1": 0.04623311401955329, "d1": 0.05}, "garch_variance": 1.346913122696342e-06, "prev_return": 0.00012802382369361232, "boundary_trend": 0}, "AMZN": {"p": 166.57630929186234, "d1_open": 169.8941041712876, "h1_open": 166.80472498164232, "m5_open": 166.80472498164232, "m1_open": 166.80472498164232, "reversion_strength": {"s1": 0.002645480578274048, "m1": 0.009447304871809989, "m5": 0.011715152974709363, "h1": 0.04320287271163793, "d1": 0.05}, "garch_variance": 1.1714922276447943e-06, "prev_return": -0.0013702982595840175, "boundary_trend": 0}, "MSFT": {"p": 163.8526732720783, "d1_open": 164.41906387237157, "h1_open": 164.04525621182805, "m5_open": 164.04525621182805, "m1_open": 164.04525621182805, "reversion_strength": {"s1": 0.00502554902391116, "m1": 0.0038098335627198736, "m5": 0.0032918974962767448, "h1": 0.046518504108642444, "d1": 0.05}, "garch_variance": 1.2550513972384447e-06, "prev_return": -0.0011746518936352939, "boundary_trend": 0}, "NVDA": {"p": 96.45848755862792, "d1_open": 97.6331941946038, "h1_open": 96.51017604046937, "m5_open": 96.51017604046937, "m1_open": 96.51017604046937, "reversion_strength": {"s1": 0.0011925680738830492, "m1": 0.020956231791063703, "m5": 0.022867711633453934, "h1": 0.013888096527728985, "d1": 0.05}, "garch_variance": 1.1945380194011429e-06, "prev_return": -0.0005357189308729971, "boundary_trend": 0}}