{"AAPL": {"p": 55.147791871950254, "d1_open": 55.53712856805172, "h1_open": 55.05670946032792, "m5_open": 55.14980696375372, "m1_open": 55.27161699322279, "band": {"m1": 0.0022403021298927407, "m5": 0.005496059887570149, "h1": 0.012685871189344278, "d1": 0.042946309624640217}, "garch_variance": 4.787389918998691e-06, "prev_return": 0.0, "boundary_trend": 1, "trend_ou": 0.04258168984397588, "reversion_strength": {"s1": 0.008338960049529932, "m1": 0.001351140996985631, "m5": 0.013839264509730786, "h1": 0.04009322855887123, "d1": 0.05}}, "GOOG": {"p": 97.103726325756, "d1_open": 100.24132710088554, "h1_open": 97.94485073564063, "m5_open": 97.09923733427284, "m1_open": 96.86623569649839, "band": {"m1": 0.0024517379822801043, "m5": 0.0059215663325070285, "h1": 0.013996091245484165, "d1": 0.048562708154171255}, "garch_variance": 7.064700632197938e-06, "prev_return": 0.0, "boundary_trend": -1, "trend_ou": 0.13980063108317053, "reversion_strength": {"s1": 0.0062823601171641975, "m1": 0.013292119646085305, "m5": 0.03312992683192555, "h1": 0.04623311401955329, "d1": 0.05}}, "AMZN": {"p": 131.21573446081624, "d1_open": 136.62257042864903, "h1_open": 132.1599159210106, "m5_open": 130.8403893255706, "m1_open": 130.90955298026927, "band": {"m1": 0.002338878054171642, "m5": 0.005694440108439394, "h1": 0.01329672385025498, "d1": 0.04556479494733222}, "garch_variance": 4.33531431205191e-06, "prev_return": 0.0017225471102054243, "boundary_trend": -1, "trend_ou": 0.0755997554407709, "reversion_strength": {"s1": 0.002645480578274048, "m1": 0.009447304871809989, "m5": 0.011715152974709363, "h1": 0.04320287271163793, "d1": 0.05}}, "MSFT": {"p": 151.28531072342332, "d1_open": 151.63091538707712, "h1_open": 153.24572122429387, "m5_open": 152.02622558673258, "m1_open": 151.65476974196864, "band": {"m1": 0.002436184626266032, "m5": 0.00589026580731388, "h1": 0.013899710623371945, "d1": 0.048149562299954096}, "garch_variance": 5.077442965456753e-06, "prev_return": -0.004872378891729679, "boundary_trend": 1, "trend_ou": -0.09327797423173352, "reversion_strength": {"s1": 0.00502554902391116, "m1": 0.0038098335627198736, "m5": 0.0032918974962767448, "h1": 0.046518504108642444, "d1": 0.05}}, "NVDA": {"p": 74.60091313782931, "d1_open": 75.76416089410631, "h1_open": 74.8079337476142, "m5_open": 74.86616467815547, "m1_open": 74.76717524712961, "band": {"m1": 0.002223731319937646, "m5": 0.005462711775818506, "h1": 0.012583185635761475, "d1": 0.04250613700673231}, "garch_variance": 4.646554909894026e-06, "prev_return": -0.002371290551893436, "boundary_trend": 1, "trend_ou": 0.04175552579945051, "reversion_strength": {"s1": 0.0011925680738830492, "m1": 0.020956231791063703, "m5": 0.022867711633453934, "h1": 0.013888096527728985, "d1": 0.05}}}