{"AAPL": {"p": 57.95099828715578, "d1_open": 58.881026803928506, "h1_open": 58.18002329517424, "m5_open": 57.95574319805747, "m1_open": 57.83375485258429, "band": {"m1": 0.0020272492227131986, "m5": 0.00506729918263848, "h1": 0.011365630611156372, "d1": 0.03728695705465475}, "garch_variance": 5.63860467634262e-06, "prev_return": 0.0, "boundary_trend": -1, "trend_ou": -0.184725697987239, "reversion_strength": {"s1": 0.008338960049529932, "m1": 0.001351140996985631, "m5": 0.013839264509730786, "h1": 0.04009322855887123, "d1": 0.05}}, "GOOG": {"p": 116.73471203161151, "d1_open": 119.02146768303125, "h1_open": 117.8132584785911, "m5_open": 116.47384860653564, "m1_open": 116.96508945285763, "band": {"m1": 0.0019696254867480247, "m5": 0.004951333650976414, "h1": 0.011008549379573374, "d1": 0.03575629012997461}, "garch_variance": 4.189815785310669e-06, "prev_return": -0.0027019466588888152, "boundary_trend": 1, "trend_ou": -0.13318093631259303, "reversion_strength": {"s1": 0.0062823601171641975, "m1": 0.013292119646085305, "m5": 0.03312992683192555, "h1": 0.04623311401955329, "d1": 0.05}}, "AMZN": {"p": 155.272478808972, "d1_open": 158.98498094367304, "h1_open": 156.39399479459698, "m5_open": 154.8346184811663, "m1_open": 155.47734510662747, "band": {"m1": 0.0020681288334436143, "m5": 0.005149567812276725, "h1": 0.01161895229364972, "d1": 0.0383728475647158}, "garch_variance": 5.422087236815778e-06, "prev_return": -0.0023124225118714317, "boundary_trend": 0, "trend_ou": 0.11438606675787648, "reversion_strength": {"s1": 0.002645480578274048, "m1": 0.009447304871809989, "m5": 0.011715152974709363, "h1": 0.04320287271163793, "d1": 0.05}}, "MSFT": {"p": 133.13886604045118, "d1_open": 137.08846618531726, "h1_open": 133.29083440032448, "m5_open": 133.38068513768832, "m1_open": 133.38348973921558, "band": {"m1": 0.001833987843942794, "m5": 0.004678368160318116, "h1": 0.010168033648847791, "d1": 0.032153329473119226}, "garch_variance": 3.4181077578365835e-06, "prev_return": 0.0, "boundary_trend": 1, "trend_ou": -0.021783342996063545, "reversion_strength": {"s1": 0.00502554902391116, "m1": 0.0038098335627198736, "m5": 0.0032918974962767448, "h1": 0.046518504108642444, "d1": 0.05}}, "NVDA": {"p": 77.04681052606045, "d1_open": 77.58920212535816, "h1_open": 77.08644892077346, "m5_open": 77.21247155472125, "m1_open": 76.89970630161179, "band": {"m1": 0.0019129361024045409, "m5": 0.004837248465681237, "h1": 0.010657258113222873, "d1": 0.0342504425110786}, "garch_variance": 5.504444848894927e-06, "prev_return": 0.0, "boundary_trend": -1, "trend_ou": 0.2513417910629165, "reversion_strength": {"s1": 0.0011925680738830492, "m1": 0.020956231791063703, "m5": 0.022867711633453934, "h1": 0.013888096527728985, "d1": 0.05}}}