{"AAPL": {"p": 87.99196911542546, "d1_open": 87.95021220263737, "h1_open": 87.95021220263737, "m5_open": 87.92120877263224, "m1_open": 87.92120877263224, "reversion_strength": {"s1": 0.008338960049529932, "m1": 0.001351140996985631, "m5": 0.013839264509730786, "h1": 0.04009322855887123, "d1": 0.05}, "garch_variance": 9.65121496010204e-07, "prev_return": 0.0008044917095936027, "boundary_trend": 0}, "GOOG": {"p": 176.0650271498731, "d1_open": 175.76656301755804, "h1_open": 175.76656301755804, "m5_open": 175.96515847975317, "m1_open": 175.96515847975317, "reversion_strength": {"s1": 0.0062823601171641975, "m1": 0.013292119646085305, "m5": 0.03312992683192555, "h1": 0.04623311401955329, "d1": 0.05}, "garch_variance": 1.3460848739503009e-06, "prev_return": 0.0005673869848433695, "boundary_trend": 0}, "AMZN": {"p": 170.03308747430074, "d1_open": 169.8941041712876, "h1_open": 169.8941041712876, "m5_open": 170.2593522688174, "m1_open": 170.2593522688174, "reversion_strength": {"s1": 0.002645480578274048, "m1": 0.009447304871809989, "m5": 0.011715152974709363, "h1": 0.04320287271163793, "d1": 0.05}, "garch_variance": 1.5289804282367536e-06, "prev_return": -0.0013298257700466549, "boundary_trend": 0}, "MSFT": {"p": 164.53999173333682, "d1_open": 164.41906387237157, "h1_open": 164.41906387237157, "m5_open": 164.46211409044528, "m1_open": 164.46211409044528, "reversion_strength": {"s1": 0.00502554902391116, "m1": 0.0038098335627198736, "m5": 0.0032918974962767448, "h1": 0.046518504108642444, "d1": 0.05}, "garch_variance": 1.4061359486268003e-06, "prev_return": 0.0004734173001784084, "boundary_trend": 0}, "NVDA": {"p": 98.20928015671252, "d1_open": 97.6331941946038, "h1_open": 97.6331941946038, "m5_open": 98.20183275629712, "m1_open": 98.20183275629712, "reversion_strength": {"s1": 0.0011925680738830492, "m1": 0.020956231791063703, "m5": 0.022867711633453934, "h1": 0.013888096527728985, "d1": 0.05}, "garch_variance": 1.4573048671871896e-06, "prev_return": 7.583481717014936e-05, "boundary_trend": 0}}}}