{"AAPL": {"p": 83.74182781974591, "d1_open": 81.94143766685488, "h1_open": 83.16511765564458, "m5_open": 83.5831272503324, "m1_open": 83.5831272503324, "band": {"m1": 0.0018987153823305928, "m5": 0.004808629818584328, "h1": 0.010569135533994908, "d1": 0.03387269564170722}, "garch_variance": 2.3065650750388455e-06, "prev_return": 0.0029087196511083688, "boundary_trend": -1, "trend_ou": -0.15409334205517183, "reversion_strength": {"s1": 0.008338960049529932, "m1": 0.001351140996985631, "m5": 0.013839264509730786, "h1": 0.04009322855887123, "d1": 0.05}}, "GOOG": {"p": 152.31775703075778, "d1_open": 151.7016903651911, "h1_open": 152.3937591816353, "m5_open": 152.60926836701512, "m1_open": 152.60926836701512, "band": {"m1": 0.001969922105199288, "m5": 0.00495193058409478, "h1": 0.01101038745688845, "d1": 0.03576416924515162}, "garch_variance": 2.5068573447583464e-06, "prev_return": -0.0038799921502248053, "boundary_trend": 0, "trend_ou": -0.09087720072911341, "reversion_strength": {"s1": 0.0062823601171641975, "m1": 0.013292119646085305, "m5": 0.03312992683192555, "h1": 0.04623311401955329, "d1": 0.05}}, "AMZN": {"p": 169.57064321645237, "d1_open": 165.13593115049974, "h1_open": 168.6793807914225, "m5_open": 169.21374692190642, "m1_open": 169.21374692190642, "band": {"m1": 0.002109144800810093, "m5": 0.00523211085435165, "h1": 0.011873118947312055, "d1": 0.039462360134146786}, "garch_variance": 3.3253927726422784e-06, "prev_return": 0.004218295856645948, "boundary_trend": -1, "trend_ou": 0.025296462269785627, "reversion_strength": {"s1": 0.002645480578274048, "m1": 0.009447304871809989, "m5": 0.011715152974709363, "h1": 0.04320287271163793, "d1": 0.05}}, "MSFT": {"p": 160.9543460987627, "d1_open": 158.81978513575737, "h1_open": 159.9210688610481, "m5_open": 160.63290979464585, "m1_open": 160.63290979464585, "band": {"m1": 0.002001061330008794, "m5": 0.005014597065191412, "h1": 0.011203350175450091, "d1": 0.03659132459490013}, "garch_variance": 2.697768525299579e-06, "prev_return": 0.0, "boundary_trend": -1, "trend_ou": 0.1274907297353822, "reversion_strength": {"s1": 0.00502554902391116, "m1": 0.0038098335627198736, "m5": 0.0032918974962767448, "h1": 0.046518504108642444, "d1": 0.05}}, "NVDA": {"p": 99.07827330675032, "d1_open": 100.31090827320226, "h1_open": 98.94100541546996, "m5_open": 99.18958752287226, "m1_open": 99.18958752287226, "band": {"m1": 0.00199230050825697, "m5": 0.0049969662515131595, "h1": 0.011149061348659842, "d1": 0.036358609727251856}, "garch_variance": 3.225318271645079e-06, "prev_return": -0.003113185598166035, "boundary_trend": 0, "trend_ou": -0.09282376835666248, "reversion_strength": {"s1": 0.0011925680738830492, "m1": 0.020956231791063703, "m5": 0.022867711633453934, "h1": 0.013888096527728985, "d1": 0.05}}}