{"AAPL": {"p": 89.7039705115156, "d1_open": 87.95021220263737, "h1_open": 90.36175952352136, "m5_open": 89.50903370982631, "m1_open": 89.49848506319078, "band": {"m1": 0.003413209689982689, "m5": 0.007844029639936427, "h1": 0.015757340150403042, "d1": 0.0475392760268322}, "garch_variance": 9.219215200423499e-06, "prev_return": 0.005567224999192527, "boundary_trend": 0, "trend_ou": 0.0731164768745621, "reversion_strength": {"s1": 0.008338960049529932, "m1": 0.001351140996985631, "m5": 0.013839264509730786, "h1": 0.04009322855887123, "d1": 0.05}}, "GOOG": {"p": 176.4420083629544, "d1_open": 175.76656301755804, "h1_open": 175.77288560235982, "m5_open": 174.72422780194574, "m1_open": 176.32670573791552, "band": {"m1": 0.004400732826151598, "m5": 0.00983138161558114, "h1": 0.021876797207005763, "d1": 0.07377098378704558}, "garch_variance": 1.1068638861585151e-05, "prev_return": 0.0032151167429097047, "boundary_trend": -1, "trend_ou": -0.014664422814657385, "reversion_strength": {"s1": 0.0062823601171641975, "m1": 0.013292119646085305, "m5": 0.03312992683192555, "h1": 0.04623311401955329, "d1": 0.05}}, "AMZN": {"p": 170.2038936340742, "d1_open": 169.8941041712876, "h1_open": 168.9021703391811, "m5_open": 169.64659204457132, "m1_open": 169.567682182733, "band": {"m1": 0.003751961713173492, "m5": 0.008525754936169626, "h1": 0.01785650966130232, "d1": 0.05653759085112638}, "garch_variance": 1.0044308223388704e-05, "prev_return": 0.00216617252238185, "boundary_trend": -1, "trend_ou": 0.06100488026015546, "reversion_strength": {"s1": 0.002645480578274048, "m1": 0.009447304871809989, "m5": 0.011715152974709363, "h1": 0.04320287271163793, "d1": 0.05}}, "MSFT": {"p": 160.3151046511867, "d1_open": 164.41906387237157, "h1_open": 160.00715142749434, "m5_open": 159.09628183682773, "m1_open": 160.16957030789618, "band": {"m1": 0.003322218426801563, "m5": 0.007660913255088013, "h1": 0.015193487915281639, "d1": 0.04512226306067552}, "garch_variance": 6.1271440199945716e-06, "prev_return": 0.0, "boundary_trend": -1, "trend_ou": 0.005580113618948956, "reversion_strength": {"s1": 0.00502554902391116, "m1": 0.0038098335627198736, "m5": 0.0032918974962767448, "h1": 0.046518504108642444, "d1": 0.05}}, "NVDA": {"p": 101.82829056094205, "d1_open": 97.6331941946038, "h1_open": 100.4340456706556, "m5_open": 101.38461260914282, "m1_open": 102.07401486220786, "band": {"m1": 0.0038117427218445697, "m5": 0.008646061895406456, "h1": 0.018226959022906424, "d1": 0.058125561696198584}, "garch_variance": 6.6514588186203806e-06, "prev_return": 0.0014088087425736698, "boundary_trend": 1, "trend_ou": 0.04020835104917114, "reversion_strength": {"s1": 0.0011925680738830492, "m1": 0.020956231791063703, "m5": 0.022867711633453934, "h1": 0.013888096527728985, "d1": 0.05}}}