{"AAPL": {"p": 90.2527983233491, "d1_open": 87.95021220263737, "h1_open": 89.92327454616381, "m5_open": 90.30457706023275, "m1_open": 90.24021053414137, "reversion_strength": {"s1": 0.008338960049529932, "m1": 0.001351140996985631, "m5": 0.013839264509730786, "h1": 0.04009322855887123, "d1": 0.05}, "garch_variance": 2.0131169161788555e-06, "prev_return": 0.00013948229139526227, "boundary_trend": 0}, "GOOG": {"p": 176.09469389156226, "d1_open": 175.76656301755804, "h1_open": 183.39762262224193, "m5_open": 176.8991612351268, "m1_open": 176.55714958291864, "reversion_strength": {"s1": 0.0062823601171641975, "m1": 0.013292119646085305, "m5": 0.03312992683192555, "h1": 0.04623311401955329, "d1": 0.05}, "garch_variance": 1.9510692072876613e-06, "prev_return": -0.0026227338095978782, "boundary_trend": 0}, "AMZN": {"p": 169.17660071497977, "d1_open": 169.8941041712876, "h1_open": 168.9436681978484, "m5_open": 168.5484536614515, "m1_open": 168.99531367428494, "reversion_strength": {"s1": 0.002645480578274048, "m1": 0.009447304871809989, "m5": 0.011715152974709363, "h1": 0.04320287271163793, "d1": 0.05}, "garch_variance": 2.5153660502589197e-06, "prev_return": 0.0010721591613448232, "boundary_trend": 0}, "MSFT": {"p": 161.49497000259194, "d1_open": 164.41906387237157, "h1_open": 162.58297699275926, "m5_open": 161.8878535713971, "m1_open": 161.46428091219155, "reversion_strength": {"s1": 0.00502554902391116, "m1": 0.0038098335627198736, "m5": 0.0032918974962767448, "h1": 0.046518504108642444, "d1": 0.05}, "garch_variance": 1.589069508086442e-06, "prev_return": 0.00019004930439884304, "boundary_trend": 1}, "NVDA": {"p": 97.22052657513697, "d1_open": 97.6331941946038, "h1_open": 98.32781845318762, "m5_open": 96.98462954042147, "m1_open": 97.33660710519072, "reversion_strength": {"s1": 0.0011925680738830492, "m1": 0.020956231791063703, "m5": 0.022867711633453934, "h1": 0.013888096527728985, "d1": 0.05}, "garch_variance": 1.3820419476182882e-06, "prev_return": -0.0011932797490587675, "boundary_trend": 1}}