{"AAPL": {"p": 88.35187433691739, "d1_open": 87.95021220263737, "h1_open": 86.8359256319159, "m5_open": 88.35899574781406, "m1_open": 88.35899574781406, "reversion_strength": {"s1": 0.008338960049529932, "m1": 0.001351140996985631, "m5": 0.013839264509730786, "h1": 0.04009322855887123, "d1": 0.05}, "garch_variance": 9.476273131850518e-07, "prev_return": -8.059957938201309e-05, "boundary_trend": 0}, "GOOG": {"p": 173.5559970957657, "d1_open": 175.76656301755804, "h1_open": 175.75153234700423, "m5_open": 173.39562003928023, "m1_open": 173.39562003928023, "reversion_strength": {"s1": 0.0062823601171641975, "m1": 0.013292119646085305, "m5": 0.03312992683192555, "h1": 0.04623311401955329, "d1": 0.05}, "garch_variance": 1.3608965643478163e-06, "prev_return": 0.0009244924075146297, "boundary_trend": 0}, "AMZN": {"p": 168.3636871054595, "d1_open": 169.8941041712876, "h1_open": 166.80472498164232, "m5_open": 168.24357809292263, "m1_open": 168.24357809292263, "reversion_strength": {"s1": 0.002645480578274048, "m1": 0.009447304871809989, "m5": 0.011715152974709363, "h1": 0.04320287271163793, "d1": 0.05}, "garch_variance": 1.9055927542183928e-06, "prev_return": 0.0007136448321374293, "boundary_trend": 0}, "MSFT": {"p": 164.2678586349582, "d1_open": 164.41906387237157, "h1_open": 164.04525621182805, "m5_open": 164.4659852367981, "m1_open": 164.4659852367981, "reversion_strength": {"s1": 0.00502554902391116, "m1": 0.0038098335627198736, "m5": 0.0032918974962767448, "h1": 0.046518504108642444, "d1": 0.05}, "garch_variance": 1.4655637833404956e-06, "prev_return": -0.001205392322833324, "boundary_trend": 0}, "NVDA": {"p": 95.39024724223707, "d1_open": 97.6331941946038, "h1_open": 96.51017604046937, "m5_open": 95.41022629582449, "m1_open": 95.41022629582449, "reversion_strength": {"s1": 0.0011925680738830492, "m1": 0.020956231791063703, "m5": 0.022867711633453934, "h1": 0.013888096527728985, "d1": 0.05}, "garch_variance": 1.2542989115727471e-06, "prev_return": -0.00020942352280329526, "boundary_trend": 1}}