{"AAPL": {"p": 83.00335076739168, "d1_open": 81.94143766685488, "h1_open": 83.16511765564458, "m5_open": 83.42034438618171, "m1_open": 83.10385326498333, "band": {"m1": 0.001993164059757607, "m5": 0.004998704115384905, "h1": 0.011154412581588734, "d1": 0.03638154836005035}, "garch_variance": 5.61598798664173e-06, "prev_return": 0.0, "boundary_trend": 1, "trend_ou": -0.13152574708454087, "reversion_strength": {"s1": 0.008338960049529932, "m1": 0.001351140996985631, "m5": 0.013839264509730786, "h1": 0.04009322855887123, "d1": 0.05}}, "GOOG": {"p": 152.70215857621352, "d1_open": 151.7016903651911, "h1_open": 152.3937591816353, "m5_open": 152.94399833500157, "m1_open": 153.0445370072654, "band": {"m1": 0.002237116317556904, "m5": 0.005489648563918308, "h1": 0.012666129432350936, "d1": 0.042861684469935726}, "garch_variance": 6.7473511231570905e-06, "prev_return": 0.0, "boundary_trend": 1, "trend_ou": -0.0836927026659045, "reversion_strength": {"s1": 0.0062823601171641975, "m1": 0.013292119646085305, "m5": 0.03312992683192555, "h1": 0.04623311401955329, "d1": 0.05}}, "AMZN": {"p": 170.25533892330782, "d1_open": 165.13593115049974, "h1_open": 168.6793807914225, "m5_open": 170.73893533357165, "m1_open": 170.60478261887326, "band": {"m1": 0.0020482643581339987, "m5": 0.005109591326860025, "h1": 0.011495856642361258, "d1": 0.03784518487809428}, "garch_variance": 2.8757934507544516e-06, "prev_return": 0.0, "boundary_trend": 1, "trend_ou": 0.030774741585659564, "reversion_strength": {"s1": 0.002645480578274048, "m1": 0.009447304871809989, "m5": 0.011715152974709363, "h1": 0.04320287271163793, "d1": 0.05}}, "MSFT": {"p": 161.48962215750498, "d1_open": 158.81978513575737, "h1_open": 159.9210688610481, "m5_open": 161.55036964922772, "m1_open": 161.5110634740767, "band": {"m1": 0.0017759355479742098, "m5": 0.004561540168285994, "h1": 0.009808296728055105, "d1": 0.030611278652350568}, "garch_variance": 1.7248178152545956e-06, "prev_return": 0.0016447511025866363, "boundary_trend": -1, "trend_ou": 0.11721595240252211, "reversion_strength": {"s1": 0.00502554902391116, "m1": 0.0038098335627198736, "m5": 0.0032918974962767448, "h1": 0.046518504108642444, "d1": 0.05}}, "NVDA": {"p": 100.03514319099929, "d1_open": 100.31090827320226, "h1_open": 98.94100541546996, "m5_open": 99.59185296574145, "m1_open": 99.99383106529635, "band": {"m1": 0.0019776840595468605, "m5": 0.004967551215898258, "h1": 0.01105848652876392, "d1": 0.03597035106574524}, "garch_variance": 2.7583814399382633e-06, "prev_return": 0.0, "boundary_trend": -1, "trend_ou": -0.07497115481542471, "reversion_strength": {"s1": 0.0011925680738830492, "m1": 0.020956231791063703, "m5": 0.022867711633453934, "h1": 0.013888096527728985, "d1": 0.05}}}