{"AAPL": {"p": 83.26459261661162, "d1_open": 81.94143766685488, "h1_open": 83.16511765564458, "m5_open": 83.42034438618171, "m1_open": 83.42034438618171, "band": {"m1": 0.0018670717642817409, "m5": 0.004744948265674183, "h1": 0.010373047204847784, "d1": 0.03303214202758783}, "garch_variance": 3.7432240523479654e-06, "prev_return": -0.0037341478675935787, "boundary_trend": 1, "trend_ou": -0.13590869404224806, "reversion_strength": {"s1": 0.008338960049529932, "m1": 0.001351140996985631, "m5": 0.013839264509730786, "h1": 0.04009322855887123, "d1": 0.05}}, "GOOG": {"p": 153.27961409944035, "d1_open": 151.7016903651911, "h1_open": 152.3937591816353, "m5_open": 152.94399833500157, "m1_open": 152.94399833500157, "band": {"m1": 0.0021943702799221685, "m5": 0.0054036238225902795, "h1": 0.012401241925349842, "d1": 0.041726215815002195}, "garch_variance": 4.991896983475211e-06, "prev_return": 0.004388747604174964, "boundary_trend": -1, "trend_ou": -0.08218357438988846, "reversion_strength": {"s1": 0.0062823601171641975, "m1": 0.013292119646085305, "m5": 0.03312992683192555, "h1": 0.04623311401955329, "d1": 0.05}}, "AMZN": {"p": 170.7004982885846, "d1_open": 165.13593115049974, "h1_open": 168.6793807914225, "m5_open": 170.73893533357165, "m1_open": 170.73893533357165, "band": {"m1": 0.0021267165115675855, "m5": 0.005267473240112895, "h1": 0.011982006856317083, "d1": 0.0399291198125334}, "garch_variance": 3.4546932912039038e-06, "prev_return": 0.0, "boundary_trend": -1, "trend_ou": 0.028742353284760665, "reversion_strength": {"s1": 0.002645480578274048, "m1": 0.009447304871809989, "m5": 0.011715152974709363, "h1": 0.04320287271163793, "d1": 0.05}}, "MSFT": {"p": 161.2566252072871, "d1_open": 158.81978513575737, "h1_open": 159.9210688610481, "m5_open": 161.55036964922772, "m1_open": 161.55036964922772, "band": {"m1": 0.0018182839357063876, "m5": 0.004646764654621995, "h1": 0.01007072008873584, "d1": 0.031736184480295325}, "garch_variance": 1.9845271374671945e-06, "prev_return": 0.0, "boundary_trend": 1, "trend_ou": 0.12171514268604117, "reversion_strength": {"s1": 0.00502554902391116, "m1": 0.0038098335627198736, "m5": 0.0032918974962767448, "h1": 0.046518504108642444, "d1": 0.05}}, "NVDA": {"p": 99.79382896876848, "d1_open": 100.31090827320226, "h1_open": 98.94100541546996, "m5_open": 99.59185296574145, "m1_open": 99.59185296574145, "band": {"m1": 0.002028037404791625, "m5": 0.005068885368473887, "h1": 0.011370514796858012, "d1": 0.03730789363951627}, "garch_variance": 3.2773339531354077e-06, "prev_return": 0.0, "boundary_trend": -1, "trend_ou": -0.07855333601968291, "reversion_strength": {"s1": 0.0011925680738830492, "m1": 0.020956231791063703, "m5": 0.022867711633453934, "h1": 0.013888096527728985, "d1": 0.05}}}