{"AAPL": {"p": 89.12830587441829, "d1_open": 87.95021220263737, "h1_open": 89.17288531883615, "m5_open": 89.17288531883615, "m1_open": 89.22018467753402, "reversion_strength": {"s1": 0.008338960049529932, "m1": 0.001351140996985631, "m5": 0.013839264509730786, "h1": 0.04009322855887123, "d1": 0.05}, "garch_variance": 1.0695308147227887e-06, "prev_return": -0.0010303290031715684, "boundary_trend": 0}, "GOOG": {"p": 180.26229887300363, "d1_open": 175.76656301755804, "h1_open": 176.0396410021823, "m5_open": 176.0396410021823, "m1_open": 180.05152254309692, "reversion_strength": {"s1": 0.0062823601171641975, "m1": 0.013292119646085305, "m5": 0.03312992683192555, "h1": 0.04623311401955329, "d1": 0.05}, "garch_variance": 1.9381946081320718e-06, "prev_return": 0.001169959859552343, "boundary_trend": 0}, "AMZN": {"p": 162.51273723579232, "d1_open": 169.8941041712876, "h1_open": 162.3870609310141, "m5_open": 162.3870609310141, "m1_open": 162.654385553909, "reversion_strength": {"s1": 0.002645480578274048, "m1": 0.009447304871809989, "m5": 0.011715152974709363, "h1": 0.04320287271163793, "d1": 0.05}, "garch_variance": 1.4261048963022908e-06, "prev_return": -0.0008712340033720168, "boundary_trend": 0}, "MSFT": {"p": 164.5516190931238, "d1_open": 164.41906387237157, "h1_open": 164.33550431317852, "m5_open": 164.33550431317852, "m1_open": 164.40854303948103, "reversion_strength": {"s1": 0.00502554902391116, "m1": 0.0038098335627198736, "m5": 0.0032918974962767448, "h1": 0.046518504108642444, "d1": 0.05}, "garch_variance": 1.9939783583985776e-06, "prev_return": 0.0008698686293015974, "boundary_trend": 0}, "NVDA": {"p": 96.7672617274607, "d1_open": 97.6331941946038, "h1_open": 98.01165686841159, "m5_open": 98.01165686841159, "m1_open": 96.69363874566005, "reversion_strength": {"s1": 0.0011925680738830492, "m1": 0.020956231791063703, "m5": 0.022867711633453934, "h1": 0.013888096527728985, "d1": 0.05}, "garch_variance": 1.2373866260878074e-06, "prev_return": 0.0007611148834180974, "boundary_trend": 0}}