{"AAPL": {"p": 89.85956738652098, "d1_open": 87.95021220263737, "h1_open": 90.36175952352136, "m5_open": 90.04509242433437, "m1_open": 89.52015319814541, "band": {"m1": 0.0037914835514670595, "m5": 0.008605291101487781, "h1": 0.018101417535738306, "d1": 0.05758741467225249}, "garch_variance": 8.554935331858785e-06, "prev_return": 0.0, "boundary_trend": -1, "trend_ou": 0.07459130671836788, "reversion_strength": {"s1": 0.008338960049529932, "m1": 0.001351140996985631, "m5": 0.013839264509730786, "h1": 0.04009322855887123, "d1": 0.05}}, "GOOG": {"p": 178.97466290729753, "d1_open": 175.76656301755804, "h1_open": 175.77288560235982, "m5_open": 177.51126941916402, "m1_open": 178.25442088647537, "band": {"m1": 0.004040528236216242, "m5": 0.009106483861568539, "h1": 0.0196446910021304, "d1": 0.06420282159316702}, "garch_variance": 8.586341531823663e-06, "prev_return": 0.0021226305538970757, "boundary_trend": -1, "trend_ou": 0.01945069485406927, "reversion_strength": {"s1": 0.0062823601171641975, "m1": 0.013292119646085305, "m5": 0.03312992683192555, "h1": 0.04623311401955329, "d1": 0.05}}, "AMZN": {"p": 170.7710956902623, "d1_open": 169.8941041712876, "h1_open": 168.9021703391811, "m5_open": 170.31451053171568, "m1_open": 170.23098228070697, "band": {"m1": 0.003172826722368889, "m5": 0.007360268249340599, "h1": 0.014267741381954782, "d1": 0.041153951444523384}, "garch_variance": 3.2379131281703444e-06, "prev_return": 0.00634567473840321, "boundary_trend": -1, "trend_ou": 0.0767174096776013, "reversion_strength": {"s1": 0.002645480578274048, "m1": 0.009447304871809989, "m5": 0.011715152974709363, "h1": 0.04320287271163793, "d1": 0.05}}, "MSFT": {"p": 161.46367192241152, "d1_open": 164.41906387237157, "h1_open": 160.00715142749434, "m5_open": 161.75082202015346, "m1_open": 162.07726955055682, "band": {"m1": 0.003785833941099863, "m5": 0.008593921479943084, "h1": 0.018066408180754764, "d1": 0.057437343324368624}, "garch_variance": 1.0374645071496317e-05, "prev_return": 0.0, "boundary_trend": 1, "trend_ou": 0.015330462846171494, "reversion_strength": {"s1": 0.00502554902391116, "m1": 0.0038098335627198736, "m5": 0.0032918974962767448, "h1": 0.046518504108642444, "d1": 0.05}}, "NVDA": {"p": 101.70890649179768, "d1_open": 97.6331941946038, "h1_open": 100.4340456706556, "m5_open": 100.86520081295372, "m1_open": 101.50485416853142, "band": {"m1": 0.0036719256478980437, "m5": 0.008364685461822863, "h1": 0.017360544304649873, "d1": 0.05441158225680843}, "garch_variance": 8.777038289321259e-06, "prev_return": 0.0, "boundary_trend": -1, "trend_ou": 0.03863677580777121, "reversion_strength": {"s1": 0.0011925680738830492, "m1": 0.020956231791063703, "m5": 0.022867711633453934, "h1": 0.013888096527728985, "d1": 0.05}}}