{"AAPL": {"p": 57.47279257461304, "d1_open": 58.881026803928506, "h1_open": 57.95099828715578, "m5_open": 57.6615337301786, "m1_open": 57.34323256830464, "band": {"m1": 0.0022593774453519345, "m5": 0.005534448219423258, "h1": 0.012804076595899655, "d1": 0.043453009753713315}, "garch_variance": 9.528920021761873e-06, "prev_return": 0.0, "boundary_trend": -1, "trend_ou": -0.19323530019651183, "reversion_strength": {"s1": 0.008338960049529932, "m1": 0.001351140996985631, "m5": 0.013839264509730786, "h1": 0.04009322855887123, "d1": 0.05}}, "GOOG": {"p": 115.59168645204936, "d1_open": 119.02146768303125, "h1_open": 116.73471203161151, "m5_open": 115.57967153985398, "m1_open": 115.5922164547519, "band": {"m1": 0.001773249382480494, "m5": 0.004556134364507508, "h1": 0.009791651169299398, "d1": 0.03053992568283931}, "garch_variance": 3.4617337718382353e-06, "prev_return": -0.0006746824965023973, "boundary_trend": 1, "trend_ou": -0.09517312618271412, "reversion_strength": {"s1": 0.0062823601171641975, "m1": 0.013292119646085305, "m5": 0.03312992683192555, "h1": 0.04623311401955329, "d1": 0.05}}, "AMZN": {"p": 155.14219211095718, "d1_open": 158.98498094367304, "h1_open": 155.272478808972, "m5_open": 154.59679921139377, "m1_open": 154.86740748589148, "band": {"m1": 0.0017743218507143938, "m5": 0.004558292665194746, "h1": 0.009798297011874166, "d1": 0.030568413798472645}, "garch_variance": 3.0556682495347308e-06, "prev_return": 0.0035486474254038903, "boundary_trend": -1, "trend_ou": 0.10839016085317876, "reversion_strength": {"s1": 0.002645480578274048, "m1": 0.009447304871809989, "m5": 0.011715152974709363, "h1": 0.04320287271163793, "d1": 0.05}}, "MSFT": {"p": 133.6097179296978, "d1_open": 137.08846618531726, "h1_open": 133.13886604045118, "m5_open": 133.28519796425596, "m1_open": 133.53306643211542, "band": {"m1": 0.0018533947631914406, "m5": 0.004717423831924557, "h1": 0.010288293928929715, "d1": 0.032668838037537805}, "garch_variance": 4.444198982106107e-06, "prev_return": -0.001277817695034052, "boundary_trend": -1, "trend_ou": -0.015601509398528881, "reversion_strength": {"s1": 0.00502554902391116, "m1": 0.0038098335627198736, "m5": 0.0032918974962767448, "h1": 0.046518504108642444, "d1": 0.05}}, "NVDA": {"p": 77.52504242623208, "d1_open": 77.58920212535816, "h1_open": 77.04681052606045, "m5_open": 77.66098322823717, "m1_open": 77.65755036724671, "band": {"m1": 0.0017063111106131517, "m5": 0.004421423690934942, "h1": 0.009376849869833602, "d1": 0.02876183550825377}, "garch_variance": 2.7389427117408025e-06, "prev_return": 0.0, "boundary_trend": 1, "trend_ou": 0.24356580922962429, "reversion_strength": {"s1": 0.0011925680738830492, "m1": 0.020956231791063703, "m5": 0.022867711633453934, "h1": 0.013888096527728985, "d1": 0.05}}}