{"AAPL": {"p": 87.76068164158053, "d1_open": 87.95021220263737, "h1_open": 86.8359256319159, "m5_open": 87.8551567812688, "m1_open": 87.8551567812688, "reversion_strength": {"s1": 0.008338960049529932, "m1": 0.001351140996985631, "m5": 0.013839264509730786, "h1": 0.04009322855887123, "d1": 0.05}, "garch_variance": 1.0397650375210721e-06, "prev_return": -0.001075929707145096, "boundary_trend": 0}, "GOOG": {"p": 175.80736179052693, "d1_open": 175.76656301755804, "h1_open": 175.75153234700423, "m5_open": 175.5295790680507, "m1_open": 175.5295790680507, "reversion_strength": {"s1": 0.0062823601171641975, "m1": 0.013292119646085305, "m5": 0.03312992683192555, "h1": 0.04623311401955329, "d1": 0.05}, "garch_variance": 1.403356843121343e-06, "prev_return": 0.001581289913208875, "boundary_trend": 0}, "AMZN": {"p": 168.78843920070832, "d1_open": 169.8941041712876, "h1_open": 166.80472498164232, "m5_open": 168.84608244383088, "m1_open": 168.84608244383088, "reversion_strength": {"s1": 0.002645480578274048, "m1": 0.009447304871809989, "m5": 0.011715152974709363, "h1": 0.04320287271163793, "d1": 0.05}, "garch_variance": 1.2044540055580969e-06, "prev_return": -0.00034145349475424736, "boundary_trend": 0}, "MSFT": {"p": 164.64751230684982, "d1_open": 164.41906387237157, "h1_open": 164.04525621182805, "m5_open": 164.48548909166684, "m1_open": 164.48548909166684, "reversion_strength": {"s1": 0.00502554902391116, "m1": 0.0038098335627198736, "m5": 0.0032918974962767448, "h1": 0.046518504108642444, "d1": 0.05}, "garch_variance": 1.3767093428767692e-06, "prev_return": 0.0009845456249136378, "boundary_trend": 0}, "NVDA": {"p": 95.7536542163446, "d1_open": 97.6331941946038, "h1_open": 96.51017604046937, "m5_open": 95.77286922788304, "m1_open": 95.77286922788304, "reversion_strength": {"s1": 0.0011925680738830492, "m1": 0.020956231791063703, "m5": 0.022867711633453934, "h1": 0.013888096527728985, "d1": 0.05}, "garch_variance": 1.2194193923220082e-06, "prev_return": -0.00020065118143800542, "boundary_trend": 0}}