{"AAPL": {"p": 89.86189106115746, "d1_open": 87.95021220263737, "h1_open": 90.36175952352136, "m5_open": 90.11412600738124, "m1_open": 90.11409197526442, "band": {"m1": 0.003933560294061002, "m5": 0.008891215030503396, "h1": 0.018981834908457885, "d1": 0.06136141798898077}, "garch_variance": 1.0651612663217868e-05, "prev_return": 0.0011387089318719006, "boundary_trend": 1, "trend_ou": 0.07246819011867384, "reversion_strength": {"s1": 0.008338960049529932, "m1": 0.001351140996985631, "m5": 0.013839264509730786, "h1": 0.04009322855887123, "d1": 0.05}}, "GOOG": {"p": 176.90452187702715, "d1_open": 175.76656301755804, "h1_open": 175.77288560235982, "m5_open": 178.10995364395154, "m1_open": 177.2610650108313, "band": {"m1": 0.003507461244011021, "m5": 0.008033707233549537, "h1": 0.01634139566897248, "d1": 0.05004289253024777}, "garch_variance": 1.0434524498809748e-05, "prev_return": 0.0012752372649416348, "boundary_trend": 1, "trend_ou": 0.02135243173322994, "reversion_strength": {"s1": 0.0062823601171641975, "m1": 0.013292119646085305, "m5": 0.03312992683192555, "h1": 0.04623311401955329, "d1": 0.05}}, "AMZN": {"p": 170.328470236243, "d1_open": 169.8941041712876, "h1_open": 168.9021703391811, "m5_open": 171.3264080928302, "m1_open": 170.1029772925418, "band": {"m1": 0.0036751274041365582, "m5": 0.008371128871959897, "h1": 0.017380384862394488, "d1": 0.05449663093150985}, "garch_variance": 1.3062342783868366e-05, "prev_return": -0.0023436424063721477, "boundary_trend": -1, "trend_ou": 0.0689790247611153, "reversion_strength": {"s1": 0.002645480578274048, "m1": 0.009447304871809989, "m5": 0.011715152974709363, "h1": 0.04320287271163793, "d1": 0.05}}, "MSFT": {"p": 160.2649640660283, "d1_open": 164.41906387237157, "h1_open": 160.00715142749434, "m5_open": 159.64342077039723, "m1_open": 160.46132512015433, "band": {"m1": 0.0037704176994189944, "m5": 0.008562896892022697, "h1": 0.017970877225088985, "d1": 0.05702783965633082}, "garch_variance": 1.035076460208538e-05, "prev_return": 0.001192419179373404, "boundary_trend": 0, "trend_ou": 0.01955285910970528, "reversion_strength": {"s1": 0.00502554902391116, "m1": 0.0038098335627198736, "m5": 0.0032918974962767448, "h1": 0.046518504108642444, "d1": 0.05}}, "NVDA": {"p": 102.0276084895113, "d1_open": 97.6331941946038, "h1_open": 100.4340456706556, "m5_open": 102.13745261585665, "m1_open": 101.9822698371538, "band": {"m1": 0.0034308671143376433, "m5": 0.00787956452098514, "h1": 0.015866759207144893, "d1": 0.04800831252685199}, "garch_variance": 4.852076852370528e-06, "prev_return": 0.0038812411112217273, "boundary_trend": -1, "trend_ou": 0.03826203047554342, "reversion_strength": {"s1": 0.0011925680738830492, "m1": 0.020956231791063703, "m5": 0.022867711633453934, "h1": 0.013888096527728985, "d1": 0.05}}}