{"AAPL": {"p": 83.42404430784512, "d1_open": 81.94143766685488, "h1_open": 83.16511765564458, "m5_open": 83.16810922911434, "m1_open": 83.59405636559681, "band": {"m1": 0.0020337816484002893, "m5": 0.005080445435743351, "h1": 0.011406110572590677, "d1": 0.03746047874271753}, "garch_variance": 3.372446403905348e-06, "prev_return": -0.00199498646333569, "boundary_trend": 1, "trend_ou": -0.14019894091828508, "reversion_strength": {"s1": 0.008338960049529932, "m1": 0.001351140996985631, "m5": 0.013839264509730786, "h1": 0.04009322855887123, "d1": 0.05}}, "GOOG": {"p": 151.33992678651268, "d1_open": 151.7016903651911, "h1_open": 152.3937591816353, "m5_open": 152.1814608201639, "m1_open": 151.33221537826532, "band": {"m1": 0.0022570709643559973, "m5": 0.005529806515957103, "h1": 0.01278978385592268, "d1": 0.04339174239376605}, "garch_variance": 4.974205109847261e-06, "prev_return": -0.0022035720856493925, "boundary_trend": 1, "trend_ou": -0.07688189884306472, "reversion_strength": {"s1": 0.0062823601171641975, "m1": 0.013292119646085305, "m5": 0.03312992683192555, "h1": 0.04623311401955329, "d1": 0.05}}, "AMZN": {"p": 170.4960284504229, "d1_open": 165.13593115049974, "h1_open": 168.6793807914225, "m5_open": 170.2410548891395, "m1_open": 170.15973616378395, "band": {"m1": 0.001976332910596933, "m5": 0.00496483208108847, "h1": 0.01105011376495382, "d1": 0.03593446031736996}, "garch_variance": 4.563276265168021e-06, "prev_return": 0.0017457513268120627, "boundary_trend": -1, "trend_ou": 0.02395094464885633, "reversion_strength": {"s1": 0.002645480578274048, "m1": 0.009447304871809989, "m5": 0.011715152974709363, "h1": 0.04320287271163793, "d1": 0.05}}, "MSFT": {"p": 161.02515534656672, "d1_open": 158.81978513575737, "h1_open": 159.9210688610481, "m5_open": 160.9242679924454, "m1_open": 161.27343490775075, "band": {"m1": 0.001678684852528845, "m5": 0.0043658269189985255, "h1": 0.009205656209867926, "d1": 0.028027995558551753}, "garch_variance": 1.4469911199468619e-06, "prev_return": -0.002283319141202092, "boundary_trend": 0, "trend_ou": 0.1238618102764263, "reversion_strength": {"s1": 0.00502554902391116, "m1": 0.0038098335627198736, "m5": 0.0032918974962767448, "h1": 0.046518504108642444, "d1": 0.05}}, "NVDA": {"p": 99.51066224031236, "d1_open": 100.31090827320226, "h1_open": 98.94100541546996, "m5_open": 99.82550806709368, "m1_open": 99.69324430114443, "band": {"m1": 0.0018314386507530195, "m5": 0.0046732380079840125, "h1": 0.010152236876415375, "d1": 0.03208561491704522}, "garch_variance": 2.236485946963602e-06, "prev_return": 0.0, "boundary_trend": 1, "trend_ou": -0.06589041950302824, "reversion_strength": {"s1": 0.0011925680738830492, "m1": 0.020956231791063703, "m5": 0.022867711633453934, "h1": 0.013888096527728985, "d1": 0.05}}}