{"AAPL": {"p": 89.58101564434335, "d1_open": 87.95021220263737, "h1_open": 89.17288531883615, "m5_open": 89.59307540712173, "m1_open": 89.62750721937472, "reversion_strength": {"s1": 0.008338960049529932, "m1": 0.001351140996985631, "m5": 0.013839264509730786, "h1": 0.04009322855887123, "d1": 0.05}, "garch_variance": 1.0209697106500168e-06, "prev_return": -0.0005188545202140782, "boundary_trend": 0}, "GOOG": {"p": 175.63716029332164, "d1_open": 175.76656301755804, "h1_open": 176.0396410021823, "m5_open": 175.18765561019197, "m1_open": 175.50575625639956, "reversion_strength": {"s1": 0.0062823601171641975, "m1": 0.013292119646085305, "m5": 0.03312992683192555, "h1": 0.04623311401955329, "d1": 0.05}, "garch_variance": 2.1945225154419335e-06, "prev_return": 0.0007484362455442698, "boundary_trend": -1}, "AMZN": {"p": 165.46622198764194, "d1_open": 169.8941041712876, "h1_open": 162.3870609310141, "m5_open": 167.42766266799555, "m1_open": 165.46622198764194, "reversion_strength": {"s1": 0.002645480578274048, "m1": 0.009447304871809989, "m5": 0.011715152974709363, "h1": 0.04320287271163793, "d1": 0.05}, "garch_variance": 1.62015291267052e-06, "prev_return": 0.0, "boundary_trend": 1}, "MSFT": {"p": 163.66243217028395, "d1_open": 164.41906387237157, "h1_open": 164.33550431317852, "m5_open": 164.15736081413894, "m1_open": 163.61697160907949, "reversion_strength": {"s1": 0.00502554902391116, "m1": 0.0038098335627198736, "m5": 0.0032918974962767448, "h1": 0.046518504108642444, "d1": 0.05}, "garch_variance": 1.9197229259321247e-06, "prev_return": 0.00027780887505835417, "boundary_trend": 1}, "NVDA": {"p": 98.24122529932824, "d1_open": 97.6331941946038, "h1_open": 98.01165686841159, "m5_open": 98.49327490530693, "m1_open": 98.3585245354835, "reversion_strength": {"s1": 0.0011925680738830492, "m1": 0.020956231791063703, "m5": 0.022867711633453934, "h1": 0.013888096527728985, "d1": 0.05}, "garch_variance": 1.1660855597464935e-06, "prev_return": -0.0011932797490587675, "boundary_trend": 1}}