{"AAPL": {"p": 58.58702448518183, "d1_open": 58.881026803928506, "h1_open": 58.18002329517424, "m5_open": 58.46967353015795, "m1_open": 58.7005237132116, "band": {"m1": 0.00193353007520488, "m5": 0.004878693036478743, "h1": 0.010784874295123613, "d1": 0.03479748293609187}, "garch_variance": 3.2003862883316597e-06, "prev_return": -0.0028618025098268137, "boundary_trend": 1, "trend_ou": -0.18293013644810505, "reversion_strength": {"s1": 0.008338960049529932, "m1": 0.001351140996985631, "m5": 0.013839264509730786, "h1": 0.04009322855887123, "d1": 0.05}}, "GOOG": {"p": 117.80183125444762, "d1_open": 119.02146768303125, "h1_open": 117.8132584785911, "m5_open": 117.80125193698609, "m1_open": 118.07161673381738, "band": {"m1": 0.002284930848181458, "m5": 0.005585873450628182, "h1": 0.012962425241655931, "d1": 0.04413178817494962}, "garch_variance": 6.6026381179386965e-06, "prev_return": 0.0, "boundary_trend": 1, "trend_ou": -0.13997723856446748, "reversion_strength": {"s1": 0.0062823601171641975, "m1": 0.013292119646085305, "m5": 0.03312992683192555, "h1": 0.04623311401955329, "d1": 0.05}}, "AMZN": {"p": 155.86547251251855, "d1_open": 158.98498094367304, "h1_open": 156.39399479459698, "m5_open": 156.11435097121424, "m1_open": 155.57485722066775, "band": {"m1": 0.0018680093753104783, "m5": 0.004746835171471222, "h1": 0.01037885736788702, "d1": 0.033057047913432704}, "garch_variance": 2.7950210268241103e-06, "prev_return": 0.002598335980169247, "boundary_trend": -1, "trend_ou": 0.09229599177111034, "reversion_strength": {"s1": 0.002645480578274048, "m1": 0.009447304871809989, "m5": 0.011715152974709363, "h1": 0.04320287271163793, "d1": 0.05}}, "MSFT": {"p": 133.3574141636961, "d1_open": 137.08846618531726, "h1_open": 133.29083440032448, "m5_open": 133.75608073470985, "m1_open": 133.62951253393564, "band": {"m1": 0.0020362146436060063, "m5": 0.005085341744145373, "h1": 0.011421187292451708, "d1": 0.037525106716362756}, "garch_variance": 3.934364190917229e-06, "prev_return": -0.00020655373779189786, "boundary_trend": 1, "trend_ou": 0.011385733988779161, "reversion_strength": {"s1": 0.00502554902391116, "m1": 0.0038098335627198736, "m5": 0.0032918974962767448, "h1": 0.046518504108642444, "d1": 0.05}}, "NVDA": {"p": 76.93243385412549, "d1_open": 77.58920212535816, "h1_open": 77.08644892077346, "m5_open": 76.7406852626814, "m1_open": 76.87691684365222, "band": {"m1": 0.0017855581643097952, "m5": 0.004580905310108986, "h1": 0.009867925900558572, "d1": 0.030866885483581873}, "garch_variance": 3.0052434761927087e-06, "prev_return": -0.0010620720910966522, "boundary_trend": -1, "trend_ou": 0.24528129541978522, "reversion_strength": {"s1": 0.0011925680738830492, "m1": 0.020956231791063703, "m5": 0.022867711633453934, "h1": 0.013888096527728985, "d1": 0.05}}}