{"AAPL": {"p": 58.123683917626515, "d1_open": 58.881026803928506, "h1_open": 58.18002329517424, "m5_open": 58.23802413864398, "m1_open": 58.23689200030328, "band": {"m1": 0.001943923839139255, "m5": 0.0048996100829081565, "h1": 0.010849282094519205, "d1": 0.03507357386304767}, "garch_variance": 4.604817034184437e-06, "prev_return": -0.0003033147742780115, "boundary_trend": 1, "trend_ou": -0.17573463822711105, "reversion_strength": {"s1": 0.008338960049529932, "m1": 0.001351140996985631, "m5": 0.013839264509730786, "h1": 0.04009322855887123, "d1": 0.05}}, "GOOG": {"p": 117.30968191844137, "d1_open": 119.02146768303125, "h1_open": 117.8132584785911, "m5_open": 117.52394196185423, "m1_open": 117.52507305463276, "band": {"m1": 0.0018327249717280418, "m5": 0.004675826679010942, "h1": 0.010160207915957996, "d1": 0.03211978363134342}, "garch_variance": 2.6177553534113487e-06, "prev_return": -0.002661209501397288, "boundary_trend": 1, "trend_ou": -0.14352337107953456, "reversion_strength": {"s1": 0.0062823601171641975, "m1": 0.013292119646085305, "m5": 0.03312992683192555, "h1": 0.04623311401955329, "d1": 0.05}}, "AMZN": {"p": 156.25842333734425, "d1_open": 158.98498094367304, "h1_open": 156.39399479459698, "m5_open": 156.10490295664312, "m1_open": 156.1343825972766, "band": {"m1": 0.0017963044163318573, "m5": 0.004602531725131195, "h1": 0.009934517988743521, "d1": 0.031152339598261084}, "garch_variance": 3.052733249394648e-06, "prev_return": -0.0010005598084863387, "boundary_trend": -1, "trend_ou": 0.09552142612797235, "reversion_strength": {"s1": 0.002645480578274048, "m1": 0.009447304871809989, "m5": 0.011715152974709363, "h1": 0.04320287271163793, "d1": 0.05}}, "MSFT": {"p": 133.5692089535225, "d1_open": 137.08846618531726, "h1_open": 133.29083440032448, "m5_open": 132.91459635465824, "m1_open": 133.43633943214263, "band": {"m1": 0.0019565708904263467, "m5": 0.004925061782661733, "h1": 0.010927653004940866, "d1": 0.03540951916016593}, "garch_variance": 3.949164015812917e-06, "prev_return": 0.0, "boundary_trend": -1, "trend_ou": -0.0017411897379863894, "reversion_strength": {"s1": 0.00502554902391116, "m1": 0.0038098335627198736, "m5": 0.0032918974962767448, "h1": 0.046518504108642444, "d1": 0.05}}, "NVDA": {"p": 77.36097090505227, "d1_open": 77.58920212535816, "h1_open": 77.08644892077346, "m5_open": 77.50697838647532, "m1_open": 77.50967525316183, "band": {"m1": 0.0019185262694478712, "m5": 0.004848498459844255, "h1": 0.010691899111401011, "d1": 0.034398934858083555}, "garch_variance": 4.477175851832519e-06, "prev_return": -0.00383705724664082, "boundary_trend": 1, "trend_ou": 0.25225347071659765, "reversion_strength": {"s1": 0.0011925680738830492, "m1": 0.020956231791063703, "m5": 0.022867711633453934, "h1": 0.013888096527728985, "d1": 0.05}}}