{"AAPL": {"p": 58.415329436714465, "d1_open": 58.881026803928506, "h1_open": 58.18002329517424, "m5_open": 58.51855199985677, "m1_open": 58.51855199985677, "band": {"m1": 0.0017639288672515296, "m5": 0.00453737718943395, "h1": 0.009733894048883635, "d1": 0.030292343603284876}, "garch_variance": 2.6597955163223957e-06, "prev_return": -0.003527861393421622, "boundary_trend": 1, "trend_ou": -0.17839214364551678, "reversion_strength": {"s1": 0.008338960049529932, "m1": 0.001351140996985631, "m5": 0.013839264509730786, "h1": 0.04009322855887123, "d1": 0.05}}, "GOOG": {"p": 117.59768240192052, "d1_open": 119.02146768303125, "h1_open": 117.8132584785911, "m5_open": 117.82879068469468, "m1_open": 117.82879068469468, "band": {"m1": 0.001961390602680363, "m5": 0.004934761266470505, "h1": 0.010957519669410172, "d1": 0.03553754581463617}, "garch_variance": 2.9410368156646093e-06, "prev_return": -0.002144958283767239, "boundary_trend": 1, "trend_ou": -0.14611431121973842, "reversion_strength": {"s1": 0.0062823601171641975, "m1": 0.013292119646085305, "m5": 0.03312992683192555, "h1": 0.04623311401955329, "d1": 0.05}}, "AMZN": {"p": 156.10178787408222, "d1_open": 158.98498094367304, "h1_open": 156.39399479459698, "m5_open": 156.01598994934983, "m1_open": 156.01598994934983, "band": {"m1": 0.0017419531417120432, "m5": 0.004493151894888897, "h1": 0.009597715458427223, "d1": 0.029708599497392997}, "garch_variance": 2.347680603972026e-06, "prev_return": -0.001190658527914166, "boundary_trend": -1, "trend_ou": 0.09307147132693995, "reversion_strength": {"s1": 0.002645480578274048, "m1": 0.009447304871809989, "m5": 0.011715152974709363, "h1": 0.04320287271163793, "d1": 0.05}}, "MSFT": {"p": 133.31919707596327, "d1_open": 137.08846618531726, "h1_open": 133.29083440032448, "m5_open": 133.5689667792177, "m1_open": 133.5689667792177, "band": {"m1": 0.0018699680717548781, "m5": 0.004750776972028491, "h1": 0.010390994965822116, "d1": 0.03310907702630978}, "garch_variance": 3.06595837611207e-06, "prev_return": -0.003739940502764372, "boundary_trend": 1, "trend_ou": -0.0008104091833363301, "reversion_strength": {"s1": 0.00502554902391116, "m1": 0.0038098335627198736, "m5": 0.0032918974962767448, "h1": 0.046518504108642444, "d1": 0.05}}, "NVDA": {"p": 77.24152367322888, "d1_open": 77.58920212535816, "h1_open": 77.08644892077346, "m5_open": 77.29050824109868, "m1_open": 77.29050824109868, "band": {"m1": 0.0017728908207646273, "m5": 0.004555412772973781, "h1": 0.009789429243612773, "d1": 0.030530401160526736}, "garch_variance": 3.701071838828141e-06, "prev_return": 0.0011404912312538275, "boundary_trend": 1, "trend_ou": 0.2563912955682747, "reversion_strength": {"s1": 0.0011925680738830492, "m1": 0.020956231791063703, "m5": 0.022867711633453934, "h1": 0.013888096527728985, "d1": 0.05}}}