{"AAPL": {"p": 89.42362934421007, "d1_open": 87.95021220263737, "h1_open": 90.00052714134381, "m5_open": 89.75226907269757, "m1_open": 89.75226907269757, "band": {"m1": 0.0036616314203856406, "m5": 0.008343968728578642, "h1": 0.017296753309901703, "d1": 0.05413813532900266}, "garch_variance": 1.0950691875249636e-05, "prev_return": 0.0, "boundary_trend": 1, "trend_ou": 0.07482459817905555, "reversion_strength": {"s1": 0.008338960049529932, "m1": 0.001351140996985631, "m5": 0.013839264509730786, "h1": 0.04009322855887123, "d1": 0.05}}, "GOOG": {"p": 174.08644455507195, "d1_open": 175.76656301755804, "h1_open": 176.08648575624287, "m5_open": 174.69416460581544, "m1_open": 174.69416460581544, "band": {"m1": 0.0034787656022442644, "m5": 0.007975958368465931, "h1": 0.01616357528069827, "d1": 0.0492806464002608}, "garch_variance": 8.393208759530515e-06, "prev_return": 0.0, "boundary_trend": 1, "trend_ou": 0.02777912209414532, "reversion_strength": {"s1": 0.0062823601171641975, "m1": 0.013292119646085305, "m5": 0.03312992683192555, "h1": 0.04623311401955329, "d1": 0.05}}, "AMZN": {"p": 170.78058508419625, "d1_open": 169.8941041712876, "h1_open": 171.4747272210238, "m5_open": 170.091166122583, "m1_open": 170.091166122583, "band": {"m1": 0.004053232024503954, "m5": 0.009132049742333318, "h1": 0.01972341349888568, "d1": 0.06454027400274163}, "garch_variance": 1.7924739381288003e-05, "prev_return": 0.0, "boundary_trend": -1, "trend_ou": 0.07784973961527371, "reversion_strength": {"s1": 0.002645480578274048, "m1": 0.009447304871809989, "m5": 0.011715152974709363, "h1": 0.04320287271163793, "d1": 0.05}}, "MSFT": {"p": 160.79313279835014, "d1_open": 164.41906387237157, "h1_open": 160.99657128302283, "m5_open": 161.38691588307134, "m1_open": 161.38691588307134, "band": {"m1": 0.0036792517006236907, "m5": 0.008379428858534028, "h1": 0.01740594219296966, "d1": 0.05460618516492928}, "garch_variance": 9.33262226260702e-06, "prev_return": -0.007358536605274868, "boundary_trend": 1, "trend_ou": 0.019459099124403176, "reversion_strength": {"s1": 0.00502554902391116, "m1": 0.0038098335627198736, "m5": 0.0032918974962767448, "h1": 0.046518504108642444, "d1": 0.05}}, "NVDA": {"p": 101.31194213913483, "d1_open": 97.6331941946038, "h1_open": 102.01551314508438, "m5_open": 101.6378473173216, "m1_open": 101.6378473173216, "band": {"m1": 0.0032065336563973424, "m5": 0.007428102145561249, "h1": 0.01447661561258504, "d1": 0.042049313194079334}, "garch_variance": 3.375354834131903e-06, "prev_return": 0.0, "boundary_trend": 1, "trend_ou": 0.03662353874627897, "reversion_strength": {"s1": 0.0011925680738830492, "m1": 0.020956231791063703, "m5": 0.022867711633453934, "h1": 0.013888096527728985, "d1": 0.05}}}