{"AAPL": {"p": 88.7222947267403, "d1_open": 87.95021220263737, "h1_open": 88.46025421232386, "m5_open": 88.67954470103834, "m1_open": 88.67954470103834, "reversion_strength": {"s1": 0.008338960049529932, "m1": 0.001351140996985631, "m5": 0.013839264509730786, "h1": 0.04009322855887123, "d1": 0.05}, "garch_variance": 1.0790648882566168e-06, "prev_return": 0.0004819569703151751, "boundary_trend": 0}, "GOOG": {"p": 174.16531412108492, "d1_open": 175.76656301755804, "h1_open": 171.25338368742615, "m5_open": 174.28904531343082, "m1_open": 174.28904531343082, "reversion_strength": {"s1": 0.0062823601171641975, "m1": 0.013292119646085305, "m5": 0.03312992683192555, "h1": 0.04623311401955329, "d1": 0.05}, "garch_variance": 1.1234158842177353e-06, "prev_return": -0.0007101716147098525, "boundary_trend": 0}, "AMZN": {"p": 167.4990800880525, "d1_open": 169.8941041712876, "h1_open": 168.5021874081404, "m5_open": 167.2568774362557, "m1_open": 167.2568774362557, "reversion_strength": {"s1": 0.002645480578274048, "m1": 0.009447304871809989, "m5": 0.011715152974709363, "h1": 0.04320287271163793, "d1": 0.05}, "garch_variance": 1.6175213354875763e-06, "prev_return": 0.0014470403804064682, "boundary_trend": 0}, "MSFT": {"p": 164.50796570137032, "d1_open": 164.41906387237157, "h1_open": 164.11163536945244, "m5_open": 164.57030429193398, "m1_open": 164.57030429193398, "reversion_strength": {"s1": 0.00502554902391116, "m1": 0.0038098335627198736, "m5": 0.0032918974962767448, "h1": 0.046518504108642444, "d1": 0.05}, "garch_variance": 1.7609824703597452e-06, "prev_return": -0.0003788678681859181, "boundary_trend": 0}, "NVDA": {"p": 97.10984524606322, "d1_open": 97.6331941946038, "h1_open": 97.10451824378742, "m5_open": 97.22579362349654, "m1_open": 97.22579362349654, "reversion_strength": {"s1": 0.0011925680738830492, "m1": 0.020956231791063703, "m5": 0.022867711633453934, "h1": 0.013888096527728985, "d1": 0.05}, "garch_variance": 1.2072436394709968e-06, "prev_return": -0.0011932797490588785, "boundary_trend": 1}}