{"AAPL": {"p": 90.42620336469749, "d1_open": 87.95021220263737, "h1_open": 89.92327454616381, "m5_open": 90.50176545036396, "m1_open": 90.40320298628757, "reversion_strength": {"s1": 0.008338960049529932, "m1": 0.001351140996985631, "m5": 0.013839264509730786, "h1": 0.04009322855887123, "d1": 0.05}, "garch_variance": 1.3084230498156526e-06, "prev_return": 0.00025438759102385547, "boundary_trend": 0}, "GOOG": {"p": 175.82708356200834, "d1_open": 175.76656301755804, "h1_open": 183.39762262224193, "m5_open": 176.28433549074282, "m1_open": 175.30895804072725, "reversion_strength": {"s1": 0.0062823601171641975, "m1": 0.013292119646085305, "m5": 0.03312992683192555, "h1": 0.04623311401955329, "d1": 0.05}, "garch_variance": 2.203726804061696e-06, "prev_return": 0.002951140503581649, "boundary_trend": 0}, "AMZN": {"p": 172.7639424878284, "d1_open": 169.8941041712876, "h1_open": 168.9436681978484, "m5_open": 173.15970156494987, "m1_open": 172.87265936663343, "reversion_strength": {"s1": 0.002645480578274048, "m1": 0.009447304871809989, "m5": 0.011715152974709363, "h1": 0.04320287271163793, "d1": 0.05}, "garch_variance": 3.1430609696411766e-06, "prev_return": -0.0006290820000375008, "boundary_trend": 0}, "MSFT": {"p": 162.39172445618206, "d1_open": 164.41906387237157, "h1_open": 162.58297699275926, "m5_open": 162.35352657717107, "m1_open": 162.28357536720952, "reversion_strength": {"s1": 0.00502554902391116, "m1": 0.0038098335627198736, "m5": 0.0032918974962767448, "h1": 0.046518504108642444, "d1": 0.05}, "garch_variance": 1.7046664254361521e-06, "prev_return": 0.0006661984637037354, "boundary_trend": 0}, "NVDA": {"p": 97.54471516731569, "d1_open": 97.6331941946038, "h1_open": 98.32781845318762, "m5_open": 97.57066371464782, "m1_open": 97.66118277595194, "reversion_strength": {"s1": 0.0011925680738830492, "m1": 0.020956231791063703, "m5": 0.022867711633453934, "h1": 0.013888096527728985, "d1": 0.05}, "garch_variance": 1.3996148200500328e-06, "prev_return": -0.0011932797490587675, "boundary_trend": 1}}