{"AAPL": {"p": 90.09728627249272, "d1_open": 87.95021220263737, "h1_open": 90.06205021135978, "m5_open": 90.10237905744151, "m1_open": 89.97571639334053, "reversion_strength": {"s1": 0.008338960049529932, "m1": 0.001351140996985631, "m5": 0.013839264509730786, "h1": 0.04009322855887123, "d1": 0.05}, "garch_variance": 1.8912939270535792e-06, "prev_return": 0.0013502290273625923, "boundary_trend": -1}, "GOOG": {"p": 179.81366993231447, "d1_open": 175.76656301755804, "h1_open": 182.2768621595806, "m5_open": 182.53350207436387, "m1_open": 179.7992646668641, "reversion_strength": {"s1": 0.0062823601171641975, "m1": 0.013292119646085305, "m5": 0.03312992683192555, "h1": 0.04623311401955329, "d1": 0.05}, "garch_variance": 3.0337577471052864e-06, "prev_return": 8.011539114476115e-05, "boundary_trend": 0}, "AMZN": {"p": 169.30112841567427, "d1_open": 169.8941041712876, "h1_open": 170.28724881804374, "m5_open": 169.88795825381547, "m1_open": 169.75019927100385, "reversion_strength": {"s1": 0.002645480578274048, "m1": 0.009447304871809989, "m5": 0.011715152974709363, "h1": 0.04320287271163793, "d1": 0.05}, "garch_variance": 1.8224155262218664e-06, "prev_return": -0.002648986045814724, "boundary_trend": 1}, "MSFT": {"p": 160.5980437737598, "d1_open": 164.41906387237157, "h1_open": 161.08021439952043, "m5_open": 161.08737284638528, "m1_open": 160.90963553704293, "reversion_strength": {"s1": 0.00502554902391116, "m1": 0.0038098335627198736, "m5": 0.0032918974962767448, "h1": 0.046518504108642444, "d1": 0.05}, "garch_variance": 1.598467594526212e-06, "prev_return": -0.001938316755028196, "boundary_trend": 1}, "NVDA": {"p": 100.01304831697068, "d1_open": 97.6331941946038, "h1_open": 98.64308364945421, "m5_open": 98.4888237569008, "m1_open": 100.01304831697068, "reversion_strength": {"s1": 0.0011925680738830492, "m1": 0.020956231791063703, "m5": 0.022867711633453934, "h1": 0.013888096527728985, "d1": 0.05}, "garch_variance": 1.3044828482676294e-06, "prev_return": 0.0, "boundary_trend": -1}}