{"AAPL": {"p": 88.9714984365688, "d1_open": 87.95021220263737, "h1_open": 88.46025421232386, "m5_open": 89.03357672469552, "m1_open": 88.93573989329114, "reversion_strength": {"s1": 0.008338960049529932, "m1": 0.001351140996985631, "m5": 0.013839264509730786, "h1": 0.04009322855887123, "d1": 0.05}, "garch_variance": 1.0618315371386592e-06, "prev_return": 0.00040199088125793166, "boundary_trend": 0}, "GOOG": {"p": 177.7969592806445, "d1_open": 175.76656301755804, "h1_open": 171.25338368742615, "m5_open": 176.00094393463888, "m1_open": 177.97014247395907, "reversion_strength": {"s1": 0.0062823601171641975, "m1": 0.013292119646085305, "m5": 0.03312992683192555, "h1": 0.04623311401955329, "d1": 0.05}, "garch_variance": 1.12397006384032e-06, "prev_return": -0.0009735762870696519, "boundary_trend": 0}, "AMZN": {"p": 165.45896884101285, "d1_open": 169.8941041712876, "h1_open": 168.5021874081404, "m5_open": 164.8373761347526, "m1_open": 165.37076446398157, "reversion_strength": {"s1": 0.002645480578274048, "m1": 0.009447304871809989, "m5": 0.011715152974709363, "h1": 0.04320287271163793, "d1": 0.05}, "garch_variance": 1.3225828620151364e-06, "prev_return": 0.0005332312681818874, "boundary_trend": 0}, "MSFT": {"p": 165.190010453256, "d1_open": 164.41906387237157, "h1_open": 164.11163536945244, "m5_open": 164.7490011824109, "m1_open": 165.29133800691739, "reversion_strength": {"s1": 0.00502554902391116, "m1": 0.0038098335627198736, "m5": 0.0032918974962767448, "h1": 0.046518504108642444, "d1": 0.05}, "garch_variance": 1.2113595645492172e-06, "prev_return": -0.0006132119546755956, "boundary_trend": -1}, "NVDA": {"p": 95.81245230512147, "d1_open": 97.6331941946038, "h1_open": 97.10451824378742, "m5_open": 96.08787727464433, "m1_open": 95.89457179687533, "reversion_strength": {"s1": 0.0011925680738830492, "m1": 0.020956231791063703, "m5": 0.022867711633453934, "h1": 0.013888096527728985, "d1": 0.05}, "garch_variance": 1.1893396957748218e-06, "prev_return": -0.0008567187056528595, "boundary_trend": 0}}