{"AAPL": {"p": 58.255332765595114, "d1_open": 58.881026803928506, "h1_open": 58.18002329517424, "m5_open": 58.33299485332588, "m1_open": 58.219664526109796, "band": {"m1": 0.001974992471574244, "m5": 0.004962134499591487, "h1": 0.011041807368135446, "d1": 0.03589885405820931}, "garch_variance": 5.595223966080988e-06, "prev_return": -0.0013605829834938015, "boundary_trend": -1, "trend_ou": -0.18017438901693747, "reversion_strength": {"s1": 0.008338960049529932, "m1": 0.001351140996985631, "m5": 0.013839264509730786, "h1": 0.04009322855887123, "d1": 0.05}}, "GOOG": {"p": 117.10287368300489, "d1_open": 119.02146768303125, "h1_open": 117.8132584785911, "m5_open": 117.30996457934323, "m1_open": 117.09671870233899, "band": {"m1": 0.0018012744285432758, "m5": 0.004612533681769556, "h1": 0.009965316027983957, "d1": 0.03128435869039132}, "garch_variance": 2.4825880483395095e-06, "prev_return": -0.0017470922399829387, "boundary_trend": -1, "trend_ou": -0.13913841910796518, "reversion_strength": {"s1": 0.0062823601171641975, "m1": 0.013292119646085305, "m5": 0.03312992683192555, "h1": 0.04623311401955329, "d1": 0.05}}, "AMZN": {"p": 155.6969951315674, "d1_open": 158.98498094367304, "h1_open": 156.39399479459698, "m5_open": 155.6921426442066, "m1_open": 155.39918962052909, "band": {"m1": 0.0019163903734988037, "m5": 0.004844200052162773, "h1": 0.01067866344829706, "d1": 0.03434219877131245}, "garch_variance": 5.1170750535577734e-06, "prev_return": 0.00020197110064393655, "boundary_trend": -1, "trend_ou": 0.10131443015256716, "reversion_strength": {"s1": 0.002645480578274048, "m1": 0.009447304871809989, "m5": 0.011715152974709363, "h1": 0.04320287271163793, "d1": 0.05}}, "MSFT": {"p": 132.92764955430758, "d1_open": 137.08846618531726, "h1_open": 133.29083440032448, "m5_open": 133.30866258964755, "m1_open": 133.05393596238645, "band": {"m1": 0.001892439391641034, "m5": 0.004795999630957118, "h1": 0.010530244642120325, "d1": 0.033705985670421885}, "garch_variance": 3.080847506154874e-06, "prev_return": -0.0028402386582341978, "boundary_trend": 0, "trend_ou": -0.004809079953704234, "reversion_strength": {"s1": 0.00502554902391116, "m1": 0.0038098335627198736, "m5": 0.0032918974962767448, "h1": 0.046518504108642444, "d1": 0.05}}, "NVDA": {"p": 77.34655024385901, "d1_open": 77.58920212535816, "h1_open": 77.08644892077346, "m5_open": 77.34671697777846, "m1_open": 77.19204934852876, "band": {"m1": 0.0020015130655836114, "m5": 0.005015506165499244, "h1": 0.011206149478423142, "d1": 0.03660332410675914}, "garch_variance": 4.675365337237312e-06, "prev_return": 0.0040030314766271126, "boundary_trend": -1, "trend_ou": 0.23922057242524605, "reversion_strength": {"s1": 0.0011925680738830492, "m1": 0.020956231791063703, "m5": 0.022867711633453934, "h1": 0.013888096527728985, "d1": 0.05}}}