{"AAPL": {"p": 87.79954431213585, "d1_open": 87.95021220263737, "h1_open": 86.8359256319159, "m5_open": 87.61222977263225, "m1_open": 87.73060624811536, "reversion_strength": {"s1": 0.008338960049529932, "m1": 0.001351140996985631, "m5": 0.013839264509730786, "h1": 0.04009322855887123, "d1": 0.05}, "garch_variance": 1.1531245715098642e-06, "prev_return": 0.0007854840589487185, "boundary_trend": -1}, "GOOG": {"p": 180.33378146817756, "d1_open": 175.76656301755804, "h1_open": 175.75153234700423, "m5_open": 180.33143310634733, "m1_open": 180.26414539884235, "reversion_strength": {"s1": 0.0062823601171641975, "m1": 0.013292119646085305, "m5": 0.03312992683192555, "h1": 0.04623311401955329, "d1": 0.05}, "garch_variance": 1.6467928738811446e-06, "prev_return": 0.0003862255715437618, "boundary_trend": 0}, "AMZN": {"p": 166.44506670253242, "d1_open": 169.8941041712876, "h1_open": 166.80472498164232, "m5_open": 167.07917642021076, "m1_open": 166.1893203583566, "reversion_strength": {"s1": 0.002645480578274048, "m1": 0.009447304871809989, "m5": 0.011715152974709363, "h1": 0.04320287271163793, "d1": 0.05}, "garch_variance": 1.571583551000126e-06, "prev_return": 0.001537702682088055, "boundary_trend": 0}, "MSFT": {"p": 163.7488457105667, "d1_open": 164.41906387237157, "h1_open": 164.04525621182805, "m5_open": 164.15673457973574, "m1_open": 163.66242186597555, "reversion_strength": {"s1": 0.00502554902391116, "m1": 0.0038098335627198736, "m5": 0.0032918974962767448, "h1": 0.046518504108642444, "d1": 0.05}, "garch_variance": 1.1215083443032117e-06, "prev_return": 0.0005279222504349241, "boundary_trend": 1}, "NVDA": {"p": 97.73976098151404, "d1_open": 97.6331941946038, "h1_open": 96.51017604046937, "m5_open": 97.81548468119334, "m1_open": 97.67708526715502, "reversion_strength": {"s1": 0.0011925680738830492, "m1": 0.020956231791063703, "m5": 0.022867711633453934, "h1": 0.013888096527728985, "d1": 0.05}, "garch_variance": 1.389636500993955e-06, "prev_return": 0.0006414566370428304, "boundary_trend": 0}} -1}}