{"AAPL": {"p": 90.36469881883166, "d1_open": 87.95021220263737, "h1_open": 90.36175952352136, "m5_open": 90.19671077674973, "m1_open": 90.02763551291177, "band": {"m1": 0.0037439982067676704, "m5": 0.008509728688673222, "h1": 0.017807161617002864, "d1": 0.056326055176535}, "garch_variance": 8.66994551436676e-06, "prev_return": 0.00011541347453099061, "boundary_trend": -1, "trend_ou": 0.06939294155381058, "reversion_strength": {"s1": 0.008338960049529932, "m1": 0.001351140996985631, "m5": 0.013839264509730786, "h1": 0.04009322855887123, "d1": 0.05}}, "GOOG": {"p": 178.65272531661344, "d1_open": 175.76656301755804, "h1_open": 175.77288560235982, "m5_open": 178.31646596525604, "m1_open": 179.00698034505618, "band": {"m1": 0.0037873827819624607, "m5": 0.008597038462052672, "h1": 0.018076005996541588, "d1": 0.057478485389183785}, "garch_variance": 6.33029989647915e-06, "prev_return": -0.0011670063554139664, "boundary_trend": 0, "trend_ou": 0.021308993171345755, "reversion_strength": {"s1": 0.0062823601171641975, "m1": 0.013292119646085305, "m5": 0.03312992683192555, "h1": 0.04623311401955329, "d1": 0.05}}, "AMZN": {"p": 171.03754083887858, "d1_open": 169.8941041712876, "h1_open": 168.9021703391811, "m5_open": 171.3185104820652, "m1_open": 171.4194650189813, "band": {"m1": 0.0033335905732613364, "m5": 0.007683799258368736, "h1": 0.015263958529440576, "d1": 0.045424342892137926}, "garch_variance": 7.411784274204409e-06, "prev_return": -0.002208874060283201, "boundary_trend": 0, "trend_ou": 0.06806211476516216, "reversion_strength": {"s1": 0.002645480578274048, "m1": 0.009447304871809989, "m5": 0.011715152974709363, "h1": 0.04320287271163793, "d1": 0.05}}, "MSFT": {"p": 160.51799498816436, "d1_open": 164.41906387237157, "h1_open": 160.00715142749434, "m5_open": 160.8534633646115, "m1_open": 160.3115783386505, "band": {"m1": 0.0037719248162021925, "m5": 0.00856592990604223, "h1": 0.017980216486212366, "d1": 0.057067873398902895}, "garch_variance": 8.863629952422918e-06, "prev_return": 0.0050658248612761815, "boundary_trend": 0, "trend_ou": 0.01542223743541914, "reversion_strength": {"s1": 0.00502554902391116, "m1": 0.0038098335627198736, "m5": 0.0032918974962767448, "h1": 0.046518504108642444, "d1": 0.05}}, "NVDA": {"p": 102.00611667298323, "d1_open": 97.6331941946038, "h1_open": 100.4340456706556, "m5_open": 101.70654718253269, "m1_open": 101.63319311451419, "band": {"m1": 0.0036693086878501918, "m5": 0.008359418931317605, "h1": 0.01734432759635704, "d1": 0.05434206760071467}, "garch_variance": 9.233657711992834e-06, "prev_return": 0.0, "boundary_trend": -1, "trend_ou": 0.04229521895432018, "reversion_strength": {"s1": 0.0011925680738830492, "m1": 0.020956231791063703, "m5": 0.022867711633453934, "h1": 0.013888096527728985, "d1": 0.05}}}