{"AAPL": {"p": 88.46295833864953, "d1_open": 87.95021220263737, "h1_open": 88.46025421232386, "m5_open": 88.4830000993572, "m1_open": 88.51072618805553, "reversion_strength": {"s1": 0.008338960049529932, "m1": 0.001351140996985631, "m5": 0.013839264509730786, "h1": 0.04009322855887123, "d1": 0.05}, "garch_variance": 1.1113571004803544e-06, "prev_return": -0.0005398299831274821, "boundary_trend": 0}, "GOOG": {"p": 171.89222626271993, "d1_open": 175.76656301755804, "h1_open": 171.25338368742615, "m5_open": 171.75094645248745, "m1_open": 172.1167967268673, "reversion_strength": {"s1": 0.0062823601171641975, "m1": 0.013292119646085305, "m5": 0.03312992683192555, "h1": 0.04623311401955329, "d1": 0.05}, "garch_variance": 1.5266944775763126e-06, "prev_return": -0.001305608173275465, "boundary_trend": 0}, "AMZN": {"p": 166.4963227249258, "d1_open": 169.8941041712876, "h1_open": 168.5021874081404, "m5_open": 167.86744767928258, "m1_open": 166.74116446647554, "reversion_strength": {"s1": 0.002645480578274048, "m1": 0.009447304871809989, "m5": 0.011715152974709363, "h1": 0.04320287271163793, "d1": 0.05}, "garch_variance": 2.0617305669732665e-06, "prev_return": -0.001469473243671475, "boundary_trend": 0}, "MSFT": {"p": 165.16118729413148, "d1_open": 164.41906387237157, "h1_open": 164.11163536945244, "m5_open": 164.79090094120014, "m1_open": 165.10563863784014, "reversion_strength": {"s1": 0.00502554902391116, "m1": 0.0038098335627198736, "m5": 0.0032918974962767448, "h1": 0.046518504108642444, "d1": 0.05}, "garch_variance": 1.3697730326625233e-06, "prev_return": 0.0003363865363006522, "boundary_trend": 0}, "NVDA": {"p": 98.19131069924909, "d1_open": 97.6331941946038, "h1_open": 97.10451824378742, "m5_open": 97.40711954719143, "m1_open": 98.18471623403907, "reversion_strength": {"s1": 0.0011925680738830492, "m1": 0.020956231791063703, "m5": 0.022867711633453934, "h1": 0.013888096527728985, "d1": 0.05}, "garch_variance": 1.2305888987878851e-06, "prev_return": 6.716161148059088e-05, "boundary_trend": -1}}