{"AAPL": {"p": 55.07057836399907, "d1_open": 55.53712856805172, "h1_open": 55.05670946032792, "m5_open": 55.14980696375372, "m1_open": 55.147791871950254, "band": {"m1": 0.0022517093604457177, "m5": 0.00551901649622647, "h1": 0.012756559211677123, "d1": 0.043249321399513596}, "garch_variance": 4.312903128718848e-06, "prev_return": -0.0036502788117149325, "boundary_trend": 0, "trend_ou": 0.04216330222922267, "reversion_strength": {"s1": 0.008338960049529932, "m1": 0.001351140996985631, "m5": 0.013839264509730786, "h1": 0.04009322855887123, "d1": 0.05}}, "GOOG": {"p": 96.8633551514963, "d1_open": 100.24132710088554, "h1_open": 97.94485073564063, "m5_open": 97.09923733427284, "m1_open": 97.103726325756, "band": {"m1": 0.002475406283105261, "m5": 0.0059691978691082965, "h1": 0.014142758341370338, "d1": 0.04919141236138097}, "garch_variance": 6.3169365563341855e-06, "prev_return": -0.0031951233183223284, "boundary_trend": 1, "trend_ou": 0.13776654679555334, "reversion_strength": {"s1": 0.0062823601171641975, "m1": 0.013292119646085305, "m5": 0.03312992683192555, "h1": 0.04623311401955329, "d1": 0.05}}, "AMZN": {"p": 131.52066304310577, "d1_open": 136.62257042864903, "h1_open": 132.1599159210106, "m5_open": 130.8403893255706, "m1_open": 131.21573446081624, "band": {"m1": 0.002323872083957903, "m5": 0.005664241175919762, "h1": 0.013203735253884586, "d1": 0.045166189374573326}, "garch_variance": 4.093106707418304e-06, "prev_return": 0.0, "boundary_trend": -1, "trend_ou": 0.0795809591246474, "reversion_strength": {"s1": 0.002645480578274048, "m1": 0.009447304871809989, "m5": 0.011715152974709363, "h1": 0.04320287271163793, "d1": 0.05}}, "MSFT": {"p": 151.6618913333749, "d1_open": 151.63091538707712, "h1_open": 153.24572122429387, "m5_open": 152.02622558673258, "m1_open": 151.28531072342332, "band": {"m1": 0.0024892080278701954, "m5": 0.005996973344660542, "h1": 0.014228284625567451, "d1": 0.04955802993416954}, "garch_variance": 7.416958937350694e-06, "prev_return": 0.003207470686364082, "boundary_trend": -1, "trend_ou": -0.08971800796587505, "reversion_strength": {"s1": 0.00502554902391116, "m1": 0.0038098335627198736, "m5": 0.0032918974962767448, "h1": 0.046518504108642444, "d1": 0.05}}, "NVDA": {"p": 74.76910269368818, "d1_open": 75.76416089410631, "h1_open": 74.8079337476142, "m5_open": 74.86616467815547, "m1_open": 74.60091313782931, "band": {"m1": 0.0022545240907190524, "m5": 0.005524681031633021, "h1": 0.012774001457233427, "d1": 0.04332408945228082}, "garch_variance": 4.863730586486632e-06, "prev_return": 0.0042426840636169486, "boundary_trend": -1, "trend_ou": 0.04403360756275825, "reversion_strength": {"s1": 0.0011925680738830492, "m1": 0.020956231791063703, "m5": 0.022867711633453934, "h1": 0.013888096527728985, "d1": 0.05}}}