{"AAPL": {"p": 58.15911105778575, "d1_open": 58.881026803928506, "h1_open": 58.18002329517424, "m5_open": 58.278524002763376, "m1_open": 58.04115354617289, "band": {"m1": 0.0020323081883446784, "m5": 0.005077480154581522, "h1": 0.011396979874579983, "d1": 0.03742133902825466}, "garch_variance": 4.777660255666938e-06, "prev_return": 0.0, "boundary_trend": -1, "trend_ou": -0.17833217082612007, "reversion_strength": {"s1": 0.008338960049529932, "m1": 0.001351140996985631, "m5": 0.013839264509730786, "h1": 0.04009322855887123, "d1": 0.05}}, "GOOG": {"p": 117.14997706907036, "d1_open": 119.02146768303125, "h1_open": 117.8132584785911, "m5_open": 116.98282257385429, "m1_open": 116.94267591984433, "band": {"m1": 0.0017726732144226764, "m5": 0.0045549748486581375, "h1": 0.009788080786431324, "d1": 0.030524620854466306}, "garch_variance": 3.549899746971014e-06, "prev_return": 0.003545350142449404, "boundary_trend": -1, "trend_ou": -0.14824589042782832, "reversion_strength": {"s1": 0.0062823601171641975, "m1": 0.013292119646085305, "m5": 0.03312992683192555, "h1": 0.04623311401955329, "d1": 0.05}}, "AMZN": {"p": 155.38367279067052, "d1_open": 158.98498094367304, "h1_open": 156.39399479459698, "m5_open": 156.14031446178467, "m1_open": 155.64863720032892, "band": {"m1": 0.0019172392891861803, "m5": 0.004845908462028498, "h1": 0.010683923986408328, "d1": 0.034364748631066325}, "garch_variance": 3.443181966197081e-06, "prev_return": -0.0036191783251636736, "boundary_trend": 1, "trend_ou": 0.11402718819515877, "reversion_strength": {"s1": 0.002645480578274048, "m1": 0.009447304871809989, "m5": 0.011715152974709363, "h1": 0.04320287271163793, "d1": 0.05}}, "MSFT": {"p": 133.3837984241093, "d1_open": 137.08846618531726, "h1_open": 133.29083440032448, "m5_open": 133.01378541059967, "m1_open": 133.14210764689338, "band": {"m1": 0.0018152842965120776, "m5": 0.00464072799719019, "h1": 0.01005213200450513, "d1": 0.03165650466738838}, "garch_variance": 4.169438239852687e-06, "prev_return": 0.00014214501030332933, "boundary_trend": -1, "trend_ou": -0.011242694044492766, "reversion_strength": {"s1": 0.00502554902391116, "m1": 0.0038098335627198736, "m5": 0.0032918974962767448, "h1": 0.046518504108642444, "d1": 0.05}}, "NVDA": {"p": 77.22169770620975, "d1_open": 77.58920212535816, "h1_open": 77.08644892077346, "m5_open": 77.42771822864486, "m1_open": 77.3563964330834, "band": {"m1": 0.0020260521227263833, "m5": 0.005064890065386735, "h1": 0.011358212453856082, "d1": 0.03725515832927428}, "garch_variance": 5.5364638977754875e-06, "prev_return": 0.00015105689610806581, "boundary_trend": 0, "trend_ou": 0.23319388305172323, "reversion_strength": {"s1": 0.0011925680738830492, "m1": 0.020956231791063703, "m5": 0.022867711633453934, "h1": 0.013888096527728985, "d1": 0.05}}}