{"AAPL": {"p": 57.78763003756043, "d1_open": 58.881026803928506, "h1_open": 57.95099828715578, "m5_open": 57.911031559082915, "m1_open": 57.91000525386092, "band": {"m1": 0.0021131964289078636, "m5": 0.005240264598613195, "h1": 0.011898225968348358, "d1": 0.03956998406752224}, "garch_variance": 8.53425732415631e-06, "prev_return": -0.003828496093853767, "boundary_trend": 1, "trend_ou": -0.1764208705128144, "reversion_strength": {"s1": 0.008338960049529932, "m1": 0.001351140996985631, "m5": 0.013839264509730786, "h1": 0.04009322855887123, "d1": 0.05}}, "GOOG": {"p": 115.7476917120329, "d1_open": 119.02146768303125, "h1_open": 116.73471203161151, "m5_open": 115.93167374080431, "m1_open": 115.54333884614846, "band": {"m1": 0.0018331500897321809, "m5": 0.004676682212491085, "h1": 0.010162842275878324, "d1": 0.03213107609714979}, "garch_variance": 3.595170948665806e-06, "prev_return": -6.44088524292165e-05, "boundary_trend": -1, "trend_ou": -0.09168626769084517, "reversion_strength": {"s1": 0.0062823601171641975, "m1": 0.013292119646085305, "m5": 0.03312992683192555, "h1": 0.04623311401955329, "d1": 0.05}}, "AMZN": {"p": 154.0679183593806, "d1_open": 158.98498094367304, "h1_open": 155.272478808972, "m5_open": 153.93296388649821, "m1_open": 153.75552615118673, "band": {"m1": 0.002031746214355298, "m5": 0.005076349203743864, "h1": 0.011393497449136987, "d1": 0.03740641123880006}, "garch_variance": 4.486856073447579e-06, "prev_return": 0.0, "boundary_trend": -1, "trend_ou": 0.11297066831952, "reversion_strength": {"s1": 0.002645480578274048, "m1": 0.009447304871809989, "m5": 0.011715152974709363, "h1": 0.04320287271163793, "d1": 0.05}}, "MSFT": {"p": 132.8288239311095, "d1_open": 137.08846618531726, "h1_open": 133.13886604045118, "m5_open": 133.28232573041242, "m1_open": 132.76634353837616, "band": {"m1": 0.0018705909702872688, "m5": 0.004752030531143849, "h1": 0.010394854926849838, "d1": 0.033125623162463445}, "garch_variance": 4.043187512735471e-06, "prev_return": 0.001354990266542994, "boundary_trend": 1, "trend_ou": -0.021959147527507588, "reversion_strength": {"s1": 0.00502554902391116, "m1": 0.0038098335627198736, "m5": 0.0032918974962767448, "h1": 0.046518504108642444, "d1": 0.05}}, "NVDA": {"p": 77.46800173134834, "d1_open": 77.58920212535816, "h1_open": 77.04681052606045, "m5_open": 77.31842067613212, "m1_open": 77.61454324565173, "band": {"m1": 0.001888067727714174, "m5": 0.004787201827013401, "h1": 0.010503154431586014, "d1": 0.03358986058296304}, "garch_variance": 3.6473003104702103e-06, "prev_return": -0.00013177745062294404, "boundary_trend": 1, "trend_ou": 0.24845670481089677, "reversion_strength": {"s1": 0.0011925680738830492, "m1": 0.020956231791063703, "m5": 0.022867711633453934, "h1": 0.013888096527728985, "d1": 0.05}}}