{"AAPL": {"p": 57.803680625273316, "d1_open": 58.881026803928506, "h1_open": 57.95099828715578, "m5_open": 57.8043474708804, "m1_open": 57.69821591668303, "band": {"m1": 0.001827867758382314, "m5": 0.004666051725710903, "h1": 0.010130108865722829, "d1": 0.03199076083041095}, "garch_variance": 4.011883369448807e-06, "prev_return": 0.0, "boundary_trend": -1, "trend_ou": -0.1941188873921464, "reversion_strength": {"s1": 0.008338960049529932, "m1": 0.001351140996985631, "m5": 0.013839264509730786, "h1": 0.04009322855887123, "d1": 0.05}}, "GOOG": {"p": 116.46832356259928, "d1_open": 119.02146768303125, "h1_open": 116.73471203161151, "m5_open": 116.6080033221347, "m1_open": 116.65206716536666, "band": {"m1": 0.001575142277649562, "m5": 0.00415745150660263, "h1": 0.00856402634085849, "d1": 0.025277580438648382}, "garch_variance": 1.919450224252831e-06, "prev_return": 0.0, "boundary_trend": 1, "trend_ou": -0.1046960712848582, "reversion_strength": {"s1": 0.0062823601171641975, "m1": 0.013292119646085305, "m5": 0.03312992683192555, "h1": 0.04623311401955329, "d1": 0.05}}, "AMZN": {"p": 156.60826792168817, "d1_open": 158.98498094367304, "h1_open": 155.272478808972, "m5_open": 156.60703738012538, "m1_open": 156.32217724255403, "band": {"m1": 0.0018301349442582937, "m5": 0.004670614349273589, "h1": 0.01014415810274751, "d1": 0.03205098438888624}, "garch_variance": 4.8568103397764185e-06, "prev_return": 0.0, "boundary_trend": -1, "trend_ou": 0.08078178437126937, "reversion_strength": {"s1": 0.002645480578274048, "m1": 0.009447304871809989, "m5": 0.011715152974709363, "h1": 0.04320287271163793, "d1": 0.05}}, "MSFT": {"p": 133.2447501704174, "d1_open": 137.08846618531726, "h1_open": 133.13886604045118, "m5_open": 133.11544389482313, "m1_open": 133.18177878141574, "band": {"m1": 0.0016790696098779594, "m5": 0.004366601228227242, "h1": 0.009208040463956646, "d1": 0.02803821591893715}, "garch_variance": 2.3603098033135167e-06, "prev_return": -0.0012049504380067986, "boundary_trend": 1, "trend_ou": -0.042243265469999194, "reversion_strength": {"s1": 0.00502554902391116, "m1": 0.0038098335627198736, "m5": 0.0032918974962767448, "h1": 0.046518504108642444, "d1": 0.05}}, "NVDA": {"p": 77.3866371230183, "d1_open": 77.58920212535816, "h1_open": 77.04681052606045, "m5_open": 77.26061216455734, "m1_open": 77.26322540825801, "band": {"m1": 0.001597289190403178, "m5": 0.004202021308770588, "h1": 0.00870126573968195, "d1": 0.02586587181316503}, "garch_variance": 2.0690619223161753e-06, "prev_return": 0.0005562456688283747, "boundary_trend": -1, "trend_ou": 0.23727519624883944, "reversion_strength": {"s1": 0.0011925680738830492, "m1": 0.020956231791063703, "m5": 0.022867711633453934, "h1": 0.013888096527728985, "d1": 0.05}}}