{"AAPL": {"p": 90.11138938459038, "d1_open": 87.95021220263737, "h1_open": 89.92327454616381, "m5_open": 90.41092396065393, "m1_open": 90.18272747991466, "reversion_strength": {"s1": 0.008338960049529932, "m1": 0.001351140996985631, "m5": 0.013839264509730786, "h1": 0.04009322855887123, "d1": 0.05}, "garch_variance": 1.634298547579815e-06, "prev_return": -0.0007913524887867122, "boundary_trend": 0}, "GOOG": {"p": 178.67430221866204, "d1_open": 175.76656301755804, "h1_open": 183.39762262224193, "m5_open": 176.48093786759392, "m1_open": 178.52206563551795, "reversion_strength": {"s1": 0.0062823601171641975, "m1": 0.013292119646085305, "m5": 0.03312992683192555, "h1": 0.04623311401955329, "d1": 0.05}, "garch_variance": 3.913775835318281e-06, "prev_return": 0.000852397202560172, "boundary_trend": 0}, "AMZN": {"p": 169.04837129525475, "d1_open": 169.8941041712876, "h1_open": 168.9436681978484, "m5_open": 170.3479195551779, "m1_open": 169.37581402187234, "reversion_strength": {"s1": 0.002645480578274048, "m1": 0.009447304871809989, "m5": 0.011715152974709363, "h1": 0.04320287271163793, "d1": 0.05}, "garch_variance": 2.673286591884802e-06, "prev_return": -0.0019351030038819248, "boundary_trend": 0}, "MSFT": {"p": 162.78963951045301, "d1_open": 164.41906387237157, "h1_open": 162.58297699275926, "m5_open": 162.3889565456209, "m1_open": 162.50697811077973, "reversion_strength": {"s1": 0.00502554902391116, "m1": 0.0038098335627198736, "m5": 0.0032918974962767448, "h1": 0.046518504108642444, "d1": 0.05}, "garch_variance": 1.5070720442644333e-06, "prev_return": 0.0017378691047031905, "boundary_trend": 0}, "NVDA": {"p": 97.86771011293229, "d1_open": 97.6331941946038, "h1_open": 98.32781845318762, "m5_open": 97.11899512756206, "m1_open": 97.80966617597268, "reversion_strength": {"s1": 0.0011925680738830492, "m1": 0.020956231791063703, "m5": 0.022867711633453934, "h1": 0.013888096527728985, "d1": 0.05}, "garch_variance": 1.6454469714482017e-06, "prev_return": 0.0005932616203555177, "boundary_trend": 0}}