{"AAPL": {"p": 88.43784514631622, "d1_open": 87.95021220263737, "h1_open": 87.7884707899021, "m5_open": 88.14287779869251, "m1_open": 88.3812256223153, "reversion_strength": {"s1": 0.008338960049529932, "m1": 0.001351140996985631, "m5": 0.013839264509730786, "h1": 0.04009322855887123, "d1": 0.05}, "garch_variance": 1.0542013572325586e-06, "prev_return": 0.0006404232947268747, "boundary_trend": -1}, "GOOG": {"p": 167.54693943427856, "d1_open": 175.76656301755804, "h1_open": 168.02502312872693, "m5_open": 168.50412457987358, "m1_open": 167.58866619129276, "reversion_strength": {"s1": 0.0062823601171641975, "m1": 0.013292119646085305, "m5": 0.03312992683192555, "h1": 0.04623311401955329, "d1": 0.05}, "garch_variance": 1.2065784609958857e-06, "prev_return": -0.0002490141693653955, "boundary_trend": 0}, "AMZN": {"p": 177.0685692246828, "d1_open": 169.8941041712876, "h1_open": 175.70186627134336, "m5_open": 177.1833673883318, "m1_open": 176.99819040640443, "reversion_strength": {"s1": 0.002645480578274048, "m1": 0.009447304871809989, "m5": 0.011715152974709363, "h1": 0.04320287271163793, "d1": 0.05}, "garch_variance": 1.4612413122140198e-06, "prev_return": 0.00039754547576609743, "boundary_trend": 0}, "MSFT": {"p": 164.0483772828712, "d1_open": 164.41906387237157, "h1_open": 164.62216328017612, "m5_open": 164.59019132159446, "m1_open": 164.0483772828712, "reversion_strength": {"s1": 0.00502554902391116, "m1": 0.0038098335627198736, "m5": 0.0032918974962767448, "h1": 0.046518504108642444, "d1": 0.05}, "garch_variance": 1.3725879288282289e-06, "prev_return": 0.0, "boundary_trend": 1}, "NVDA": {"p": 97.97600502406479, "d1_open": 97.6331941946038, "h1_open": 98.33301575396666, "m5_open": 98.95919198823663, "m1_open": 98.05206592329897, "reversion_strength": {"s1": 0.0011925680738830492, "m1": 0.020956231791063703, "m5": 0.022867711633453934, "h1": 0.013888096527728985, "d1": 0.05}, "garch_variance": 1.3802759885418276e-06, "prev_return": -0.0007760205228122212, "boundary_trend": 1}}