{"AAPL": {"p": 87.84539363701079, "d1_open": 87.95021220263737, "h1_open": 87.95021220263737, "m5_open": 87.92120877263224, "m1_open": 87.93917621651875, "reversion_strength": {"s1": 0.008338960049529932, "m1": 0.001351140996985631, "m5": 0.013839264509730786, "h1": 0.04009322855887123, "d1": 0.05}, "garch_variance": 1.3956736736935348e-06, "prev_return": -0.001067017298320664, "boundary_trend": 0}, "GOOG": {"p": 174.71514523645413, "d1_open": 175.76656301755804, "h1_open": 175.76656301755804, "m5_open": 175.96515847975317, "m1_open": 174.76079650010973, "reversion_strength": {"s1": 0.0062823601171641975, "m1": 0.013292119646085305, "m5": 0.03312992683192555, "h1": 0.04623311401955329, "d1": 0.05}, "garch_variance": 1.8483087504487516e-06, "prev_return": -0.00026125554559449185, "boundary_trend": 0}, "AMZN": {"p": 169.96350088823888, "d1_open": 169.8941041712876, "h1_open": 169.8941041712876, "m5_open": 170.2593522688174, "m1_open": 169.85241537637273, "reversion_strength": {"s1": 0.002645480578274048, "m1": 0.009447304871809989, "m5": 0.011715152974709363, "h1": 0.04320287271163793, "d1": 0.05}, "garch_variance": 1.2022277886017526e-06, "prev_return": 0.0006537981919400893, "boundary_trend": 0}, "MSFT": {"p": 164.75370907043137, "d1_open": 164.41906387237157, "h1_open": 164.41906387237157, "m5_open": 164.46211409044528, "m1_open": 164.91996855283296, "reversion_strength": {"s1": 0.00502554902391116, "m1": 0.0038098335627198736, "m5": 0.0032918974962767448, "h1": 0.046518504108642444, "d1": 0.05}, "garch_variance": 1.645821757713107e-06, "prev_return": -0.0010086307023075341, "boundary_trend": 0}, "NVDA": {"p": 97.06296375665337, "d1_open": 97.6331941946038, "h1_open": 97.6331941946038, "m5_open": 98.20183275629712, "m1_open": 96.99115808360908, "reversion_strength": {"s1": 0.0011925680738830492, "m1": 0.020956231791063703, "m5": 0.022867711633453934, "h1": 0.013888096527728985, "d1": 0.05}, "garch_variance": 1.1689077598890759e-06, "prev_return": 0.0007400582439639726, "boundary_trend": 0}}