{"AAPL": {"p": 87.89788052482453, "d1_open": 87.95021220263737, "h1_open": 86.8359256319159, "m5_open": 87.61222977263225, "m1_open": 87.78359616907368, "reversion_strength": {"s1": 0.008338960049529932, "m1": 0.001351140996985631, "m5": 0.013839264509730786, "h1": 0.04009322855887123, "d1": 0.05}, "garch_variance": 1.1634978852466547e-06, "prev_return": 0.0013010406563328824, "boundary_trend": 0}, "GOOG": {"p": 181.276461791425, "d1_open": 175.76656301755804, "h1_open": 175.75153234700423, "m5_open": 180.33143310634733, "m1_open": 181.04069180029202, "reversion_strength": {"s1": 0.0062823601171641975, "m1": 0.013292119646085305, "m5": 0.03312992683192555, "h1": 0.04623311401955329, "d1": 0.05}, "garch_variance": 1.1802064882105525e-06, "prev_return": 0.0013014565944475202, "boundary_trend": 0}, "AMZN": {"p": 166.4911125191906, "d1_open": 169.8941041712876, "h1_open": 166.80472498164232, "m5_open": 167.07917642021076, "m1_open": 166.65606552146377, "reversion_strength": {"s1": 0.002645480578274048, "m1": 0.009447304871809989, "m5": 0.011715152974709363, "h1": 0.04320287271163793, "d1": 0.05}, "garch_variance": 1.2284887002498583e-06, "prev_return": -0.0009902711271530188, "boundary_trend": 0}, "MSFT": {"p": 164.1722958105241, "d1_open": 164.41906387237157, "h1_open": 164.04525621182805, "m5_open": 164.15673457973574, "m1_open": 164.10789286078804, "reversion_strength": {"s1": 0.00502554902391116, "m1": 0.0038098335627198736, "m5": 0.0032918974962767448, "h1": 0.046518504108642444, "d1": 0.05}, "garch_variance": 1.4682302460528602e-06, "prev_return": 0.00039236574599870214, "boundary_trend": 0}, "NVDA": {"p": 97.5345085188771, "d1_open": 97.6331941946038, "h1_open": 96.51017604046937, "m5_open": 97.81548468119334, "m1_open": 97.53568110040968, "reversion_strength": {"s1": 0.0011925680738830492, "m1": 0.020956231791063703, "m5": 0.022867711633453934, "h1": 0.013888096527728985, "d1": 0.05}, "garch_variance": 1.2433025756044916e-06, "prev_return": -1.2022149923357785e-05, "boundary_trend": 0}}