{"AAPL": {"p": 58.56801790457984, "d1_open": 58.881026803928506, "h1_open": 58.18002329517424, "m5_open": 58.33299485332588, "m1_open": 58.450950025630775, "band": {"m1": 0.0020028396270331088, "m5": 0.00501817581891891, "h1": 0.011214369879065737, "d1": 0.036638561734106456}, "garch_variance": 4.927583862540025e-06, "prev_return": 0.004005684610161727, "boundary_trend": -1, "trend_ou": -0.17959221478399512, "reversion_strength": {"s1": 0.008338960049529932, "m1": 0.001351140996985631, "m5": 0.013839264509730786, "h1": 0.04009322855887123, "d1": 0.05}}, "GOOG": {"p": 116.88775361734564, "d1_open": 119.02146768303125, "h1_open": 117.8132584785911, "m5_open": 117.30996457934323, "m1_open": 117.10158629393716, "band": {"m1": 0.0018260442352572843, "m5": 0.0046623819562114045, "h1": 0.010118808906211366, "d1": 0.03194232234430586}, "garch_variance": 4.015369785889227e-06, "prev_return": 0.0, "boundary_trend": 1, "trend_ou": -0.13778271279492013, "reversion_strength": {"s1": 0.0062823601171641975, "m1": 0.013292119646085305, "m5": 0.03312992683192555, "h1": 0.04623311401955329, "d1": 0.05}}, "AMZN": {"p": 155.8316152576379, "d1_open": 158.98498094367304, "h1_open": 156.39399479459698, "m5_open": 155.6921426442066, "m1_open": 155.52730173884783, "band": {"m1": 0.001956656583042041, "m5": 0.004925234235724209, "h1": 0.010928184022658428, "d1": 0.03541179542445764}, "garch_variance": 4.679395050489382e-06, "prev_return": 0.0018491117088385686, "boundary_trend": -1, "trend_ou": 0.10372213802655139, "reversion_strength": {"s1": 0.002645480578274048, "m1": 0.009447304871809989, "m5": 0.011715152974709363, "h1": 0.04320287271163793, "d1": 0.05}}, "MSFT": {"p": 132.67300009600453, "d1_open": 137.08846618531726, "h1_open": 133.29083440032448, "m5_open": 133.30866258964755, "m1_open": 132.66978284968772, "band": {"m1": 0.001878700673014339, "m5": 0.004768350993061389, "h1": 0.010445108916617254, "d1": 0.03334104226928457}, "garch_variance": 3.212990158950566e-06, "prev_return": -0.001852688385350605, "boundary_trend": 1, "trend_ou": -0.007155854242556521, "reversion_strength": {"s1": 0.00502554902391116, "m1": 0.0038098335627198736, "m5": 0.0032918974962767448, "h1": 0.046518504108642444, "d1": 0.05}}, "NVDA": {"p": 77.73335286764028, "d1_open": 77.58920212535816, "h1_open": 77.08644892077346, "m5_open": 77.34671697777846, "m1_open": 77.57792041708599, "band": {"m1": 0.00200356557276393, "m5": 0.005019636756520793, "h1": 0.011218868400226895, "d1": 0.03665784512662987}, "garch_variance": 4.321050209955419e-06, "prev_return": 0.0, "boundary_trend": -1, "trend_ou": 0.23728409891612984, "reversion_strength": {"s1": 0.0011925680738830492, "m1": 0.020956231791063703, "m5": 0.022867711633453934, "h1": 0.013888096527728985, "d1": 0.05}}}