{"AAPL": {"p": 90.15116348844862, "d1_open": 87.95021220263737, "h1_open": 89.92327454616381, "m5_open": 90.00702004038511, "m1_open": 90.06534928401915, "reversion_strength": {"s1": 0.008338960049529932, "m1": 0.001351140996985631, "m5": 0.013839264509730786, "h1": 0.04009322855887123, "d1": 0.05}, "garch_variance": 1.218503624875369e-06, "prev_return": 0.0009523457045656294, "boundary_trend": -1}, "GOOG": {"p": 179.17772816301485, "d1_open": 175.76656301755804, "h1_open": 183.39762262224193, "m5_open": 178.67111769756372, "m1_open": 179.41810431447666, "reversion_strength": {"s1": 0.0062823601171641975, "m1": 0.013292119646085305, "m5": 0.03312992683192555, "h1": 0.04623311401955329, "d1": 0.05}, "garch_variance": 3.0262464257535058e-06, "prev_return": -0.001340652432039716, "boundary_trend": 0}, "AMZN": {"p": 169.94592308285775, "d1_open": 169.8941041712876, "h1_open": 168.9436681978484, "m5_open": 169.91300244896334, "m1_open": 170.260560693119, "reversion_strength": {"s1": 0.002645480578274048, "m1": 0.009447304871809989, "m5": 0.011715152974709363, "h1": 0.04320287271163793, "d1": 0.05}, "garch_variance": 2.286186213892175e-06, "prev_return": -0.0018496866754327437, "boundary_trend": 0}, "MSFT": {"p": 162.97385554795548, "d1_open": 164.41906387237157, "h1_open": 162.58297699275926, "m5_open": 162.7130691563188, "m1_open": 162.87439237191637, "reversion_strength": {"s1": 0.00502554902391116, "m1": 0.0038098335627198736, "m5": 0.0032918974962767448, "h1": 0.046518504108642444, "d1": 0.05}, "garch_variance": 1.3127452221222415e-06, "prev_return": 0.0006104877332511076, "boundary_trend": -1}, "NVDA": {"p": 97.0210628284107, "d1_open": 97.6331941946038, "h1_open": 98.32781845318762, "m5_open": 97.44144163053703, "m1_open": 97.05441594049219, "reversion_strength": {"s1": 0.0011925680738830492, "m1": 0.020956231791063703, "m5": 0.022867711633453934, "h1": 0.013888096527728985, "d1": 0.05}, "garch_variance": 1.2894930110984276e-06, "prev_return": -0.0003437127927897906, "boundary_trend": 1}}