{"AAPL": {"p": 57.91000525386092, "d1_open": 58.881026803928506, "h1_open": 57.95099828715578, "m5_open": 57.911031559082915, "m1_open": 58.030782883515165, "band": {"m1": 0.002081268314037342, "m5": 0.005176010506893677, "h1": 0.011700374676877434, "d1": 0.03872187332667698}, "garch_variance": 7.221643157079802e-06, "prev_return": -0.0041625426383462664, "boundary_trend": 1, "trend_ou": -0.1760220206779967, "reversion_strength": {"s1": 0.008338960049529932, "m1": 0.001351140996985631, "m5": 0.013839264509730786, "h1": 0.04009322855887123, "d1": 0.05}}, "GOOG": {"p": 115.54333884614846, "d1_open": 119.02146768303125, "h1_open": 116.73471203161151, "m5_open": 115.93167374080431, "m1_open": 115.5448220230297, "band": {"m1": 0.0018400852123521645, "m5": 0.004690638877540607, "h1": 0.010205817658936087, "d1": 0.03231529467713609}, "garch_variance": 3.971785168938416e-06, "prev_return": 0.0, "boundary_trend": 1, "trend_ou": -0.09625181839859694, "reversion_strength": {"s1": 0.0062823601171641975, "m1": 0.013292119646085305, "m5": 0.03312992683192555, "h1": 0.04623311401955329, "d1": 0.05}}, "AMZN": {"p": 153.75552615118673, "d1_open": 158.98498094367304, "h1_open": 155.272478808972, "m5_open": 153.93296388649821, "m1_open": 153.43871478702573, "band": {"m1": 0.002064742034634094, "m5": 0.005142752011148942, "h1": 0.011597965069031754, "d1": 0.03828288357971122}, "garch_variance": 4.7521922399913635e-06, "prev_return": 0.0018480931716013847, "boundary_trend": -1, "trend_ou": 0.11609717298700216, "reversion_strength": {"s1": 0.002645480578274048, "m1": 0.009447304871809989, "m5": 0.011715152974709363, "h1": 0.04320287271163793, "d1": 0.05}}, "MSFT": {"p": 132.76634353837616, "d1_open": 137.08846618531726, "h1_open": 133.13886604045118, "m5_open": 133.28232573041242, "m1_open": 132.64872194371952, "band": {"m1": 0.001874708674103205, "m5": 0.004760317250223129, "h1": 0.010420371404135816, "d1": 0.03323500227388538}, "garch_variance": 4.348152814329743e-06, "prev_return": -0.000986631627159203, "boundary_trend": 0, "trend_ou": -0.01904866142630308, "reversion_strength": {"s1": 0.00502554902391116, "m1": 0.0038098335627198736, "m5": 0.0032918974962767448, "h1": 0.046518504108642444, "d1": 0.05}}, "NVDA": {"p": 77.61454324565173, "d1_open": 77.58920212535816, "h1_open": 77.04681052606045, "m5_open": 77.31842067613212, "m1_open": 77.46679255771296, "band": {"m1": 0.0019072777258551524, "m5": 0.0048258612025351855, "h1": 0.01062219443619511, "d1": 0.03410013830593701}, "garch_variance": 4.0310230800797845e-06, "prev_return": 0.0, "boundary_trend": -1, "trend_ou": 0.2451116882614609, "reversion_strength": {"s1": 0.0011925680738830492, "m1": 0.020956231791063703, "m5": 0.022867711633453934, "h1": 0.013888096527728985, "d1": 0.05}}}