{"AAPL": {"p": 83.50409740403565, "d1_open": 81.94143766685488, "h1_open": 83.16511765564458, "m5_open": 83.65827076873106, "m1_open": 83.65844777120302, "band": {"m1": 0.0018450063475896738, "m5": 0.0047005424711663935, "h1": 0.01023631281864698, "d1": 0.03244601544373974}, "garch_variance": 2.4679149405138264e-06, "prev_return": 0.0, "boundary_trend": 1, "trend_ou": -0.1416349967307238, "reversion_strength": {"s1": 0.008338960049529932, "m1": 0.001351140996985631, "m5": 0.013839264509730786, "h1": 0.04009322855887123, "d1": 0.05}}, "GOOG": {"p": 152.12070985565288, "d1_open": 151.7016903651911, "h1_open": 152.3937591816353, "m5_open": 151.85071396277704, "m1_open": 151.84328426173244, "band": {"m1": 0.002218010105319908, "m5": 0.005451198053499293, "h1": 0.012547732565466152, "d1": 0.042354163625664826}, "garch_variance": 4.685177034682781e-06, "prev_return": -0.00039016886488973176, "boundary_trend": -1, "trend_ou": -0.07495710562655705, "reversion_strength": {"s1": 0.0062823601171641975, "m1": 0.013292119646085305, "m5": 0.03312992683192555, "h1": 0.04623311401955329, "d1": 0.05}}, "AMZN": {"p": 169.9678702520369, "d1_open": 165.13593115049974, "h1_open": 168.6793807914225, "m5_open": 169.02915256973694, "m1_open": 169.78455480111938, "band": {"m1": 0.0022688863412090843, "m5": 0.005553584503198056, "h1": 0.012863001068372557, "d1": 0.04370559581282555}, "garch_variance": 5.866116596216665e-06, "prev_return": 0.0, "boundary_trend": -1, "trend_ou": 0.025386666067655793, "reversion_strength": {"s1": 0.002645480578274048, "m1": 0.009447304871809989, "m5": 0.011715152974709363, "h1": 0.04320287271163793, "d1": 0.05}}, "MSFT": {"p": 161.3247589834966, "d1_open": 158.81978513575737, "h1_open": 159.9210688610481, "m5_open": 161.42080634960723, "m1_open": 161.63401671009782, "band": {"m1": 0.0019133208027361766, "m5": 0.00483802266016449, "h1": 0.010659642013987204, "d1": 0.034260661356901166}, "garch_variance": 2.7219872643481923e-06, "prev_return": 0.0, "boundary_trend": 1, "trend_ou": 0.12189408181069435, "reversion_strength": {"s1": 0.00502554902391116, "m1": 0.0038098335627198736, "m5": 0.0032918974962767448, "h1": 0.046518504108642444, "d1": 0.05}}, "NVDA": {"p": 99.80477227516637, "d1_open": 100.31090827320226, "h1_open": 98.94100541546996, "m5_open": 99.48799657007388, "m1_open": 100.02052542951209, "band": {"m1": 0.0021570887917176703, "m5": 0.005328596274855427, "h1": 0.012170216992649282, "d1": 0.040735902709792104}, "garch_variance": 4.324128065619909e-06, "prev_return": -0.0021354483762738605, "boundary_trend": 1, "trend_ou": -0.08297594577201042, "reversion_strength": {"s1": 0.0011925680738830492, "m1": 0.020956231791063703, "m5": 0.022867711633453934, "h1": 0.013888096527728985, "d1": 0.05}}}