{"AAPL": {"p": 87.56300543167634, "d1_open": 87.95021220263737, "h1_open": 86.8359256319159, "m5_open": 87.56230731911634, "m1_open": 87.56230731911634, "reversion_strength": {"s1": 0.008338960049529932, "m1": 0.001351140996985631, "m5": 0.013839264509730786, "h1": 0.04009322855887123, "d1": 0.05}, "garch_variance": 1.2056113305416375e-06, "prev_return": 7.972720208607473e-06, "boundary_trend": -1}, "GOOG": {"p": 180.76347623096873, "d1_open": 175.76656301755804, "h1_open": 175.75153234700423, "m5_open": 180.89543682248697, "m1_open": 180.89543682248697, "reversion_strength": {"s1": 0.0062823601171641975, "m1": 0.013292119646085305, "m5": 0.03312992683192555, "h1": 0.04623311401955329, "d1": 0.05}, "garch_variance": 1.3816898208963074e-06, "prev_return": -0.0007297516671731862, "boundary_trend": 0}, "AMZN": {"p": 167.69824718188372, "d1_open": 169.8941041712876, "h1_open": 166.80472498164232, "m5_open": 167.56482888090423, "m1_open": 167.56482888090423, "reversion_strength": {"s1": 0.002645480578274048, "m1": 0.009447304871809989, "m5": 0.011715152974709363, "h1": 0.04320287271163793, "d1": 0.05}, "garch_variance": 1.2246147472708916e-06, "prev_return": 0.0007959021887482017, "boundary_trend": 0}, "MSFT": {"p": 164.02621479536103, "d1_open": 164.41906387237157, "h1_open": 164.04525621182805, "m5_open": 163.89600201768715, "m1_open": 163.89600201768715, "reversion_strength": {"s1": 0.00502554902391116, "m1": 0.0038098335627198736, "m5": 0.0032918974962767448, "h1": 0.046518504108642444, "d1": 0.05}, "garch_variance": 1.0836769210807645e-06, "prev_return": 0.0007941687256397387, "boundary_trend": 0}, "NVDA": {"p": 97.71471284454482, "d1_open": 97.6331941946038, "h1_open": 96.51017604046937, "m5_open": 97.65773651749099, "m1_open": 97.65773651749099, "reversion_strength": {"s1": 0.0011925680738830492, "m1": 0.020956231791063703, "m5": 0.022867711633453934, "h1": 0.013888096527728985, "d1": 0.05}, "garch_variance": 1.0880209054137605e-06, "prev_return": 0.0005832585797549116, "boundary_trend": 0}}