{"AAPL": {"p": 89.26855432207523, "d1_open": 87.95021220263737, "h1_open": 89.17288531883615, "m5_open": 89.17288531883615, "m1_open": 89.17288531883615, "reversion_strength": {"s1": 0.008338960049529932, "m1": 0.001351140996985631, "m5": 0.013839264509730786, "h1": 0.04009322855887123, "d1": 0.05}, "garch_variance": 1.4269287331898e-06, "prev_return": 0.0010722734875716793, "boundary_trend": 0}, "GOOG": {"p": 175.91318124838182, "d1_open": 175.76656301755804, "h1_open": 176.0396410021823, "m5_open": 176.0396410021823, "m1_open": 176.0396410021823, "reversion_strength": {"s1": 0.0062823601171641975, "m1": 0.013292119646085305, "m5": 0.03312992683192555, "h1": 0.04623311401955329, "d1": 0.05}, "garch_variance": 1.252387357189172e-06, "prev_return": -0.0007186176740049436, "boundary_trend": 0}, "AMZN": {"p": 162.48516149526625, "d1_open": 169.8941041712876, "h1_open": 162.3870609310141, "m5_open": 162.3870609310141, "m1_open": 162.3870609310141, "reversion_strength": {"s1": 0.002645480578274048, "m1": 0.009447304871809989, "m5": 0.011715152974709363, "h1": 0.04320287271163793, "d1": 0.05}, "garch_variance": 1.4318543812205452e-06, "prev_return": 0.0006039332418217375, "boundary_trend": 0}, "MSFT": {"p": 164.56030145274562, "d1_open": 164.41906387237157, "h1_open": 164.33550431317852, "m5_open": 164.33550431317852, "m1_open": 164.33550431317852, "reversion_strength": {"s1": 0.00502554902391116, "m1": 0.0038098335627198736, "m5": 0.0032918974962767448, "h1": 0.046518504108642444, "d1": 0.05}, "garch_variance": 1.1313366952654367e-06, "prev_return": 0.0013669810963319944, "boundary_trend": 0}, "NVDA": {"p": 97.93265328730406, "d1_open": 97.6331941946038, "h1_open": 98.01165686841159, "m5_open": 98.01165686841159, "m1_open": 98.01165686841159, "reversion_strength": {"s1": 0.0011925680738830492, "m1": 0.020956231791063703, "m5": 0.022867711633453934, "h1": 0.013888096527728985, "d1": 0.05}, "garch_variance": 1.087999389067492e-06, "prev_return": -0.0008063881551428987, "boundary_trend": 0}}