{"AAPL": {"p": 83.80997026137925, "d1_open": 81.94143766685488, "h1_open": 83.16511765564458, "m5_open": 83.50409740403565, "m1_open": 83.65745112421698, "band": {"m1": 0.0018231387056701844, "m5": 0.004656534690710752, "h1": 0.010100803997886966, "d1": 0.03186514237735021}, "garch_variance": 2.099153329933907e-06, "prev_return": 0.0036462814512228975, "boundary_trend": -1, "trend_ou": -0.14189939149057182, "reversion_strength": {"s1": 0.008338960049529932, "m1": 0.001351140996985631, "m5": 0.013839264509730786, "h1": 0.04009322855887123, "d1": 0.05}}, "GOOG": {"p": 152.12466113055032, "d1_open": 151.7016903651911, "h1_open": 152.3937591816353, "m5_open": 152.12070985565288, "m1_open": 152.45441338234392, "band": {"m1": 0.0021629564174478243, "m5": 0.005340404643854661, "h1": 0.012206577339424743, "d1": 0.04089176522861553}, "garch_variance": 3.8322767677328044e-06, "prev_return": -0.004325919581003414, "boundary_trend": 1, "trend_ou": -0.07622086222535374, "reversion_strength": {"s1": 0.0062823601171641975, "m1": 0.013292119646085305, "m5": 0.03312992683192555, "h1": 0.04623311401955329, "d1": 0.05}}, "AMZN": {"p": 170.73402608099056, "d1_open": 165.13593115049974, "h1_open": 168.6793807914225, "m5_open": 169.9678702520369, "m1_open": 170.35188655881475, "band": {"m1": 0.00224323622059721, "m5": 0.005501964631210757, "h1": 0.012704053084439754, "d1": 0.043024248264336484}, "garch_variance": 4.922675455300386e-06, "prev_return": 0.0020330324580382095, "boundary_trend": -1, "trend_ou": 0.02459265144687912, "reversion_strength": {"s1": 0.002645480578274048, "m1": 0.009447304871809989, "m5": 0.011715152974709363, "h1": 0.04320287271163793, "d1": 0.05}}, "MSFT": {"p": 161.59283143815713, "d1_open": 158.81978513575737, "h1_open": 159.9210688610481, "m5_open": 161.3247589834966, "m1_open": 161.61142433905982, "band": {"m1": 0.0018800827136110693, "m5": 0.004771132296111148, "h1": 0.010453673108961127, "d1": 0.03337775359656226}, "garch_variance": 2.2959069375112403e-06, "prev_return": 0.0017667987224395606, "boundary_trend": -1, "trend_ou": 0.1266330044629996, "reversion_strength": {"s1": 0.00502554902391116, "m1": 0.0038098335627198736, "m5": 0.0032918974962767448, "h1": 0.046518504108642444, "d1": 0.05}}, "NVDA": {"p": 99.80601769144263, "d1_open": 100.31090827320226, "h1_open": 98.94100541546996, "m5_open": 99.80477227516637, "m1_open": 100.01938572612853, "band": {"m1": 0.002133266797600021, "m5": 0.005280655436469429, "h1": 0.012022597494263512, "d1": 0.040103115927313304}, "garch_variance": 4.018155533488416e-06, "prev_return": 0.0, "boundary_trend": 1, "trend_ou": -0.08526281591882645, "reversion_strength": {"s1": 0.0011925680738830492, "m1": 0.020956231791063703, "m5": 0.022867711633453934, "h1": 0.013888096527728985, "d1": 0.05}}}