{"AAPL": {"p": 57.78962783651585, "d1_open": 58.881026803928506, "h1_open": 57.95099828715578, "m5_open": 57.78763003756043, "m1_open": 57.66228874710422, "band": {"m1": 0.0022083599555006374, "m5": 0.0054317775016092425, "h1": 0.012487932774204649, "d1": 0.042097825418862464}, "garch_variance": 9.918110469526995e-06, "prev_return": 0.0, "boundary_trend": -1, "trend_ou": -0.18665889306522598, "reversion_strength": {"s1": 0.008338960049529932, "m1": 0.001351140996985631, "m5": 0.013839264509730786, "h1": 0.04009322855887123, "d1": 0.05}}, "GOOG": {"p": 115.57986502778526, "d1_open": 119.02146768303125, "h1_open": 116.73471203161151, "m5_open": 115.7476917120329, "m1_open": 115.69154148253229, "band": {"m1": 0.0017895913437055327, "m5": 0.004589021927073875, "h1": 0.009892918599169704, "d1": 0.03097401936164364}, "garch_variance": 3.0596838131971797e-06, "prev_return": -0.0024925214653324147, "boundary_trend": 1, "trend_ou": -0.09318249003581663, "reversion_strength": {"s1": 0.0062823601171641975, "m1": 0.013292119646085305, "m5": 0.03312992683192555, "h1": 0.04623311401955329, "d1": 0.05}}, "AMZN": {"p": 154.3066639740867, "d1_open": 158.98498094367304, "h1_open": 155.272478808972, "m5_open": 154.0679183593806, "m1_open": 154.08948685476153, "band": {"m1": 0.0019104190856332928, "m5": 0.0048321830671403205, "h1": 0.010641660730763404, "d1": 0.03418358266146831}, "garch_variance": 3.5598595595788347e-06, "prev_return": 0.0007123017550783034, "boundary_trend": 0, "trend_ou": 0.11088780027835989, "reversion_strength": {"s1": 0.002645480578274048, "m1": 0.009447304871809989, "m5": 0.011715152974709363, "h1": 0.04320287271163793, "d1": 0.05}}, "MSFT": {"p": 133.09232726407012, "d1_open": 137.08846618531726, "h1_open": 133.13886604045118, "m5_open": 132.8288239311095, "m1_open": 133.3367659150851, "band": {"m1": 0.001833242686946832, "m5": 0.004676868560790924, "h1": 0.010163416079830722, "d1": 0.03213353576921739}, "garch_variance": 3.850368252209232e-06, "prev_return": -0.0007342896445141719, "boundary_trend": 1, "trend_ou": -0.01701555340379662, "reversion_strength": {"s1": 0.00502554902391116, "m1": 0.0038098335627198736, "m5": 0.0032918974962767448, "h1": 0.046518504108642444, "d1": 0.05}}, "NVDA": {"p": 77.5229064681602, "d1_open": 77.58920212535816, "h1_open": 77.04681052606045, "m5_open": 77.46800173134834, "m1_open": 77.56266724503276, "band": {"m1": 0.0018035196904074061, "m5": 0.0046170521841094915, "h1": 0.009979229406876199, "d1": 0.031343999878438326}, "garch_variance": 2.845382833415615e-06, "prev_return": 0.0012923887850978734, "boundary_trend": 1, "trend_ou": 0.2434680983065478, "reversion_strength": {"s1": 0.0011925680738830492, "m1": 0.020956231791063703, "m5": 0.022867711633453934, "h1": 0.013888096527728985, "d1": 0.05}}}