{"AAPL": {"p": 58.030782883515165, "d1_open": 58.881026803928506, "h1_open": 57.95099828715578, "m5_open": 57.911031559082915, "m1_open": 57.911160214429074, "band": {"m1": 0.0020656237699806903, "m5": 0.005144526469304781, "h1": 0.011603428983132762, "d1": 0.03830630523241648}, "garch_variance": 6.9290998522598944e-06, "prev_return": 0.004131253415714362, "boundary_trend": -1, "trend_ou": -0.17574964623583028, "reversion_strength": {"s1": 0.008338960049529932, "m1": 0.001351140996985631, "m5": 0.013839264509730786, "h1": 0.04009322855887123, "d1": 0.05}}, "GOOG": {"p": 115.5448220230297, "d1_open": 119.02146768303125, "h1_open": 116.73471203161151, "m5_open": 115.93167374080431, "m1_open": 115.68410237210647, "band": {"m1": 0.001838034865579941, "m5": 0.004686512634256482, "h1": 0.010193112124691652, "d1": 0.03226083104447153}, "garch_variance": 4.359676361198782e-06, "prev_return": -0.0005421405958750321, "boundary_trend": 1, "trend_ou": -0.09811796692571191, "reversion_strength": {"s1": 0.0062823601171641975, "m1": 0.013292119646085305, "m5": 0.03312992683192555, "h1": 0.04623311401955329, "d1": 0.05}}, "AMZN": {"p": 153.43871478702573, "d1_open": 158.98498094367304, "h1_open": 155.272478808972, "m5_open": 153.93296388649821, "m1_open": 153.4825166350694, "band": {"m1": 0.0020989549163638152, "m5": 0.005211604107477378, "h1": 0.011809974542895714, "d1": 0.039191684885015815}, "garch_variance": 5.286582090899277e-06, "prev_return": 0.0, "boundary_trend": 1, "trend_ou": 0.11659801947848188, "reversion_strength": {"s1": 0.002645480578274048, "m1": 0.009447304871809989, "m5": 0.011715152974709363, "h1": 0.04320287271163793, "d1": 0.05}}, "MSFT": {"p": 132.64872194371952, "d1_open": 137.08846618531726, "h1_open": 133.13886604045118, "m5_open": 133.28232573041242, "m1_open": 132.78642146793456, "band": {"m1": 0.0018714935897409077, "m5": 0.004753847017754385, "h1": 0.010400448255028888, "d1": 0.033149599562468005}, "garch_variance": 4.827446379920162e-06, "prev_return": 0.0, "boundary_trend": 1, "trend_ou": -0.020131586448903366, "reversion_strength": {"s1": 0.00502554902391116, "m1": 0.0038098335627198736, "m5": 0.0032918974962767448, "h1": 0.046518504108642444, "d1": 0.05}}, "NVDA": {"p": 77.46679255771296, "d1_open": 77.58920212535816, "h1_open": 77.04681052606045, "m5_open": 77.31842067613212, "m1_open": 77.31830662579088, "band": {"m1": 0.0019204498701805082, "m5": 0.004852369631644026, "h1": 0.01070381922916462, "d1": 0.034450031718924336}, "garch_variance": 4.466661795615923e-06, "prev_return": 7.753493167296976e-05, "boundary_trend": -1, "trend_ou": 0.24490286520975904, "reversion_strength": {"s1": 0.0011925680738830492, "m1": 0.020956231791063703, "m5": 0.022867711633453934, "h1": 0.013888096527728985, "d1": 0.05}}}