{"AAPL": {"p": 88.34759448804834, "d1_open": 87.95021220263737, "h1_open": 87.7884707899021, "m5_open": 88.46661349560333, "m1_open": 88.44437122057768, "reversion_strength": {"s1": 0.008338960049529932, "m1": 0.001351140996985631, "m5": 0.013839264509730786, "h1": 0.04009322855887123, "d1": 0.05}, "garch_variance": 1.0794434275908407e-06, "prev_return": -0.0010948092783274238, "boundary_trend": 1}, "GOOG": {"p": 172.52294073842475, "d1_open": 175.76656301755804, "h1_open": 168.02502312872693, "m5_open": 175.59437250170546, "m1_open": 172.73743429597943, "reversion_strength": {"s1": 0.0062823601171641975, "m1": 0.013292119646085305, "m5": 0.03312992683192555, "h1": 0.04623311401955329, "d1": 0.05}, "garch_variance": 1.1938609209266128e-06, "prev_return": -0.0012425033433283708, "boundary_trend": 0}, "AMZN": {"p": 176.5111754897579, "d1_open": 169.8941041712876, "h1_open": 175.70186627134336, "m5_open": 175.946406252449, "m1_open": 176.3715828250045, "reversion_strength": {"s1": 0.002645480578274048, "m1": 0.009447304871809989, "m5": 0.011715152974709363, "h1": 0.04320287271163793, "d1": 0.05}, "garch_variance": 2.2359872531227203e-06, "prev_return": 0.0007911560921893058, "boundary_trend": 0}, "MSFT": {"p": 165.26400861414598, "d1_open": 164.41906387237157, "h1_open": 164.62216328017612, "m5_open": 164.94469833344715, "m1_open": 165.40577079979678, "reversion_strength": {"s1": 0.00502554902391116, "m1": 0.0038098335627198736, "m5": 0.0032918974962767448, "h1": 0.046518504108642444, "d1": 0.05}, "garch_variance": 9.625539031778099e-07, "prev_return": -0.0008574245556220786, "boundary_trend": -1}, "NVDA": {"p": 97.61413059802659, "d1_open": 97.6331941946038, "h1_open": 98.33301575396666, "m5_open": 97.58525655269067, "m1_open": 97.61359716842024, "reversion_strength": {"s1": 0.0011925680738830492, "m1": 0.020956231791063703, "m5": 0.022867711633453934, "h1": 0.013888096527728985, "d1": 0.05}, "garch_variance": 1.3780511071303643e-06, "prev_return": 5.4646910298487735e-06, "boundary_trend": 0}}}