{"AAPL": {"p": 57.406262521739706, "d1_open": 58.881026803928506, "h1_open": 57.95099828715578, "m5_open": 57.6615337301786, "m1_open": 57.534177859152656, "band": {"m1": 0.0022232930437642673, "m5": 0.005461829762033576, "h1": 0.012580469737648623, "d1": 0.04249449501873503}, "garch_variance": 9.36593032282327e-06, "prev_return": -0.004446593414089355, "boundary_trend": 1, "trend_ou": -0.18621034582367607, "reversion_strength": {"s1": 0.008338960049529932, "m1": 0.001351140996985631, "m5": 0.013839264509730786, "h1": 0.04009322855887123, "d1": 0.05}}, "GOOG": {"p": 115.62752231929453, "d1_open": 119.02146768303125, "h1_open": 116.73471203161151, "m5_open": 115.57967153985398, "m1_open": 115.58510906681012, "band": {"m1": 0.0017777738555199226, "m5": 0.004565239690858182, "h1": 0.00981968830327071, "d1": 0.030660109858978907}, "garch_variance": 3.2885496324797137e-06, "prev_return": -0.0014093188779992145, "boundary_trend": 0, "trend_ou": -0.09188236088081263, "reversion_strength": {"s1": 0.0062823601171641975, "m1": 0.013292119646085305, "m5": 0.03312992683192555, "h1": 0.04623311401955329, "d1": 0.05}}, "AMZN": {"p": 154.5913702121737, "d1_open": 158.98498094367304, "h1_open": 155.272478808972, "m5_open": 154.59679921139377, "m1_open": 154.31096810045258, "band": {"m1": 0.0018171236638123594, "m5": 0.0046444296524773086, "h1": 0.01006353014677961, "d1": 0.03170536402441759}, "garch_variance": 2.7149592295772323e-06, "prev_return": 0.0, "boundary_trend": -1, "trend_ou": 0.10771482163595855, "reversion_strength": {"s1": 0.002645480578274048, "m1": 0.009447304871809989, "m5": 0.011715152974709363, "h1": 0.04320287271163793, "d1": 0.05}}, "MSFT": {"p": 133.28690147740065, "d1_open": 137.08846618531726, "h1_open": 133.13886604045118, "m5_open": 133.28519796425596, "m1_open": 133.0437670615134, "band": {"m1": 0.0018274769367800018, "m5": 0.004665265212408043, "h1": 0.01012768703283148, "d1": 0.03198037938446528}, "garch_variance": 4.534432667536552e-06, "prev_return": 0.003654957942350702, "boundary_trend": -1, "trend_ou": -0.021784071516134044, "reversion_strength": {"s1": 0.00502554902391116, "m1": 0.0038098335627198736, "m5": 0.0032918974962767448, "h1": 0.046518504108642444, "d1": 0.05}}, "NVDA": {"p": 77.52496048463976, "d1_open": 77.58920212535816, "h1_open": 77.04681052606045, "m5_open": 77.66098322823717, "m1_open": 77.57288544442119, "band": {"m1": 0.0017328252255053174, "m5": 0.004474782317870852, "h1": 0.009541151830500463, "d1": 0.02946613345115589}, "garch_variance": 2.305426022227285e-06, "prev_return": -0.0007760645535554029, "boundary_trend": 0, "trend_ou": 0.2423496155425819, "reversion_strength": {"s1": 0.0011925680738830492, "m1": 0.020956231791063703, "m5": 0.022867711633453934, "h1": 0.013888096527728985, "d1": 0.05}}}