{"AAPL": {"p": 90.09532832998738, "d1_open": 87.95021220263737, "h1_open": 89.92327454616381, "m5_open": 89.92327454616381, "m1_open": 89.9832440009971, "reversion_strength": {"s1": 0.008338960049529932, "m1": 0.001351140996985631, "m5": 0.013839264509730786, "h1": 0.04009322855887123, "d1": 0.05}, "garch_variance": 1.2794516642923405e-06, "prev_return": 0.0012448382060503392, "boundary_trend": 0}, "GOOG": {"p": 181.80893411396636, "d1_open": 175.76656301755804, "h1_open": 183.39762262224193, "m5_open": 183.39762262224193, "m1_open": 181.49331780991085, "reversion_strength": {"s1": 0.0062823601171641975, "m1": 0.013292119646085305, "m5": 0.03312992683192555, "h1": 0.04623311401955329, "d1": 0.05}, "garch_variance": 1.5114708684460186e-06, "prev_return": 0.001737486524150325, "boundary_trend": 0}, "AMZN": {"p": 167.5107378548522, "d1_open": 169.8941041712876, "h1_open": 168.9436681978484, "m5_open": 168.9436681978484, "m1_open": 167.68048229781166, "reversion_strength": {"s1": 0.002645480578274048, "m1": 0.009447304871809989, "m5": 0.011715152974709363, "h1": 0.04320287271163793, "d1": 0.05}, "garch_variance": 1.6503380180818502e-06, "prev_return": -0.0010128216209993677, "boundary_trend": 0}, "MSFT": {"p": 162.66078466616824, "d1_open": 164.41906387237157, "h1_open": 162.58297699275926, "m5_open": 162.58297699275926, "m1_open": 162.83743695491364, "reversion_strength": {"s1": 0.00502554902391116, "m1": 0.0038098335627198736, "m5": 0.0032918974962767448, "h1": 0.046518504108642444, "d1": 0.05}, "garch_variance": 1.7855328390951446e-06, "prev_return": -0.0010854271658334933, "boundary_trend": 0}, "NVDA": {"p": 97.11230006891819, "d1_open": 97.6331941946038, "h1_open": 98.32781845318762, "m5_open": 98.32781845318762, "m1_open": 97.1141151611703, "reversion_strength": {"s1": 0.0011925680738830492, "m1": 0.020956231791063703, "m5": 0.022867711633453934, "h1": 0.013888096527728985, "d1": 0.05}, "garch_variance": 1.4336464007847945e-06, "prev_return": -1.8690477811832888e-05, "boundary_trend": 0}}