{"AAPL": {"p": 58.01334867857329, "d1_open": 58.881026803928506, "h1_open": 57.935104588267784, "m5_open": 57.935104588267784, "m1_open": 57.91586186624508, "band": {"m1": 0.0016832489267507925, "m5": 0.004375011941191692, "h1": 0.009233938743391856, "d1": 0.028149231666143637}, "garch_variance": 2.4941783666116966e-06, "prev_return": 0.0, "boundary_trend": -1, "trend_ou": -0.18027692919412208, "reversion_strength": {"s1": 0.008338960049529932, "m1": 0.001351140996985631, "m5": 0.013839264509730786, "h1": 0.04009322855887123, "d1": 0.05}}, "GOOG": {"p": 116.20974983531566, "d1_open": 119.02146768303125, "h1_open": 116.09550753836272, "m5_open": 116.09550753836272, "m1_open": 116.0292185596544, "band": {"m1": 0.0015559121909319354, "m5": 0.004118751703600185, "h1": 0.008444861851892903, "d1": 0.024766769100154275}, "garch_variance": 1.6400903885100295e-06, "prev_return": 0.0, "boundary_trend": -1, "trend_ou": -0.1204657188325096, "reversion_strength": {"s1": 0.0062823601171641975, "m1": 0.013292119646085305, "m5": 0.03312992683192555, "h1": 0.04623311401955329, "d1": 0.05}}, "AMZN": {"p": 156.18107504604188, "d1_open": 158.98498094367304, "h1_open": 156.28356493298796, "m5_open": 156.28356493298796, "m1_open": 155.8818327195107, "band": {"m1": 0.0019196741615788225, "m5": 0.004850808548196335, "h1": 0.010699012338771277, "d1": 0.03442942646867628}, "garch_variance": 6.644390692063131e-06, "prev_return": 0.0036769612627225545, "boundary_trend": -1, "trend_ou": 0.06642683175327507, "reversion_strength": {"s1": 0.002645480578274048, "m1": 0.009447304871809989, "m5": 0.011715152974709363, "h1": 0.04320287271163793, "d1": 0.05}}, "MSFT": {"p": 133.7105791460566, "d1_open": 137.08846618531726, "h1_open": 133.73171007353216, "m5_open": 133.73171007353216, "m1_open": 133.6074450332461, "band": {"m1": 0.0017430283904382223, "m5": 0.004495315791208908, "h1": 0.00960437853108246, "d1": 0.029737161471610728}, "garch_variance": 4.8421545647196256e-06, "prev_return": 0.0015845158024475436, "boundary_trend": 0, "trend_ou": -0.037996383739899324, "reversion_strength": {"s1": 0.00502554902391116, "m1": 0.0038098335627198736, "m5": 0.0032918974962767448, "h1": 0.046518504108642444, "d1": 0.05}}, "NVDA": {"p": 77.45448227570914, "d1_open": 77.58920212535816, "h1_open": 77.45406808949511, "m5_open": 77.45406808949511, "m1_open": 77.33504397826101, "band": {"m1": 0.0015444265795169177, "m5": 0.004095637356501771, "h1": 0.008373688121122705, "d1": 0.024461675284069156}, "garch_variance": 2.4981183236143106e-06, "prev_return": 0.00308885561493645, "boundary_trend": -1, "trend_ou": 0.2334414959323397, "reversion_strength": {"s1": 0.0011925680738830492, "m1": 0.020956231791063703, "m5": 0.022867711633453934, "h1": 0.013888096527728985, "d1": 0.05}}}